#
# Wavefront OBJ file
# Created in RealityCapture
# Engine version v1.4.0.117414
# 1078 vertices, 2152 faces
#
mtllib eagle_lp.mtl

g default
usemtl eagle_lp
v -1.857740044593811 6.433440208435059 -4.908490180969238
v -2.7656800746917726 6.525690078735352 -4.000420093536377
v -2.8533198833465578 7.078790187835693 -4.948390007019043
v -2.011970043182373 5.851089954376221 -4.043610095977783
v -3.5353400707244875 7.233029842376709 -3.955670118331909
v -1.9421499967575074 7.059490203857422 -5.840670108795166
v -1.2541500329971314 5.770909786224365 -4.761879920959473
v -2.662790060043335 5.964230060577393 -3.0353000164031984
v -3.5619900226593019 6.496140003204346 -3.235949993133545
v -3.3709399700164797 8.012129783630371 -4.579549789428711
v -2.6611199378967287 7.9781599044799809 -5.543360233306885
v -1.08433997631073 7.379189968109131 -5.136829853057861
v -0.7330300211906433 6.57220983505249 -5.080770015716553
v -1.801419973373413 4.977280139923096 -4.4085001945495609
v -2.3418400287628176 5.036349773406982 -3.513200044631958
v -4.493740081787109 7.007760047912598 -3.5195200443267824
v -4.330410003662109 7.8256402015686039 -4.1102399826049809
v -1.5490399599075318 8.09296989440918 -6.195740222930908
v -0.4802429974079132 5.725279808044434 -5.352660179138184
v -1.0665700435638428 4.909470081329346 -5.107419967651367
v -2.6260499954223635 5.079800128936768 -2.448889970779419
v -3.657140016555786 5.542610168457031 -2.8320999145507814
v -4.796889781951904 6.063360214233398 -3.1892600059509279
v -3.1623899936676027 8.85908031463623 -5.071899890899658
v -4.059730052947998 8.754770278930664 -4.417180061340332
v -2.3349099159240724 8.955619812011719 -5.844180107116699
v -0.8675780296325684 8.683369636535645 -5.510960102081299
v -0.11020500212907791 7.5124897956848148 -5.262020111083984
v 0.20268499851226808 6.5218000411987309 -5.29164981842041
v -2.206120014190674 4.1705498695373539 -3.9725100994110109
v -1.5294599533081055 4.1222100257873539 -4.72769021987915
v -2.3763699531555177 4.162330150604248 -2.905679941177368
v -4.814620018005371 7.762899875640869 -3.059950113296509
v -5.152989864349365 6.834499835968018 -2.726720094680786
v -4.748899936676025 8.655590057373047 -3.542330026626587
v -1.240190029144287 9.185219764709473 -6.288990020751953
v -0.6116849780082703 8.277799606323243 -4.920660018920898
v -0.22225500643253327 4.776370048522949 -5.564939975738525
v 0.4912019968032837 5.540440082550049 -5.371119976043701
v -0.823261022567749 3.973210096359253 -5.387740135192871
v -2.65228009223938 4.163320064544678 -1.9224799871444703
v -3.692840099334717 4.6840500831604 -2.352679967880249
v -5.223629951477051 5.094890117645264 -2.8472900390625
v -5.564990043640137 5.909430027008057 -2.440049886703491
v -3.8184800148010256 9.691160202026368 -4.719359874725342
v -2.9775500297546388 9.806520462036133 -5.412380218505859
v -4.574749946594238 9.577949523925782 -3.922499895095825
v -2.0592200756073 9.965620040893555 -5.96599006652832
v -0.17983800172805787 9.29166030883789 -4.773890018463135
v -0.6401609778404236 9.751810073852539 -5.515379905700684
v 0.5938310027122498 8.443610191345215 -4.991380214691162
v 0.8536990284919739 7.301889896392822 -5.056029796600342
v 1.084779977798462 6.255919933319092 -4.9657301902771
v -1.9504300355911255 3.4320099353790285 -4.316189765930176
v -2.4742801189422609 3.3793399333953859 -3.4691998958587648
v -1.2335400581359864 3.2004199028015138 -4.939390182495117
v -3.0864500999450685 3.538870096206665 -2.721369981765747
v -5.448349952697754 7.644589900970459 -2.2098000049591066
v -5.272749900817871 8.53993034362793 -2.5939900875091554
v -5.877900123596191 6.725550174713135 -1.985509991645813
v -5.2485198974609379 9.441180229187012 -3.057460069656372
v -1.0106500387191773 10.211000442504883 -6.349430084228516
v 0.08863379806280136 3.7627499103546144 -5.688240051269531
v 0.7008870244026184 4.488840103149414 -5.4299798011779789
v 1.3306399583816529 5.252389907836914 -4.9009599685668949
v -0.5063959956169128 3.018749952316284 -5.599120140075684
v -3.768310070037842 3.805039882659912 -2.002959966659546
v -4.679470062255859 4.367350101470947 -2.274049997329712
v -6.015429973602295 4.98613977432251 -2.1375699043273927
v -6.204400062561035 5.792910099029541 -1.6600699424743653
v -3.5891499519348146 10.639900207519532 -5.018040180206299
v -4.317309856414795 10.519200325012207 -4.220709800720215
v -2.7652900218963625 10.782299995422364 -5.684510231018066
v -4.947390079498291 10.394499778747559 -3.340480089187622
v -1.7916300296783448 10.976400375366211 -6.077640056610107
v 0.0966688022017479 10.3125 -5.099110126495361
v 0.7966750264167786 9.472640037536621 -5.354060173034668
v -0.27600398659706118 10.743599891662598 -5.728519916534424
v 1.4959499835968018 7.906400203704834 -4.702340126037598
v 1.5438599586486817 6.88946008682251 -4.408979892730713
v 1.4564000368118287 5.87608003616333 -4.143489837646484
v -2.7229299545288088 2.61503005027771 -4.174930095672607
v -2.1903200149536135 2.6416900157928469 -5.076990127563477
v -3.3266100883483888 2.741719961166382 -3.4027600288391115
v -1.3717999458312989 2.494839906692505 -5.728789806365967
v -4.069550037384033 3.1050100326538088 -2.804960012435913
v -5.749790191650391 4.121129989624023 -2.460129976272583
v -5.958889961242676 7.476880073547363 -1.334820032119751
v -5.555610179901123 8.413169860839844 -1.5331799983978272
v -5.701230049133301 9.297969818115235 -2.066920042037964
v -6.385049819946289 6.5812602043151859 -1.0952999591827393
v -5.501389980316162 10.263699531555176 -2.4052999019622804
v -0.7859600186347961 11.215299606323243 -6.436450004577637
v 1.6503700017929078 8.868820190429688 -5.015089988708496
v 0.18624499440193177 3.052910089492798 -6.324860095977783
v 0.8065080046653748 3.7662599086761476 -6.176119804382324
v 1.5346499681472779 4.352719783782959 -4.829020023345947
v 1.3278299570083619 4.870950222015381 -3.9913599491119386
v -0.49849000573158266 2.316659927368164 -6.3200201988220219
v -4.732619762420654 3.3115100860595705 -1.8585200309753419
v -6.3467302322387699 4.067689895629883 -1.7249399423599244
v -6.562180042266846 4.891540050506592 -1.3103300333023072
v -6.703420162200928 5.700019836425781 -0.7207249999046326
v -4.0210700035095219 11.463500022888184 -4.464839935302734
v -3.285020112991333 11.62030029296875 -5.215889930725098
v -4.646639823913574 11.34119987487793 -3.6035099029541017
v -2.478219985961914 11.786399841308594 -5.842100143432617
v -5.204559803009033 11.21969985961914 -2.6728200912475588
v -1.5612900257110596 11.97029972076416 -6.358270168304443
v 0.5229049921035767 11.255000114440918 -5.464200019836426
v 1.1684099435806275 10.428600311279297 -5.733290195465088
v 1.8888499736785889 9.87263011932373 -5.223010063171387
v -0.10897199809551239 11.775199890136719 -5.814889907836914
v 2.2743899822235109 8.406450271606446 -4.33420991897583
v 1.9709999561309815 7.510089874267578 -3.9529500007629396
v 1.6070300340652466 6.500649929046631 -3.32453989982605
v 1.6162999868392945 4.038070201873779 -5.483349800109863
v 1.0817899703979493 5.558720111846924 -3.1328001022338869
v -2.6999199390411379 1.5813900232315064 -4.694980144500732
v -3.5408899784088136 1.652359962463379 -4.0012898445129398
v -1.9012199640274048 1.546339988708496 -5.425079822540283
v -4.225009918212891 2.2102301120758058 -3.4597599506378176
v -1.0586999654769898 1.4924399852752686 -6.129389762878418
v -4.600719928741455 2.3160901069641115 -2.4145801067352297
v -6.126200199127197 3.2030599117279054 -2.071470022201538
v -6.3558502197265629 8.278949737548829 -0.8169940114021301
v -6.800449848175049 7.391469955444336 -0.6645690202713013
v -6.154910087585449 9.159449577331543 -1.0997799634933472
v -5.920249938964844 10.125399589538575 -1.4126399755477906
v -7.1522698402404789 6.4936699867248539 -0.3620299994945526
v -5.64355993270874 11.091899871826172 -1.6826599836349488
v -0.4301530122756958 12.022899627685547 -6.91949987411499
v 2.547149896621704 9.340499877929688 -4.626220226287842
v 0.7729550004005432 3.258729934692383 -7.1045098304748539
v 0.2921769917011261 2.3560500144958498 -7.0165300369262699
v 1.7326200008392335 3.5226900577545168 -6.2276201248168949
v 1.4462499618530274 3.866039991378784 -3.984250068664551
v 1.8604700565338135 3.493149995803833 -4.871129989624023
v 0.9411119818687439 4.432849884033203 -3.0805599689483644
v -0.09057430177927017 1.466230034828186 -6.689000129699707
v -5.405600070953369 2.459019899368286 -1.6342699527740479
v -6.8431901931762699 4.01708984375 -0.8937150239944458
v -6.682449817657471 3.172300100326538 -1.2958999872207642
v -7.0117998123168949 4.835939884185791 -0.34157299995422366
v -7.445030212402344 5.5725297927856449 -0.047472599893808368
v -3.8965699672698976 12.38860034942627 -4.839960098266602
v -4.452169895172119 12.272100448608399 -3.9151599407196047
v -3.2657198905944826 12.486300468444825 -5.735779762268066
v -4.880839824676514 12.159899711608887 -2.943190097808838
v -2.3551299571990969 12.705100059509278 -6.27731990814209
v -5.301109790802002 12.013099670410157 -1.932420015335083
v -1.4217100143432618 12.866100311279297 -6.840089797973633
v 1.4948999881744385 11.429800033569336 -5.899519920349121
v 0.7442160248756409 12.008199691772461 -6.190229892730713
v 2.182569980621338 10.828499794006348 -5.464580059051514
v 2.822309970855713 10.308799743652344 -4.866260051727295
v 0.11844299733638764 12.71500015258789 -6.023739814758301
v 2.8453500270843508 7.887030124664307 -3.6934099197387697
v 3.042259931564331 8.883760452270508 -3.842560052871704
v 2.3428499698638918 7.065899848937988 -3.4166300296783449
v 1.665850043296814 6.027400016784668 -2.382230043411255
v 2.556720018386841 3.6579198837280275 -5.618430137634277
v 0.7649499773979187 5.21274995803833 -2.1217000484466554
v -2.1837899684906008 0.6075140237808228 -4.820010185241699
v -3.1600100994110109 0.5852620005607605 -4.26140022277832
v -4.596909999847412 1.4321500062942505 -3.1099600791931154
v -1.3609399795532227 0.6190999746322632 -5.550260066986084
v -0.49705299735069277 0.6369479894638062 -6.25540018081665
v -5.071390151977539 1.5394799709320069 -2.0204899311065676
v -6.454850196838379 2.324769973754883 -1.5712800025939942
v -6.930659770965576 8.130680084228516 0.08950430154800415
v -6.616889953613281 9.051750183105469 -0.17150500416755677
v -7.173019886016846 7.194230079650879 0.3336920142173767
v -6.243330001831055 9.96288013458252 -0.4178619980812073
v -5.907559871673584 10.910099983215332 -0.6422690153121948
v -7.461060047149658 6.2609100341796879 0.5832070112228394
v -5.549270153045654 11.877300262451172 -0.844694972038269
v -0.13851700723171235 13.060700416564942 -7.10506010055542
v 3.2993900775909426 9.854499816894532 -4.065010070800781
v 2.535170078277588 6.607719898223877 -2.6793301105499269
v 1.7241599559783936 2.8015100955963136 -7.411300182342529
v 0.8598160147666931 2.6042399406433107 -7.947579860687256
v 0.8159970045089722 1.5879299640655518 -7.24806022644043
v 2.445780038833618 2.6942899227142336 -6.177879810333252
v 1.876870036125183 3.773859977722168 -3.0453999042510988
v 2.391740083694458 3.4760398864746095 -4.023680210113525
v 2.839400053024292 3.109790086746216 -4.92963981628418
v 1.528290033340454 4.330989837646484 -2.1329100131988527
v -4.045959949493408 0.6234670281410217 -3.468209981918335
v 0.47667598724365237 0.6344969868659973 -6.915460109710693
v -5.881919860839844 1.5209800004959107 -1.430459976196289
v -7.079170227050781 3.1643199920654299 -0.40371599793434145
v -7.210549831390381 4.004819869995117 0.06503719836473465
v -7.043749809265137 2.325089931488037 -0.7999969720840454
v -7.679009914398193 4.685790061950684 0.3490830063819885
v -7.718140125274658 5.267290115356445 0.9740700125694275
v -4.364640235900879 13.198599815368653 -4.290070056915283
v -3.7140400409698488 13.343500137329102 -5.155970096588135
v -4.991600036621094 13.049400329589844 -3.383539915084839
v -3.0438899993896486 13.493300437927246 -6.021629810333252
v -5.218379974365234 12.889399528503418 -2.324860095977783
v -2.1382501125335695 13.673500061035157 -6.55709981918335
v -5.5853800773620609 12.699600219726563 -1.2950400114059449
v -1.1311399936676026 13.860600471496582 -6.979340076446533
v 1.755929946899414 12.376399993896485 -6.1153998374938969
v 2.538599967956543 11.758999824523926 -5.7989501953125
v 0.9964330196380615 12.982799530029297 -6.371210098266602
v 3.1390600204467775 11.237700462341309 -5.17710018157959
v 3.6025400161743166 10.80840015411377 -4.348100185394287
v 0.22957299649715424 13.657899856567383 -6.231939792633057
v 3.469670057296753 8.430139541625977 -3.056529998779297
v 3.124569892883301 7.473130226135254 -2.8789401054382326
v 3.768470048904419 9.39706039428711 -3.2570199966430666
v 2.4885098934173586 6.3899102210998539 -1.7753900289535523
v 1.7334799766540528 5.64693021774292 -1.4802900552749634
v 2.2305500507354738 3.217940092086792 -7.042369842529297
v 3.4756898880004885 3.0785698890686037 -5.763299942016602
v 1.1206300258636475 4.820799827575684 -1.1995199918746949
v -1.281690001487732 0.5716760158538818 -4.512400150299072
v -2.1394100189208986 0.5688689947128296 -3.842329978942871
v -2.9932498931884767 0.5773710012435913 -3.1607000827789308
v -4.695590019226074 0.5849080085754395 -2.498379945755005
v -0.42892101407051089 0.5780450105667114 -5.1975998878479
v 0.44841301441192629 0.5835880041122437 -5.875309944152832
v -5.376460075378418 0.5744659900665283 -1.6654800176620484
v -6.742569923400879 1.4401500225067139 -1.0479199886322022
v -7.0347700119018559 7.850299835205078 1.0861999988555909
v -6.775710105895996 8.815230369567871 0.8722360134124756
v -6.424849987030029 9.73878002166748 0.6259269714355469
v -7.2916998863220219 6.879240036010742 1.296280026435852
v -6.062139987945557 10.667200088500977 0.38983801007270815
v -5.686490058898926 11.62969970703125 0.19965800642967225
v -7.350100040435791 5.8481597900390629 1.4892799854278565
v -5.499740123748779 13.112199783325196 -0.8290410041809082
v 0.041668400168418887 14.109700202941895 -7.139389991760254
v 4.0320000648498539 10.366100311279297 -3.4937000274658205
v 3.208509922027588 7.174330234527588 -1.9785399436950684
v 1.563979983329773 1.8532899618148804 -7.715829849243164
v 2.561569929122925 2.1109800338745119 -7.26947021484375
v 1.2450000047683716 1.174299955368042 -7.295730113983154
v 3.27485990524292 2.2109999656677248 -6.150619983673096
v 2.427109956741333 3.6649200916290285 -2.147020101547241
v 2.8996500968933107 3.4362599849700929 -3.1232900619506838
v 3.387850046157837 3.153280019760132 -4.054110050201416
v 3.8132801055908205 2.5472400188446047 -4.9777398109436039
v 2.1328999996185304 4.183819770812988 -1.2441099882125855
v -3.74114990234375 0.5872380137443543 -2.3830599784851076
v 1.3952100276947022 0.5914589762687683 -6.570720195770264
v -6.199540138244629 0.5718719959259033 -1.1199599504470826
v -7.359220027923584 2.3392701148986818 0.1615079939365387
v -7.357210159301758 3.216140031814575 0.5349180102348328
v -7.795609951019287 4.024119853973389 0.982367992401123
v -7.3440399169921879 1.4749300479888917 -0.2564049959182739
v -5.416979789733887 12.698800086975098 0.08782149851322174
v -7.00669002532959 5.444369792938232 1.9891799688339234
v -4.05879020690918 14.15429973602295 -4.518290042877197
v -4.671140193939209 13.996000289916993 -3.6450400352478029
v -3.454200029373169 14.31820011138916 -5.395040035247803
v -5.089230060577393 13.796799659729004 -2.6783199310302736
v -2.7460899353027345 14.494000434875489 -6.174270153045654
v -5.268179893493652 13.521900177001954 -1.6911300420761109
v -1.8272299766540528 14.665599822998047 -6.642039775848389
v -0.8537830114364624 14.86970043182373 -7.025109767913818
v 1.9465500116348267 13.349699974060059 -6.356349945068359
v 2.7381598949432375 12.767900466918946 -6.048580169677734
v 3.436650037765503 12.211999893188477 -5.48022985458374
v 1.1725499629974366 13.97189998626709 -6.466080188751221
v 3.8963301181793215 11.768500328063965 -4.643199920654297
v 4.348499774932861 11.313300132751465 -3.795099973678589
v 0.450762003660202 14.642200469970704 -6.359749794006348
v 4.190919876098633 8.938529968261719 -2.419879913330078
v 3.772429943084717 8.006440162658692 -2.1837799549102785
v 4.483139991760254 9.909830093383789 -2.661639928817749
v 3.336560010910034 6.622139930725098 -1.2976800203323365
v 2.57561993598938 5.818789958953857 -1.1526999473571778
v 1.9330899715423585 4.977089881896973 -0.7131649851799011
v 2.085819959640503 1.199489951133728 -6.9496002197265629
v -0.3531840145587921 0.578016996383667 -4.171110153198242
v -1.1928000450134278 0.5755929946899414 -3.5048699378967287
v -2.0205800533294679 0.5757550001144409 -2.8269600868225099
v -2.796799898147583 0.5851079821586609 -2.106909990310669
v -4.4551801681518559 0.597428023815155 -1.560520052909851
v 0.5006510019302368 0.5814610123634338 -4.823800086975098
v 1.385259985923767 0.5877500176429749 -5.4721198081970219
v -5.206369876861572 0.6078010201454163 -0.811676025390625
v -6.971370220184326 0.6250789761543274 -0.4890959858894348
v -7.841579914093018 4.4085001945495609 1.2823899984359742
v -6.666240215301514 7.390279769897461 1.872499942779541
v -6.534540176391602 8.386039733886719 1.8019800186157227
v -6.241990089416504 9.33825969696045 1.6591800451278687
v -5.893340110778809 10.269000053405762 1.402809977531433
v -6.738850116729736 6.39723014831543 1.9599499702453614
v -5.4930500984191898 11.210100173950196 1.1809600591659547
v -5.202859878540039 12.243399620056153 1.0301300287246705
v -7.253910064697266 4.461060047149658 1.837689995765686
v -5.238840103149414 13.784899711608887 -0.033199600875377658
v -5.172840118408203 14.161399841308594 -0.9847480058670044
v 0.18862999975681306 15.160799980163575 -7.049349784851074
v 4.7594099044799809 10.868900299072266 -2.9200599193573
v 4.077600002288818 7.567890167236328 -1.2645200490951539
v 2.8644800186157228 1.3346699476242066 -6.2322797775268559
v 3.6147398948669435 1.3936500549316407 -5.4847002029418949
v 3.171149969100952 3.8655500411987306 -1.391800045967102
v 3.499160051345825 3.444509983062744 -2.2774600982666017
v 3.9007298946380617 3.075670003890991 -3.111380100250244
v 4.1362199783325199 2.478760004043579 -3.8806300163269045
v 2.90775990486145 4.835999965667725 -1.15693998336792
v -3.519850015640259 0.5942879915237427 -1.3473399877548218
v 2.2898499965667726 0.5827019810676575 -6.100240230560303
v -5.937089920043945 0.6151660084724426 -0.10424599796533585
v -7.677539825439453 1.5147600173950196 0.8696579933166504
v -7.535059928894043 2.4795000553131105 1.2958799600601197
v -7.209700107574463 3.454509973526001 1.3810299634933472
v -7.494760036468506 0.6224899888038635 0.28575098514556887
v -4.869770050048828 13.28219985961914 0.8464900255203247
v -6.110650062561035 4.790979862213135 1.806439995765686
v -5.8704400062561039 5.782559871673584 1.8260600566864014
v -4.208859920501709 14.91469955444336 -3.8029398918151857
v -3.705199956893921 15.111499786376954 -4.71012020111084
v -4.752190113067627 14.740500450134278 -2.918600082397461
v -3.1250898838043215 15.298299789428711 -5.548709869384766
v -5.10506010055542 14.501099586486817 -1.9527499675750733
v -2.385970115661621 15.474800109863282 -6.255819797515869
v -1.5443600416183472 15.660799980163575 -6.8230299949646
v -0.5793049931526184 15.88479995727539 -7.151189804077148
v 2.0673298835754396 14.350099563598633 -6.575739860534668
v 2.8569400310516359 13.79520034790039 -6.167550086975098
v 3.5613999366760256 13.26159954071045 -5.606679916381836
v 4.141550064086914 12.761300086975098 -4.895380020141602
v 1.3053699731826783 14.943599700927735 -6.567249774932861
v 4.61329984664917 12.293800354003907 -4.060029983520508
v 4.98445987701416 11.852700233459473 -3.1607000827789308
v 0.7421140074729919 15.625 -6.429019927978516
v 4.695489883422852 9.535679817199707 -1.6686700582504273
v 4.350090026855469 8.602399826049805 -1.4157099723815919
v 5.097050189971924 10.493800163269043 -1.9719699621200562
v 4.3153300285339359 6.486199855804443 -1.2923099994659424
v 3.5947699546813967 5.681980133056641 -1.2554199695587159
v 3.8712399005889894 1.5380699634552003 -4.398029804229736
v 0.57259202003479 0.5844560265541077 -3.796679973602295
v -0.26417800784111025 0.5818849802017212 -3.1543400287628176
v -1.0842900276184083 0.5793250203132629 -2.491270065307617
v -1.869070053100586 0.5839880108833313 -1.7974300384521485
v -2.597259998321533 0.5929290056228638 -1.068969964981079
v -4.246469974517822 0.6036379933357239 -0.568809986114502
v 1.4281799793243409 0.5869680047035217 -4.414480209350586
v 2.302759885787964 0.5907549858093262 -4.994740009307861
v -4.993249893188477 0.6128900051116943 0.1880970001220703
v -6.639400005340576 0.6147890090942383 0.5964440107345581
v -5.70182991027832 6.810100078582764 1.947219967842102
v -5.663650035858154 7.777520179748535 2.0907700061798097
v -5.5838799476623539 8.671640396118164 2.3540499210357668
v -5.427989959716797 9.700630187988282 2.2332398891448976
v -5.26255989074707 10.726200103759766 2.1097300052642824
v -4.967549800872803 11.745800018310547 2.003269910812378
v -4.761429786682129 12.829700469970704 1.8296200037002564
v -6.293280124664307 3.7989799976348879 1.8097599744796754
v -4.719699859619141 14.35669994354248 0.679095983505249
v -4.910530090332031 14.807499885559082 -0.2234410047531128
v -4.917840003967285 15.176899909973145 -1.1902899742126465
v 0.4838779866695404 16.188400268554689 -7.1509599685668949
v 5.244440078735352 11.460000038146973 -2.1832199096679689
v 4.568930149078369 8.267680168151856 -0.265735000371933
v 4.768209934234619 7.146389961242676 -0.40936800837516787
v 3.1186299324035646 0.5895490050315857 -5.465829849243164
v 3.3418400287628176 0.6143699884414673 -4.527939796447754
v 4.232260227203369 3.8501698970794679 -1.7555299997329713
v 3.888010025024414 4.739960193634033 -1.3628000020980836
v 4.634570121765137 3.143019914627075 -2.247960090637207
v 4.958209991455078 2.764580011367798 -3.1140201091766359
v 4.815839767456055 1.4736599922180176 -4.089119911193848
v -3.3022000789642336 0.6019690036773682 -0.3175069987773895
v -5.732329845428467 0.6219519972801209 0.9259309768676758
v -7.375319957733154 0.6401749849319458 1.2767000198364258
v -6.820010185241699 1.7780699729919434 1.7003899812698365
v -6.4903998374938969 2.7890100479125978 1.7794899940490723
v -4.54640007019043 13.906200408935547 1.5900399684906006
v -6.186110019683838 4.3024001121521 2.7088398933410646
v -6.031020164489746 5.31397008895874 2.6966800689697267
v -5.777890205383301 6.323520183563232 2.639580011367798
v -4.371049880981445 15.686400413513184 -3.1096200942993166
v -3.940929889678955 15.894399642944336 -4.034160137176514
v -3.4641499519348146 16.107799530029298 -4.938549995422363
v -4.673160076141357 15.443599700927735 -2.1570799350738527
v -2.838939905166626 16.301700592041017 -5.730329990386963
v -2.138629913330078 16.493900299072267 -6.470190048217773
v -1.2371799945831299 16.658000946044923 -6.943069934844971
v -0.30238398909568789 16.89579963684082 -7.236340045928955
v 2.8761000633239748 14.840700149536133 -6.1838297843933109
v 2.0903799533843996 15.367600440979004 -6.645100116729736
v 3.660140037536621 14.312999725341797 -5.726180076599121
v 4.32942008972168 13.792799949645996 -5.101140022277832
v 4.830580234527588 13.303400039672852 -4.284949779510498
v 1.1575499773025513 15.854599952697754 -6.546080112457275
v 5.2606201171875 12.82960033416748 -3.4126501083374025
v 5.528039932250977 12.387499809265137 -2.4203898906707765
v 0.8596559762954712 16.69379997253418 -6.382810115814209
v 4.800360202789307 9.314539909362793 -0.6084280014038086
v 5.043019771575928 10.395099639892579 -0.9225900173187256
v 5.361599922180176 11.25730037689209 -1.157670021057129
v 4.562379837036133 5.501880168914795 -1.2402000427246094
v 4.986410140991211 6.117819786071777 -0.5140330195426941
v 4.274809837341309 0.5843790173530579 -4.054480075836182
v 5.139920234680176 2.3150200843811037 -3.9380199909210207
v 0.6625549793243408 0.5882779955863953 -2.7693099975585939
v 1.5068800449371338 0.5909720063209534 -3.386859893798828
v -0.16245999932289124 0.5857639908790588 -2.129430055618286
v -0.9618909955024719 0.5832769870758057 -1.468649983406067
v -1.7085599899291993 0.5918830037117004 -0.7691569924354553
v -2.3876900672912599 0.6006879806518555 -0.0337103009223938
v -4.021989822387695 0.6111609935760498 0.44516900181770327
v 2.384429931640625 0.5939970016479492 -3.977940082550049
v -4.774169921875 0.6204730272293091 1.2052600383758546
v -6.478400230407715 0.630325973033905 1.6556799411773682
v -5.74813985824585 7.423309803009033 2.6240999698638918
v -5.130539894104004 9.108550071716309 3.148819923400879
v -4.972939968109131 10.193400382995606 3.1189799308776857
v -4.691219806671143 11.210399627685547 3.02128005027771
v -4.3925700187683109 12.219200134277344 2.83882999420166
v -4.396860122680664 13.476900100708008 2.5110199451446535
v -6.3053998947143559 3.298490047454834 2.7233901023864748
v -4.147600173950195 14.900500297546387 1.3462300300598145
v -4.365359783172607 15.364899635314942 0.47728198766708376
v -4.518270015716553 15.793600082397461 -0.44168201088905337
v -4.57282018661499 16.156700134277345 -1.4171899557113648
v 0.681780993938446 17.254199981689454 -7.2133002281188969
v 5.55709981918335 11.883899688720704 -1.2893199920654297
v 4.39247989654541 9.332389831542969 0.4229300022125244
v 4.382440090179443 7.4476399421691898 0.6302800178527832
v 4.585949897766113 6.431580066680908 0.47381898760795596
v 3.3511300086975099 0.5958200097084045 -3.5457799434661867
v 4.957039833068848 4.6392598152160648 -1.4198700189590455
v 5.452700138092041 3.8508799076080324 -1.619070053100586
v 5.643290042877197 3.4382998943328859 -2.582669973373413
v 5.934529781341553 2.577500104904175 -3.3260300159454347
v 5.2150797843933109 0.5847709774971008 -3.642709970474243
v 5.722970008850098 1.6075799465179444 -3.581399917602539
v -3.0571699142456056 0.609591007232666 0.7182829976081848
v -5.542630195617676 0.6279630064964294 1.9732099771499634
v -6.7787299156188969 1.3150299787521363 2.455709934234619
v -6.519060134887695 2.311959981918335 2.698270082473755
v -6.9015398025512699 0.5580440163612366 2.092750072479248
v -5.259369850158691 8.004170417785645 3.1824800968170168
v -4.0632500648498539 14.514399528503418 2.2549099922180177
v -5.5612897872924809 3.7043800354003908 3.298150062561035
v -5.418859958648682 4.716209888458252 3.2600200176239015
v -5.3145599365234379 5.782229900360107 3.237989902496338
v -5.322659969329834 6.868239879608154 3.223870038986206
v -4.365049839019775 16.42650032043457 -2.3767499923706056
v -4.002669811248779 16.64539909362793 -3.2886900901794435
v -3.586359977722168 16.870500564575197 -4.1946702003479
v -3.1171700954437258 17.09980010986328 -5.082250118255615
v -2.481250047683716 17.2992000579834 -5.853169918060303
v -1.6972299814224244 17.459800720214845 -6.455639839172363
v -0.937296986579895 17.639299392700197 -7.045159816741943
v -0.065767303109169 17.913799285888673 -7.361800193786621
v 2.8607699871063234 15.883000373840332 -6.212910175323486
v 3.68996000289917 15.374699592590332 -5.784110069274902
v 1.9659899473190308 16.358400344848634 -6.561100006103516
v 4.385809898376465 14.860899925231934 -5.1778998374938969
v 4.963180065155029 14.354599952697754 -4.434169769287109
v 5.485219955444336 13.843299865722657 -3.607609987258911
v 5.654339790344238 13.413900375366211 -2.6057798862457277
v 5.699540138244629 12.963800430297852 -1.552150011062622
v 0.7477480173110962 17.58989906311035 -6.120989799499512
v 4.8155598640441898 10.397100448608399 0.11333400011062622
v 5.138350009918213 11.403599739074707 -0.15415799617767335
v 4.073750019073486 8.416879653930664 0.8400639891624451
v 5.1575398445129398 5.087779998779297 -0.5859370231628418
v 4.896870136260986 5.4317097663879398 0.34413400292396548
v 4.280620098114014 0.5928670167922974 -3.097100019454956
v 1.614300012588501 0.5948920249938965 -2.3588500022888185
v 0.7731450200080872 0.5922060012817383 -1.7444900274276734
v 2.4703400135040285 0.5980709791183472 -2.9551899433135988
v -0.05148470029234886 0.589676022529602 -1.1099499464035035
v -0.8430520296096802 0.5908899903297424 -0.45012199878692629
v -1.5533900260925294 0.5997920036315918 0.2581459879875183
v -2.1058900356292726 0.6084010004997253 1.0306899547576905
v -3.7763400077819826 0.6187270283699036 1.4691100120544434
v -4.536779880523682 0.6270260214805603 2.2250499725341799
v -6.556719779968262 0.6320130228996277 2.9716598987579347
v -4.580170154571533 8.548299789428711 3.573669910430908
v -4.3966498374938969 9.534150123596192 3.6501400470733644
v -4.047399997711182 10.514300346374512 3.5908899307250978
v -3.710900068283081 11.500399589538575 3.5361199378967287
v -3.9535698890686037 13.01550006866455 2.9493401050567629
v -3.626929998397827 13.956199645996094 2.912480115890503
v -5.865970134735107 2.757270097732544 3.448309898376465
v -3.598400115966797 15.456100463867188 2.0079500675201418
v -3.8013501167297365 15.922699928283692 1.157439947128296
v -3.898210048675537 16.31329917907715 0.2323780059814453
v -4.048669815063477 16.727699279785158 -0.6911720037460327
v -3.963320016860962 17.016199111938478 -1.6468299627304078
v 0.7525799870491028 18.305500030517579 -6.941609859466553
v 1.7812800407409669 17.310800552368165 -6.203800201416016
v 5.480510234832764 12.521300315856934 -0.41340601444244387
v 4.267419815063477 10.227299690246582 1.0273699760437012
v 4.062829971313477 9.263689994812012 1.4277299642562867
v 3.767659902572632 7.6039299964904789 1.4651700258255005
v 4.013649940490723 6.647910118103027 1.3251800537109376
v 4.1936798095703129 5.63178014755249 1.0737899541854859
v 3.416490077972412 0.5960130095481873 -2.516129970550537
v 5.481800079345703 4.151820182800293 -0.7324110269546509
v 6.371429920196533 3.1120800971984865 -1.6860500574111939
v 6.080379962921143 2.6573400497436525 -2.40159010887146
v 6.279409885406494 1.8787599802017213 -2.7777099609375
v 5.9821600914001469 0.9406520128250122 -2.95917010307312
v 5.195189952850342 0.5624750256538391 -2.6726601123809816
v -2.7616000175476076 0.6172710061073303 1.7762399911880494
v -5.321509838104248 0.6504520177841187 3.0188000202178957
v -6.312819957733154 1.5641100406646729 3.385550022125244
v -4.584199905395508 7.462009906768799 3.5218000411987306
v -3.3838798999786379 12.438199996948243 3.426609992980957
v -3.2715699672698976 14.930299758911133 2.745300054550171
v -5.024580001831055 3.1404800415039064 3.934730052947998
v -4.886769771575928 4.098189830780029 3.7799301147460939
v -4.598609924316406 5.331349849700928 3.843519926071167
v -4.634960174560547 6.353789806365967 3.578589916229248
v -3.805769920349121 17.300500869750978 -2.513430118560791
v -3.4607200622558595 17.516599655151368 -3.3745200634002687
v -3.1286699771881105 17.811100006103517 -4.294229984283447
v -2.6985299587249758 18.092599868774415 -5.191860198974609
v -2.0988199710845949 18.304899215698243 -5.98183012008667
v -1.431380033493042 18.44070053100586 -6.688700199127197
v -0.6663100123405457 18.56679916381836 -7.219379901885986
v 0.08300399780273438 18.966400146484376 -7.274750232696533
v 3.5535600185394289 16.443300247192384 -5.66795015335083
v 2.7320199012756349 16.923999786376954 -6.077929973602295
v 4.354829788208008 15.949299812316895 -5.205659866333008
v 5.006269931793213 15.430000305175782 -4.533249855041504
v 5.575469970703125 14.916299819946289 -3.749389886856079
v 5.853270053863525 14.431599617004395 -2.7769598960876467
v 5.897280216217041 13.98270034790039 -1.7393200397491456
v 5.754879951477051 13.55150032043457 -0.6432629823684692
v 1.6363400220870972 18.290199279785158 -5.777510166168213
v 0.7370740175247192 18.05970001220703 -5.860710144042969
v 4.623929977416992 11.2076997756958 0.8250390291213989
v 4.852660179138184 12.241100311279297 0.5370759963989258
v 3.934849977493286 8.315309524536133 1.8068300485610963
v 5.145359992980957 4.454639911651611 0.09818200021982193
v 4.5247697830200199 4.608160018920898 1.0234400033950806
v 4.358039855957031 0.5931659936904907 -2.094249963760376
v 5.87814998626709 3.1350901126861574 -0.8031219840049744
v 1.7422699928283692 0.5991299748420715 -1.3249399662017823
v 2.581779956817627 0.5996749997138977 -1.920490026473999
v 0.8943690061569214 0.5961859822273254 -0.7218040227890015
v 0.058897700160741809 0.593192994594574 -0.09660530090332031
v -0.7474039793014526 0.5990980267524719 0.5606819987297058
v -1.5034099817276 0.607807993888855 1.247939944267273
v -1.6408599615097047 0.615867018699646 2.16867995262146
v -3.503690004348755 0.6249330043792725 2.5027999877929689
v -4.276760101318359 0.6299239993095398 3.2284998893737795
v -6.088029861450195 0.6106269955635071 3.953900098800659
v -4.392149925231934 8.054300308227539 4.44350004196167
v -4.177350044250488 9.022390365600586 4.485260009765625
v -3.7766098976135256 9.974140167236329 4.416520118713379
v -3.3752200603485109 10.934100151062012 4.319089889526367
v -2.967780113220215 11.873800277709961 4.164539813995361
v -3.0550498962402345 13.358499526977539 3.365540027618408
v -2.750430107116699 14.318499565124512 3.303679943084717
v -5.319580078125 2.2213499546051027 4.089230060577393
v -2.8617000579833986 15.845999717712403 2.4992098808288576
v -3.1299901008605959 16.42060089111328 1.7774399518966675
v -3.3010799884796144 16.89550018310547 0.9340869784355164
v -3.348449945449829 17.212200164794923 -0.039656899869441989
v -3.395669937133789 17.550399780273439 -1.0026400089263917
v -3.2779901027679445 17.834699630737306 -1.9318499565124512
v 0.6402199864387512 19.311899185180665 -6.6597700119018559
v 2.515749931335449 17.917600631713868 -5.701650142669678
v 5.086150169372559 13.245800018310547 0.3431670069694519
v 5.111410140991211 9.766759872436524 2.019170045852661
v 5.134069919586182 10.818099975585938 1.8243399858474732
v 5.009170055389404 8.665730476379395 2.244999885559082
v 2.9943699836730959 6.932079792022705 1.8339899778366089
v 3.590049982070923 7.510590076446533 2.253469944000244
v 3.375610113143921 5.851490020751953 1.695970058441162
v 3.6299500465393068 4.831200122833252 1.3976000547409058
v 3.5401899814605715 0.5961560010910034 -1.4841899871826172
v 5.759970188140869 3.69419002532959 0.045809999108314517
v 6.607729911804199 2.3926100730895998 -1.0582400560379029
v 7.058189868927002 2.2523300647735597 -2.049410104751587
v 6.642399787902832 1.2396899461746216 -2.1682400703430177
v 6.157410144805908 0.5253959894180298 -2.348020076751709
v 5.327589988708496 0.5851410031318665 -1.7106599807739258
v -2.448930025100708 0.6232380270957947 2.8536999225616457
v -5.110340118408203 0.6929649710655212 3.867500066757202
v -4.541950225830078 6.955790042877197 4.47790002822876
v -2.714099884033203 12.838899612426758 4.1805901527404789
v -2.4356698989868166 15.261099815368653 3.1794800758361818
v -4.323379993438721 3.5909900665283205 4.350100040435791
v -4.468830108642578 2.6098101139068605 4.525010108947754
v -4.398330211639404 4.4651198387146 4.1257500648498539
v -4.817550182342529 5.943950176239014 4.607960224151611
v -3.1507198810577394 17.992399215698243 -2.4364500045776369
v -2.9094300270080568 18.369199752807618 -3.4058001041412355
v -2.596489906311035 18.731800079345704 -4.33843994140625
v -2.251339912414551 19.10449981689453 -5.264649868011475
v -1.6891499757766724 19.31369972229004 -6.119229793548584
v -0.9577739834785461 19.303499221801759 -6.836060047149658
v -0.08399359881877899 19.46489906311035 -7.100769996643066
v 3.4162299633026125 17.55069923400879 -5.5390400886535648
v 4.16431999206543 17.029800415039064 -5.068160057067871
v 4.874209880828857 16.527799606323243 -4.505839824676514
v 5.379189968109131 15.993200302124024 -3.7463200092315676
v 5.747719764709473 15.491000175476075 -2.867140054702759
v 6.042769908905029 15.027099609375 -1.9028500318527222
v 5.925119876861572 14.580900192260743 -0.8581669926643372
v 5.34915018081665 14.237500190734864 0.16531500220298768
v 0.6255019903182983 18.702499389648439 -5.801690101623535
v 2.274509906768799 18.868000030517579 -5.200109958648682
v 5.096089839935303 11.821900367736817 1.553529977798462
v 5.697350025177002 12.669699668884278 1.2556699514389039
v 4.606470108032227 7.627099990844727 2.581700086593628
v 4.76839017868042 3.686199903488159 0.5221070051193237
v 3.8394999504089357 3.9175500869750978 0.8937640190124512
v 4.516180038452148 0.5929089784622192 -1.072059988975525
v 6.537779808044434 2.8958699703216554 0.05251460149884224
v 1.88155996799469 0.6028410196304321 -0.29860201478004458
v 2.715590000152588 0.5994369983673096 -0.8837929964065552
v 1.0178600549697877 0.600151002407074 0.2923850119113922
v 0.15905499458312989 0.5981320142745972 0.9155150055885315
v -0.6910439729690552 0.6071749925613403 1.5609099864959717
v -1.396440029144287 0.6218069791793823 3.2442400455474855
v -3.238189935684204 0.6303629875183106 3.5545101165771486
v -4.083849906921387 0.6790440082550049 4.2294697761535648
v -5.179659843444824 0.7076579928398132 4.559599876403809
v -5.698599815368652 1.44992995262146 4.076399803161621
v -3.842600107192993 7.36890983581543 5.081850051879883
v -3.562700033187866 8.350310325622559 4.957749843597412
v -3.20592999458313 9.311530113220215 4.918149948120117
v -2.798880100250244 10.257200241088868 4.825779914855957
v -2.4152400493621828 11.203399658203125 4.696589946746826
v -2.0402300357818605 12.151599884033204 4.57574987411499
v -2.382780075073242 13.791600227355957 4.1144700050354
v -2.0439400672912599 14.744799613952637 3.991349935531616
v -4.74206018447876 1.4865000247955323 4.530020236968994
v -5.090869903564453 4.899730205535889 4.746300220489502
v -2.0965399742126467 16.162799835205079 2.900599956512451
v -2.311039924621582 16.77750015258789 2.247390031814575
v -2.3785600662231447 17.309799194335939 1.5035699605941773
v -2.607840061187744 17.687299728393556 0.5786240100860596
v -2.733560085296631 18.049800872802736 -0.36760199069976809
v -2.75639009475708 18.398799896240236 -1.358970046043396
v -0.25099098682403567 19.96339988708496 -6.926799774169922
v 3.0553300380706789 18.521799087524415 -5.074379920959473
v 5.917970180511475 13.734800338745118 1.0802299976348878
v 1.3854399919509888 19.076200485229493 -5.003049850463867
v 0.5139300227165222 19.345399856567384 -5.742660045623779
v 4.624330043792725 10.543399810791016 2.676569938659668
v 4.479100227355957 9.537520408630371 2.9445900917053224
v 4.635159969329834 11.574600219726563 2.342780113220215
v 4.21668004989624 8.542980194091797 3.1973400115966799
v 2.305340051651001 6.097760200500488 2.034480094909668
v 2.7599899768829347 7.445889949798584 2.726439952850342
v 3.666949987411499 7.609189987182617 3.281140089035034
v 2.6445300579071047 5.079529762268066 1.7119300365447999
v 2.885999917984009 4.11899995803833 1.2791999578475953
v 3.6905601024627687 0.5962070226669312 -0.44718700647354128
v 5.36899995803833 2.8973400592803957 0.44899699091911318
v 6.9380998611450199 1.4339499473571778 -1.1886199712753297
v 6.577849864959717 1.7490500211715699 -0.07184839993715286
v 6.471869945526123 0.5563449859619141 -1.477239966392517
v 5.532350063323975 0.5901240110397339 -0.7069140076637268
v -0.5850819945335388 0.6146069765090942 2.5933899879455568
v -2.201770067214966 0.6291400194168091 3.9159300327301027
v -4.143350124359131 6.363080024719238 5.218949794769287
v -1.74891996383667 13.112700462341309 4.604909896850586
v -1.6698999404907227 15.668700218200684 3.7172200679779054
v -4.008890151977539 3.2774500846862795 5.334489822387695
v -4.646940231323242 4.171730041503906 5.169549942016602
v -4.302219867706299 2.329900026321411 5.4647698402404789
v -4.391160011291504 5.30640983581543 5.302209854125977
v -2.3433101177215578 18.592500686645509 -2.4342501163482668
v -2.081660032272339 18.998899459838868 -3.4192800521850588
v -1.689479947090149 19.32270050048828 -4.368169784545898
v -1.3151400089263917 19.74880027770996 -5.241350173950195
v -0.8411020040512085 19.97089958190918 -6.095160007476807
v 0.18691599369049073 19.989900588989259 -6.264639854431152
v 3.877840042114258 18.138200759887697 -4.814539909362793
v 4.5908098220825199 17.61709976196289 -4.335579872131348
v 5.175220012664795 17.071199417114259 -3.714279890060425
v 5.604770183563232 16.550500869750978 -2.922290086746216
v 5.843860149383545 16.064599990844728 -1.9912400245666505
v 5.941150188446045 15.608200073242188 -0.980072021484375
v 5.557089805603027 15.187299728393555 -0.06886660307645798
v 5.967679977416992 14.761300086975098 0.8418989777565002
v 0.4366599917411804 19.374500274658204 -4.7899699211120609
v 2.0565099716186525 19.75279998779297 -4.699840068817139
v 2.802759885787964 19.474300384521486 -4.623760223388672
v 5.000609874725342 12.532500267028809 2.1775200366973879
v 5.371880054473877 13.469400405883789 1.9838600158691407
v 1.9084399938583375 7.200819969177246 2.1868700981140138
v 4.469719886779785 3.1044199466705324 1.211210012435913
v 3.411410093307495 3.22268009185791 1.5133700370788575
v 4.6809401512146 0.5930449962615967 -0.036757100373506549
v 5.889379978179932 2.070470094680786 0.547016978263855
v 2.854530096054077 0.5995259881019592 0.149399995803833
v 2.0075600147247316 0.6029859781265259 0.7072799801826477
v 1.1060700416564942 0.6041730046272278 1.290079951286316
v 0.23582400381565095 0.6066359877586365 1.9427000284194947
v -1.1432499885559083 0.5956479907035828 4.321800231933594
v -0.5267490148544312 0.6194239854812622 3.549489974975586
v -3.0124800205230715 0.6608750224113464 4.63001012802124
v -4.525790214538574 0.6071370244026184 5.093009948730469
v -3.1843600273132326 6.650899887084961 5.363979816436768
v -2.8687100410461427 7.635419845581055 5.241869926452637
v -2.533829927444458 8.593629837036133 5.064549922943115
v -2.171459913253784 9.536569595336914 5.093979835510254
v -1.7647900581359864 10.476900100708008 4.967440128326416
v -1.3780800104141236 11.420700073242188 4.867710113525391
v -1.008389949798584 12.374699592590332 4.775000095367432
v -1.3920999765396119 14.057299613952637 4.432380199432373
v -1.0524499416351319 15.015000343322754 4.246779918670654
v -4.489560127258301 1.485200047492981 5.472609996795654
v -1.3228600025177003 16.574800491333009 3.3724799156188967
v -1.7786799669265748 16.9685001373291 2.479449987411499
v -1.760849952697754 18.140499114990236 1.1183099746704102
v -2.107290029525757 18.590299606323243 0.29003599286079409
v -2.3017499446868898 18.978099822998048 -0.6212630271911621
v -2.213409900665283 19.243099212646486 -1.5888999700546265
v 3.417710065841675 19.18239974975586 -4.424439907073975
v 5.535689830780029 14.479700088500977 1.7385799884796143
v 1.1176799535751343 20.036100387573243 -4.607170104980469
v -0.26076701283454897 19.999399185180665 -5.333710193634033
v 4.123169898986816 11.34280014038086 3.1630499362945558
v 3.997339963912964 10.365400314331055 3.4916698932647707
v 3.7068700790405275 9.405070304870606 3.714099884033203
v 4.3854498863220219 12.30679988861084 3.0028700828552248
v 3.262619972229004 8.503399848937989 3.8219499588012697
v 1.681439995765686 5.507030010223389 1.4258099794387818
v 1.2452900409698487 6.733479976654053 1.5903199911117554
v 1.787269949913025 7.459929943084717 3.2064900398254396
v 2.6544198989868166 7.748439788818359 3.7268199920654299
v 1.8969600200653077 4.353909969329834 1.6055099964141846
v 2.458470106124878 3.3470499515533449 1.897510051727295
v 3.8236498832702638 0.5982199907302856 0.5965840220451355
v 5.037479877471924 2.252690076828003 1.2065900564193726
v 6.555540084838867 0.5863310098648071 -0.5148710012435913
v 6.101729869842529 1.1006900072097779 0.21248400211334229
v 5.713399887084961 0.5597540140151978 0.3259179890155792
v 0.24350300431251527 0.6291090250015259 2.9598100185394289
v -1.9627900123596192 0.6249409914016724 4.954860210418701
v -3.8255600929260256 0.5569589734077454 5.454480171203613
v -3.476680040359497 5.64277982711792 5.467569828033447
v -0.6962370276451111 13.338199615478516 4.807000160217285
v -0.751554012298584 15.998299598693848 4.08096981048584
v -3.1682701110839845 2.5295400619506838 5.592199802398682
v -3.771430015563965 4.5566301345825199 5.585969924926758
v -3.545530080795288 1.595710039138794 5.632359981536865
v -1.8017499446868897 19.425199508666993 -2.509890079498291
v -1.224679946899414 19.53700065612793 -3.4717600345611574
v -0.5591260194778442 19.692100524902345 -4.32790994644165
v -1.3735300302505494 17.76420021057129 2.026979923248291
v 4.1767802238464359 18.712900161743165 -3.951550006866455
v 4.805409908294678 18.127300262451173 -3.5245299339294435
v 5.3105998039245609 17.57379913330078 -2.9124999046325685
v 5.7006402015686039 17.109600067138673 -2.0499699115753176
v 5.827789783477783 16.62459945678711 -1.1050599813461304
v 5.4532599449157719 16.142099380493165 -0.1741189956665039
v 6.178800106048584 15.71969985961914 0.5052030086517334
v 5.727260112762451 15.473400115966797 1.4768400192260743
v 0.2351360023021698 20.265199661254884 -4.2642598152160648
v 1.8279099464416505 20.75 -4.455860137939453
v 2.7993099689483644 20.332599639892579 -4.24075984954834
v 4.678490161895752 13.291799545288086 2.802949905395508
v 4.8705902099609379 14.276900291442871 2.5028998851776125
v 0.9078879952430725 7.199550151824951 2.747889995574951
v 4.098490238189697 2.3962299823760988 1.8384599685668946
v 2.938930034637451 2.387320041656494 1.9485000371932984
v 4.807149887084961 0.564382016658783 1.0339800119400025
v 5.3621602058410648 1.3533999919891358 0.8550350069999695
v 2.958549976348877 0.6020730137825012 1.1636799573898316
v 2.0000500679016115 0.6031709909439087 1.958739995956421
v 1.0463000535964966 0.6191520094871521 2.4464900493621828
v -0.4199979901313782 1.325569987297058 4.177680015563965
v -1.3027299642562867 1.277649998664856 4.887360095977783
v -0.39335599541664126 1.6014699935913087 3.16582989692688
v -2.896090030670166 0.6799950003623962 5.617469787597656
v -2.210059881210327 6.90054988861084 5.3167901039123539
v -2.5363199710845949 5.929150104522705 5.419280052185059
v -1.869480013847351 7.860179901123047 5.163249969482422
v -1.5279799699783326 8.81637954711914 5.0490899085998539
v -1.0995899438858033 9.728079795837403 5.285470008850098
v -0.7256280183792114 10.689399719238282 5.182109832763672
v -0.3395789861679077 11.621899604797364 5.0254998207092289
v 0.03530130162835121 12.57229995727539 4.93257999420166
v -0.3746350109577179 14.311599731445313 4.656909942626953
v -0.03331639990210533 15.242600440979004 4.338079929351807
v -2.7317800521850588 3.4203500747680666 5.575930118560791
v -3.401129961013794 4.141329765319824 5.459440231323242
v -0.8663210272789002 17.318599700927736 2.839359998703003
v -0.37441200017929079 16.881000518798829 3.641700029373169
v -0.9289669990539551 18.59600067138672 1.5831999778747559
v -1.3807899951934815 19.093299865722658 0.8608109951019287
v -1.6787500381469727 19.49839973449707 0.0025865600910037758
v -1.9302899837493897 19.908199310302736 -0.8617029786109924
v -1.8894799947738648 20.18720054626465 -1.7768299579620362
v 3.712009906768799 19.79490089416504 -3.67330002784729
v 5.260590076446533 15.234800338745118 2.382270097732544
v 0.8624449968338013 21.03260040283203 -4.3315300941467289
v 3.64805006980896 12.135100364685059 3.733560085296631
v 3.342900037765503 11.194899559020996 3.879189968109131
v 3.0500199794769289 10.252799987792969 4.011439800262451
v 2.6270298957824709 9.367250442504883 4.1135101318359379
v 3.985100030899048 13.112500190734864 3.570199966430664
v 2.2015700340270998 8.487540245056153 4.246099948883057
v 1.0884000062942505 4.8597002029418949 1.0572199821472169
v 0.8200479745864868 5.9112701416015629 0.8184379935264587
v 0.35053199529647829 6.431059837341309 2.5474600791931154
v 1.6191600561141968 7.7157301902771 4.164140224456787
v 1.243190050125122 7.347959995269775 3.5435400009155275
v 1.6084699630737305 3.5460100173950197 2.5382299423217775
v 2.1253700256347658 2.507539987564087 2.5326900482177736
v 3.8846499919891359 0.561739981174469 1.6355400085449219
v 4.4927802085876469 1.4396899938583375 1.5231200456619263
v 0.6473429799079895 1.6288399696350098 2.985150098800659
v -2.0991599559783937 1.0947799682617188 5.587009906768799
v -2.892549991607666 4.968389987945557 5.482110023498535
v 0.3589729964733124 13.522899627685547 4.676680088043213
v 0.31751900911331179 16.18779945373535 4.128809928894043
v -2.554419994354248 1.7656099796295167 5.630099773406982
v -2.1260499954223635 2.6736600399017336 5.5931501388549809
v -1.546589970588684 20.3528995513916 -2.6187100410461427
v -0.5389389991760254 20.409500122070314 -3.7891199588775636
v -0.4097909927368164 18.074499130249025 2.2856600284576418
v 4.8577399253845219 18.454999923706056 -2.9620299339294435
v 5.331250190734863 18.079999923706056 -2.0624399185180666
v 5.55210018157959 17.61039924621582 -1.1658899784088135
v 5.383659839630127 17.0757999420166 -0.2762419879436493
v 6.213500022888184 16.728200912475587 0.28381600975990298
v 4.37060022354126 19.315799713134767 -2.9370200634002687
v 6.101590156555176 16.430200576782228 1.2850300073623658
v 5.519209861755371 16.215599060058595 2.1232900619506838
v -0.04037129878997803 21.236000061035158 -4.024089813232422
v 1.5462700128555298 21.769899368286134 -4.221660137176514
v 2.536329984664917 21.38629913330078 -4.092569828033447
v 3.3348500728607179 20.863399505615236 -3.540339946746826
v 4.19704008102417 14.086700439453125 3.261820077896118
v 4.481860160827637 15.055700302124024 3.040450096130371
v 0.7873610258102417 4.185619831085205 1.8697600364685059
v 0.48232799768447878 6.212969779968262 1.6112300157546998
v 0.7253140211105347 6.501709938049316 3.4267399311065676
v 3.553570032119751 1.484570026397705 2.101249933242798
v 2.499530076980591 1.4991799592971802 2.17507004737854
v 2.943739891052246 0.5445809960365295 2.0968000888824465
v 1.6332999467849732 1.535290002822876 2.721139907836914
v -1.0210599899291993 2.1300699710845949 4.566400051116943
v -0.07288769632577896 2.3242299556732179 4.041450023651123
v -1.5939199924468995 1.9246599674224854 5.491139888763428
v -0.04592970013618469 2.560699939727783 2.9868199825286867
v -1.186329960823059 7.11044979095459 5.175149917602539
v -1.5565299987792969 6.16172981262207 5.279009819030762
v -1.9318900108337403 5.226069927215576 5.3650898933410648
v -0.8229249715805054 8.059530258178711 5.016930103302002
v -0.4910080134868622 9.007840156555176 4.849319934844971
v -0.05815789848566055 9.891059875488282 5.045400142669678
v 0.3544659912586212 10.82509994506836 5.02347993850708
v 0.7108089923858643 11.7677001953125 4.895890235900879
v 1.0601400136947632 12.720499992370606 4.829880237579346
v 0.6781650185585022 14.488300323486329 4.576519966125488
v 1.006060004234314 15.402099609375 4.239170074462891
v -1.679069995880127 3.565079927444458 5.531889915466309
v -2.317039966583252 4.312860012054443 5.482749938964844
v -1.124650001525879 20.42639923095703 -3.2836499214172365
v 0.0717519000172615 17.66309928894043 3.087589979171753
v 0.6764439940452576 17.052900314331056 3.669840097427368
v 0.06099709868431091 18.871000289916993 1.7180299758911133
v -0.5548179745674133 19.547500610351564 1.3092999458312989
v -1.0522199869155884 20.048500061035158 0.5989159941673279
v -1.36735999584198 20.46139907836914 -0.2459930032491684
v -1.6676700115203858 20.869600296020509 -1.060420036315918
v -1.5717500448226929 21.132600784301759 -1.9585399627685547
v 4.034029960632324 20.34149932861328 -2.836250066757202
v 4.741409778594971 16.019899368286134 2.7635300159454347
v 0.5523849725723267 22.058700561523439 -4.182310104370117
v 2.7258799076080324 12.033699989318848 4.231029987335205
v 3.102720022201538 12.973999977111817 4.174930095672607
v 2.4339699745178224 11.08240032196045 4.491690158843994
v 2.0536000728607179 10.151800155639649 4.597099781036377
v 1.6076200008392335 9.261910438537598 4.526820182800293
v 3.366339921951294 13.929900169372559 3.854789972305298
v 1.0990699529647828 8.422840118408204 4.309410095214844
v 0.39792099595069888 5.128550052642822 1.603309988975525
v 0.19806699454784394 5.65008020401001 3.3653299808502199
v -0.025384599342942239 5.454919815063477 2.4210500717163088
v 1.057360053062439 6.755370140075684 4.1872100830078129
v 0.4886760115623474 3.52987003326416 2.7018799781799318
v 1.1324299573898316 2.5946099758148195 2.8966500759124758
v 1.4032399654388428 13.694700241088868 4.673749923706055
v 1.3357499837875367 16.284099578857423 3.8637099266052248
v -1.0952800512313843 2.765079975128174 5.395890235900879
v -1.28711998462677 21.291200637817384 -2.8107099533081056
v -0.7486860156059265 21.32670021057129 -3.4858999252319338
v 0.5698580145835877 18.305099487304689 2.378459930419922
v 4.772860050201416 18.928199768066408 -2.013170003890991
v 5.00600004196167 18.4906005859375 -1.1395200490951539
v 5.0666399002075199 17.943700790405275 -0.31676000356674197
v 6.041289806365967 17.762699127197267 0.08563140034675598
v 6.227570056915283 17.44529914855957 0.9801679849624634
v 4.320079803466797 19.794099807739259 -1.963860034942627
v 5.770540237426758 17.212600708007814 1.8946199417114258
v 4.9948201179504398 16.999099731445314 2.4985899925231935
v -0.349604994058609 22.2101993560791 -3.765929937362671
v 1.3248800039291382 22.871999740600587 -4.213129997253418
v 2.3212599754333498 22.4375 -3.9199600219726564
v 3.124730110168457 21.90559959411621 -3.4349799156188967
v 3.724289894104004 21.342599868774415 -2.734489917755127
v 3.632080078125 14.896300315856934 3.589400053024292
v 3.9098498821258547 15.85789966583252 3.3210599422454836
v 0.7029100060462952 7.46658992767334 4.498700141906738
v -0.025311699137091638 4.387050151824951 2.3922600746154787
v 0.5068529844284058 5.891119956970215 4.20251989364624
v -0.819238007068634 3.1315999031066896 4.254479885101318
v -0.06776390224695206 3.324270009994507 3.5943899154663088
v -0.549356997013092 6.342850208282471 5.08335018157959
v -0.1891999989748001 7.29026985168457 4.913980007171631
v -0.8971189856529236 5.408299922943115 5.287610054016113
v -1.2740199565887452 4.4770002365112309 5.413690090179443
v 0.18565000593662263 8.220319747924805 4.765999794006348
v 0.568274974822998 9.128809928894043 4.759739875793457
v 1.006600022315979 10.018500328063965 4.999070167541504
v 1.4156399965286255 10.965999603271485 4.926670074462891
v 1.7626999616622925 11.90410041809082 4.736760139465332
v 2.0858500003814699 12.827500343322754 4.497829914093018
v 1.7081700563430787 14.626299858093262 4.337649822235107
v 2.0358901023864748 15.554400444030762 4.091619968414307
v -0.6718029975891113 3.6528100967407228 5.26800012588501
v 1.0691399574279786 17.87540054321289 3.1295900344848635
v 1.681089997291565 17.196500778198243 3.536489963531494
v 1.1691099405288697 19.064300537109376 1.6583499908447266
v 0.46023300290107729 19.86090087890625 1.468369960784912
v -0.17194899916648866 20.45509910583496 0.921317994594574
v -0.7271749973297119 20.964000701904298 0.25292500853538515
v -1.2790100574493409 21.482900619506837 -0.38887399435043337
v -1.4965200424194337 21.867000579833986 -1.2939300537109376
v -1.3695800304412842 22.121000289916993 -2.217129945755005
v 4.101240158081055 20.777000427246095 -1.9027299880981446
v 4.138329982757568 16.78339958190918 2.907680034637451
v 0.23143799602985383 23.060699462890626 -3.924639940261841
v 2.400480031967163 13.796500205993653 4.254280090332031
v 2.703279972076416 14.753800392150879 4.027009963989258
v -0.20017500221729279 4.746990203857422 3.298769950866699
v -0.03344320133328438 5.052440166473389 4.241399765014648
v 0.4753499925136566 6.471340179443359 4.809969902038574
v -0.08061250299215317 3.755500078201294 3.167220115661621
v 2.3157799243927 16.441600799560548 3.647469997406006
v -0.9663190245628357 22.23270034790039 -3.0619399547576906
v 1.4843699932098389 18.550899505615236 2.4577200412750246
v 4.477859973907471 19.334199905395509 -1.0801399946212769
v 4.470300197601318 18.742799758911134 -0.1818220019340515
v 5.5918498039245609 18.80780029296875 0.0995958000421524
v 6.14040994644165 18.42259979248047 0.6388109922409058
v 5.830349922180176 18.20330047607422 1.5043699741363526
v 4.111609935760498 20.23200035095215 -1.0630799531936646
v 5.143089771270752 18.04319953918457 2.2296700477600099
v 4.441989898681641 17.725900650024415 2.702810049057007
v -0.6308659911155701 23.176799774169923 -3.374660015106201
v 0.830909013748169 23.7716007232666 -4.08843994140625
v 2.304640054702759 23.604999542236329 -3.803770065307617
v 3.0146501064300539 22.970699310302736 -3.3125500679016115
v 3.520829916000366 22.344999313354493 -2.6290199756622316
v 3.7899699211120607 21.743600845336915 -1.8214999437332154
v 2.9946300983428957 15.699199676513672 3.7595698833465578
v 3.2375500202178957 16.594999313354493 3.2990100383758547
v 0.21223600208759309 5.486569881439209 5.0520501136779789
v -0.5095610022544861 4.083799839019775 4.051839828491211
v -0.23423899710178376 4.569650173187256 5.2029900550842289
v 2.03056001663208 18.08370018005371 3.1529600620269777
v 2.6525700092315676 17.365299224853517 3.3949999809265138
v 1.544160008430481 20.141799926757814 1.1587200164794922
v 1.8957899808883668 18.994400024414064 1.627940058708191
v 0.7382919788360596 20.8518009185791 1.068600058555603
v 0.03545289859175682 21.43320083618164 0.6032220125198364
v -0.7166489958763123 22.016599655151368 0.1939229965209961
v -1.1139800548553467 22.489900588989259 -0.619828999042511
v -1.2600699663162232 22.864200592041017 -1.5646599531173707
v -1.0504900217056275 23.097200393676759 -2.490920066833496
v 3.847209930419922 21.165300369262697 -1.0225800275802613
v 3.610960006713867 17.512500762939454 3.1339199542999269
v -0.11025600135326386 24.045299530029298 -3.632499933242798
v 1.5178699493408204 24.29840087890625 -4.055180072784424
v 2.402590036392212 18.784000396728517 2.5500500202178957
v 2.4392800331115724 19.43709945678711 0.8956559896469116
v 3.995270013809204 19.758899688720704 -0.2976140081882477
v 5.075200080871582 19.701400756835939 0.49564599990844729
v 5.70566987991333 19.12459945678711 1.0637199878692628
v 5.279439926147461 18.9468994140625 1.8875600099563599
v 3.6694700717926027 20.662599563598634 -0.29677700996398928
v 4.013110160827637 18.218399047851564 2.704010009765625
v -0.8096539974212647 24.082199096679689 -2.825779914855957
v 0.6252239942550659 24.753700256347658 -3.676140069961548
v 2.3968799114227297 24.767000198364259 -3.6477999687194826
v 3.1559500694274904 24.075899124145509 -3.266439914703369
v 3.5629799365997316 23.385099411010743 -2.5513501167297365
v 3.635540008544922 22.71739959716797 -1.7482999563217164
v 3.6292800903320314 22.119199752807618 -0.915278971195221
v 3.000649929046631 18.13759994506836 2.909519910812378
v 2.498879909515381 20.67639923095703 0.746694028377533
v 1.667490005493164 21.28890037536621 0.885208010673523
v 2.850939989089966 19.29290008544922 1.8202600479125977
v 0.847690999507904 21.906099319458009 0.8146179914474487
v 0.08958449959754944 22.478200912475587 0.48486998677253725
v -0.5626699924468994 23.02750015258789 -0.03005390055477619
v -0.9841820001602173 23.515600204467775 -0.8455079793930054
v -1.071079969406128 23.87849998474121 -1.8063199520111085
v 3.3118200302124025 19.79490089416504 0.2970699965953827
v 4.16048002243042 19.50279998779297 0.3843100070953369
v 4.407509803771973 18.9281005859375 2.2761900424957277
v 3.265929937362671 21.454099655151368 -0.11850400269031525
v -0.21775199472904206 24.950300216674806 -3.0258800983428957
v 1.4721599817276 25.371599197387697 -3.6459100246429445
v 3.3995800018310549 18.894500732421876 2.496190071105957
v 3.437459945678711 19.670900344848634 1.0580999851226807
v 4.3472700119018559 19.90290069580078 1.1148500442504883
v 4.8509202003479 19.55109977722168 1.5421899557113648
v -0.677727997303009 24.83139991760254 -2.0479300022125246
v 0.5946800112724304 25.64550018310547 -3.0284900665283205
v 2.414789915084839 25.832000732421876 -3.322969913482666
v 3.216870069503784 25.179399490356447 -3.0008699893951418
v 3.7724599838256838 24.426799774169923 -2.412630081176758
v 3.9294800758361818 23.68779945373535 -1.633970022201538
v 3.6325600147247316 23.09980010986328 -0.8046709895133972
v 3.125380039215088 22.563600540161134 -0.06714220345020294
v 2.5139899253845217 21.851499557495118 0.45369499921798708
v 1.716380000114441 22.387300491333009 0.6399279832839966
v 3.823349952697754 19.54680061340332 1.8642499446868897
v 0.8968719840049744 22.947200775146486 0.7328609824180603
v 0.10823199898004532 23.526899337768556 0.4794650077819824
v -0.5769079923629761 24.08370018005371 -0.09143319725990296
v -0.8915209770202637 24.55780029296875 -1.0189399719238282
v -0.11090099811553955 25.734899520874025 -2.2271499633789064
v 1.4980599880218506 26.21540069580078 -2.9422800540924074
v -0.46107301115989687 25.494300842285158 -1.2202500104904175
v 0.7167720198631287 26.430999755859376 -2.219710111618042
v 2.4264800548553469 26.586599349975587 -2.6964499950408937
v 3.2690300941467287 26.271499633789064 -2.588629961013794
v 3.6855099201202394 25.463199615478517 -2.0006000995635988
v 4.11883020401001 24.691600799560548 -1.4133700132369996
v 4.025889873504639 24.034400939941408 -0.6504539847373962
v 3.5949900150299074 23.561599731445314 0.20247399806976319
v 2.6333301067352297 22.89900016784668 0.4572350084781647
v 1.7676199674606324 23.380300521850587 0.9574750065803528
v 0.8882020115852356 23.977800369262697 0.9706349968910217
v 0.07155469805002213 24.58009910583496 0.5695070028305054
v -0.39704200625419619 25.097200393676759 -0.26187101006507876
v 0.24103200435638429 26.252599716186525 -1.2996200323104859
v 1.7333099842071534 26.74209976196289 -1.995609998703003
v -0.05863479897379875 26.029199600219728 -0.4159640073776245
v 1.0709600448608399 26.920299530029298 -1.2089500427246094
v 2.7826499938964845 26.79050064086914 -1.773800015449524
v 3.8443400859832765 26.53860092163086 -1.571429967880249
v 4.008230209350586 25.64859962463379 -0.9703760147094727
v 4.428520202636719 24.894800186157228 -0.396342009305954
v 4.337639808654785 24.23819923400879 0.27239999175071719
v 2.6737000942230226 23.835399627685548 0.9420589804649353
v 1.805709958076477 24.416400909423829 1.1918400526046754
v 0.9663640260696411 25.02989959716797 0.9269959926605225
v 0.27022799849510195 25.607900619506837 0.36285400390625
v 0.6041690111160278 26.61949920654297 -0.20691700279712678
v 2.0541799068450929 26.999300003051759 -0.8597000241279602
v 3.606369972229004 24.231300354003908 0.9943320155143738
v 1.4884699583053589 26.906700134277345 -0.011685400269925595
v 3.053189992904663 26.73940086364746 -0.7390909790992737
v 4.022140026092529 26.5221004486084 -0.3833540081977844
v 4.438509941101074 25.716699600219728 0.09028249979019165
v 5.010819911956787 24.961200714111329 0.5435010194778442
v 4.6011199951171879 24.310199737548829 1.2891600131988526
v 2.758359909057617 24.839799880981447 1.1030000448226929
v 1.9483200311660767 25.46419906616211 0.98260498046875
v 1.1657099723815919 26.09320068359375 0.5947030186653137
v 2.3484699726104738 26.94849967956543 0.04386499896645546
v 3.7342898845672609 25.143999099731447 1.3481500148773194
v 2.051650047302246 26.517900466918947 0.9500060081481934
v 3.1557400226593019 26.66160011291504 0.4272629916667938
v 3.9075798988342287 26.111900329589845 0.7369250059127808
v 4.791059970855713 25.646299362182618 1.3532600402832032
v 5.398749828338623 24.69099998474121 1.5298899412155152
v 2.934000015258789 25.87529945373535 1.0157300233840943
vn -0.2862675189971924 -0.6360635757446289 -0.716571033000946
vn -0.557016134262085 -0.7010266780853272 -0.4453028440475464
vn -0.6775184273719788 -0.5191118717193604 -0.5210486650466919
vn -0.7519304156303406 -0.3266136646270752 -0.5726465582847595
vn -0.47496891021728518 -0.5791094899177551 -0.6625984907150269
vn -0.09204068779945374 -0.587166965007782 -0.8042160868644714
vn -0.5793588161468506 -0.07088154554367066 -0.8119847178459168
vn -0.5471470355987549 -0.5243412852287293 -0.652454137802124
vn -0.1666153371334076 -0.5717096328735352 -0.803360104560852
vn -0.6293830871582031 -0.29052385687828066 -0.7207446694374085
vn -0.668266236782074 -0.14682210981845857 -0.729289710521698
vn 0.4203648865222931 -0.27131539583206179 -0.8658413290977478
vn -0.23725657165050507 -0.0467558354139328 -0.9703211188316345
vn -0.7530876398086548 0.08449062705039978 -0.6524724960327148
vn -0.9241019487380981 -0.045621540397405627 -0.37941309809684756
vn -0.5272948145866394 -0.3099581301212311 -0.7911296486854553
vn -0.6364414095878601 -0.28091487288475039 -0.7183517217636108
vn 0.18942272663116456 -0.26013684272766116 -0.9468092918395996
vn -0.31938841938972475 0.15317705273628236 -0.9351618885993958
vn -0.5963538289070129 0.10809360444545746 -0.7954105138778687
vn -0.5551632046699524 -0.42882809042930605 -0.7126712203025818
vn 0.08541525900363922 -0.4494015574455261 -0.8892369866371155
vn -0.35635650157928469 -0.18027333915233613 -0.9167941212654114
vn -0.6529746651649475 -0.14590328931808473 -0.7431933283805847
vn -0.6467044353485107 -0.12535598874092103 -0.7523690462112427
vn -0.5273122787475586 -0.028917822986841203 -0.8491793274879456
vn 0.8011839985847473 -0.24355915188789369 -0.5466105341911316
vn -0.023913897573947908 0.12220808118581772 -0.9922163486480713
vn 0.09303858876228333 0.0981663390994072 -0.9908113479614258
vn -0.883960485458374 0.05520065873861313 -0.4642917215824127
vn -0.7014020681381226 0.011296902783215046 -0.7126763463020325
vn -0.9335891604423523 0.20355431735515595 -0.29491835832595827
vn -0.8432192802429199 -0.07702548056840897 -0.5320227146148682
vn -0.7501451969146729 0.08955162018537522 -0.6551814079284668
vn -0.825493574142456 -0.13278979063034059 -0.5485684275627136
vn 0.29622796177864077 -0.13597571849822999 -0.9453886151313782
vn 0.3027680814266205 0.06886501610279083 -0.9505730271339417
vn -0.14583347737789155 0.12681171298027039 -0.9811479449272156
vn 0.2755805253982544 0.13707321882247926 -0.9514548182487488
vn -0.5280188322067261 0.03543281927704811 -0.8484931588172913
vn -0.4878280460834503 0.16691790521144868 -0.8568326234817505
vn 0.1178092211484909 -0.4655762016773224 -0.8771315217018127
vn -0.23378001153469087 -0.2783840298652649 -0.9315842390060425
vn -0.7265761494636536 0.09695696085691452 -0.6802105903625488
vn -0.6695156097412109 -0.07623686641454697 -0.7388753890991211
vn -0.5933653712272644 -0.09367547929286957 -0.7994637489318848
vn -0.7702098488807678 -0.027988363057374955 -0.6371760964393616
vn -0.4107714891433716 -0.016174186021089555 -0.9115948677062988
vn 0.2555338442325592 -0.21009771525859834 -0.9436956644058228
vn 0.7612720131874085 -0.2899477481842041 -0.5799959301948547
vn 0.027580980211496354 -0.017412465065717698 -0.9994679093360901
vn 0.4287233054637909 0.041921455413103107 -0.9024626612663269
vn 0.6629173755645752 0.06298230588436127 -0.7460387945175171
vn -0.7187084555625916 0.3359042704105377 -0.6087910532951355
vn -0.7401865124702454 0.4587409198284149 -0.49161040782928469
vn -0.561465859413147 0.36947131156921389 -0.7404370903968811
vn -0.4422776997089386 0.713461697101593 -0.5434730052947998
vn -0.8486063480377197 0.13529980182647706 -0.511430561542511
vn -0.8867936134338379 -0.16465359926223756 -0.43184053897857668
vn -0.8067302703857422 0.17655758559703828 -0.5639270544052124
vn -0.8551628589630127 -0.05019358918070793 -0.5159236192703247
vn 0.26816365122795107 -0.17255546152591706 -0.94779372215271
vn -0.355581670999527 0.3476170003414154 -0.8675968050956726
vn 0.2839372754096985 0.4325156807899475 -0.8557510375976563
vn 0.8454618453979492 0.11036699265241623 -0.522506833076477
vn -0.5177260637283325 0.44239383935928347 -0.7322891354560852
vn -0.152319073677063 0.26936498284339907 -0.9509161114692688
vn 0.1422499120235443 -0.43157127499580386 -0.8907924890518189
vn -0.7659579515457153 0.08555936813354492 -0.6371719837188721
vn -0.8391391634941101 0.13252577185630799 -0.5275247693061829
vn -0.682418942451477 -0.004514159169048071 -0.7309473156929016
vn -0.7767254114151001 0.041960280388593677 -0.6284401416778565
vn -0.5233089327812195 -0.027910612523555757 -0.8516858816146851
vn -0.8355355262756348 0.10038335621356964 -0.5401884317398071
vn -0.3629376292228699 -0.06734010577201843 -0.929377019405365
vn 0.07934291660785675 -0.3439885973930359 -0.9356156587600708
vn -0.153512641787529 -0.2752517759799957 -0.9490365386009216
vn 0.6472421288490295 -0.30849650502204897 -0.6970706582069397
vn 0.5409348011016846 -0.2322750687599182 -0.8083550333976746
vn 0.8500964045524597 -0.17231187224388123 -0.49763914942741396
vn 0.9877733588218689 -0.13475434482097627 -0.07839038968086243
vn -0.685583233833313 0.493150919675827 -0.5355164408683777
vn -0.6247618794441223 0.43056949973106387 -0.6513697504997253
vn -0.4276881217956543 0.6015154123306274 -0.6747311353683472
vn -0.49207091331481936 0.4429751932621002 -0.7494258880615234
vn -0.5156030058860779 0.6048809289932251 -0.6068547368049622
vn -0.3111804723739624 -0.23193244636058808 -0.9216148853302002
vn -0.7624012231826782 0.2144513577222824 -0.6105365753173828
vn -0.8586830496788025 -0.055235255509614947 -0.5095218420028687
vn -0.9081612825393677 -0.12306169420480728 -0.40012362599372866
vn -0.7847002744674683 0.10403425246477127 -0.6110828518867493
vn -0.8994836211204529 0.11600988358259201 -0.42127299308776858
vn 0.24989643692970277 -0.3076874613761902 -0.9180850386619568
vn 0.3484271764755249 -0.33029693365097048 -0.8772129416465759
vn -0.6386585235595703 0.5292584300041199 -0.5585702657699585
vn -0.16529136896133424 0.7729061245918274 -0.6126131415367127
vn 0.918379008769989 0.374393105506897 -0.12810076773166657
vn 0.9739196300506592 0.025012005120515825 0.22551041841506959
vn -0.5550933480262756 0.3640371263027191 -0.7478959560394287
vn -0.22229966521263123 -0.0468953512609005 -0.9738499522209168
vn -0.8216050267219544 0.04058391600847244 -0.5686107277870178
vn -0.8714064359664917 0.10370346158742905 -0.47947511076927187
vn -0.7974177002906799 0.042165227234363559 -0.6019527316093445
vn -0.7755948901176453 -0.011950366199016571 -0.6311177611351013
vn -0.6683053970336914 -0.13371160626411439 -0.7317712306976318
vn -0.8480060696601868 0.08771360665559769 -0.5226777791976929
vn -0.4712809920310974 -0.21365706622600556 -0.8557130694389343
vn -0.8853269815444946 0.17409707605838777 -0.43114542961120608
vn -0.40121012926101687 -0.29771870374679568 -0.8662527799606323
vn -0.0611257329583168 -0.3959272503852844 -0.91624516248703
vn -0.07830975949764252 -0.24125118553638459 -0.9672980308532715
vn 0.38297516107559206 -0.33529624342918398 -0.8607591986656189
vn 0.46560800075531008 -0.3932591378688812 -0.7928155064582825
vn 0.5743763446807861 -0.38664039969444277 -0.7215269207954407
vn 0.6151859164237976 -0.45945248007774355 -0.6406635642051697
vn 0.749691367149353 -0.5686612129211426 -0.33850738406181338
vn 0.47276589274406435 0.8265631794929504 -0.3054269850254059
vn 0.9246912002563477 -0.3552517592906952 0.13690285384655
vn -0.6690213084220886 0.033737193793058398 -0.7424770593643189
vn -0.6067971587181091 0.16304101049900056 -0.7779555916786194
vn -0.6503432393074036 -0.09220223873853684 -0.754024088382721
vn -0.6433839797973633 0.37956905364990237 -0.6648190021514893
vn -0.5764806866645813 -0.058174729347229007 -0.8150372505187988
vn -0.8020787835121155 0.2695060670375824 -0.5329503417015076
vn -0.40540024638175967 -0.24940837919712068 -0.8794578313827515
vn -0.7706925868988037 0.13044574856758119 -0.6237121820449829
vn -0.7974869012832642 0.18194715678691865 -0.5752476453781128
vn -0.881300151348114 0.008778760209679604 -0.4724753797054291
vn -0.9347718954086304 0.15529434382915498 -0.3195076584815979
vn -0.8462565541267395 0.10887450724840164 -0.5215325355529785
vn -0.9306946992874146 0.23393774032592774 -0.28121253848075869
vn 0.35566970705986025 -0.4465221166610718 -0.8210463523864746
vn 0.5990371704101563 -0.3515351116657257 -0.7194286584854126
vn -0.32797732949256899 0.7675870656967163 -0.550673246383667
vn -0.7374334931373596 0.15564024448394776 -0.6572426557540894
vn 0.2868683934211731 0.8214254379272461 -0.49291661381721499
vn 0.7866239547729492 0.6124011278152466 0.07866205275058747
vn 0.6189001798629761 0.7693087458610535 0.15851423144340516
vn 0.9097020030021668 0.4128272235393524 0.04489908739924431
vn -0.5425577163696289 -0.0705915316939354 -0.8370472192764282
vn -0.33089354634284975 -0.10871255397796631 -0.9373851418495178
vn -0.9027527570724487 0.05438853055238724 -0.42670759558677676
vn -0.8546615242958069 0.03860171511769295 -0.5177486538887024
vn -0.8204252123832703 -0.020148582756519319 -0.5713987946510315
vn -0.8621700406074524 0.04889650270342827 -0.5042538642883301
vn -0.7961236834526062 -0.13993528485298158 -0.5887318253517151
vn -0.8532699346542358 -0.11279644817113877 -0.509124219417572
vn -0.6485112309455872 -0.22134599089622498 -0.7283124327659607
vn -0.920413613319397 -0.03590339049696922 -0.38929373025894167
vn -0.4551534950733185 -0.24861980974674226 -0.8549991250038147
vn -0.9452261924743652 0.07139943540096283 -0.3185115158557892
vn -0.3528669476509094 -0.19040894508361817 -0.9160946011543274
vn 0.04891828075051308 -0.3276301920413971 -0.9435388445854187
vn -0.13356684148311616 -0.3519270420074463 -0.9264487624168396
vn 0.3750216066837311 -0.3696025609970093 -0.850148618221283
vn 0.5751848816871643 -0.38494235277175906 -0.7217906713485718
vn 0.40278276801109316 -0.26879316568374636 -0.874937891960144
vn 0.6391234993934631 -0.4124288260936737 -0.6491715312004089
vn 0.7057000398635864 -0.31422504782676699 -0.6350197196006775
vn 0.5180557370185852 -0.5923722386360169 -0.6170197129249573
vn 0.599045991897583 -0.7482162714004517 -0.2851600646972656
vn 0.4735927879810333 0.8654376864433289 -0.163486048579216
vn 0.9502211213111877 -0.21254011988639832 -0.22782979905605317
vn -0.385042279958725 -0.7718509435653687 -0.5059530735015869
vn -0.4161064922809601 -0.7292232513427734 -0.5432207584381104
vn -0.8269699811935425 -0.0013979406794533134 -0.5622442960739136
vn -0.3977583646774292 -0.7825940251350403 -0.47888925671577456
vn -0.3652639389038086 -0.7605599164962769 -0.5367783308029175
vn -0.7611225843429565 0.038511671125888827 -0.6474636793136597
vn -0.5098263621330261 -0.22745539247989655 -0.8296632766723633
vn -0.9380792379379273 0.2444872111082077 -0.24542458355426789
vn -0.9297880530357361 0.24881206452846528 -0.2712688148021698
vn -0.9574633240699768 0.23952941596508027 -0.16090257465839387
vn -0.9380118250846863 0.28249192237854006 -0.20082883536815644
vn -0.9435865879058838 0.30195778608322146 -0.13588906824588777
vn -0.972900927066803 0.22484688460826875 -0.053923435509204867
vn -0.9849222898483276 0.15942321717739106 -0.06717346608638764
vn 0.5035366415977478 -0.19133536517620088 -0.8425210118293762
vn 0.7056102156639099 -0.359184592962265 -0.6108196377754211
vn 0.5987433791160584 -0.7176454067230225 -0.3556564152240753
vn 0.24583697319030763 0.5793668031692505 -0.7771089673042297
vn -0.35284122824668887 0.14483371376991273 -0.9244059324264526
vn -0.35671496391296389 -0.27244460582733157 -0.8936041593551636
vn 0.6045354604721069 0.5821999907493591 -0.5436727404594421
vn 0.45477494597435 0.8748314380645752 -0.16688215732574464
vn 0.331861674785614 0.9290380477905273 -0.16357307136058808
vn 0.4381740689277649 0.8952222466468811 0.08112046867609024
vn 0.6206934452056885 0.7489433884620667 -0.23199871182441712
vn -0.47181934118270876 -0.7515591979026794 -0.46102622151374819
vn -0.2569092810153961 -0.6716216206550598 -0.6949259638786316
vn -0.4279899001121521 -0.14343562722206117 -0.8923289179801941
vn -0.9364174604415894 0.0776323527097702 -0.3421921730041504
vn -0.879024088382721 -0.09709351509809494 -0.46678632497787478
vn -0.8765981793403626 0.029363375157117845 -0.48032644391059878
vn -0.8761678338050842 -0.0904495045542717 -0.47344350814819338
vn -0.9690938591957092 0.1712440401315689 0.17757441103458405
vn -0.8214007616043091 0.006265914533287287 -0.5703170895576477
vn -0.8061151504516602 0.03047478012740612 -0.5909733772277832
vn -0.9145057201385498 -0.05237310007214546 -0.4011686146259308
vn -0.6496955156326294 -0.012381882406771183 -0.7600936889648438
vn -0.9615105986595154 -0.005422221031039953 -0.27471429109573367
vn -0.4571285843849182 -0.026901433244347574 -0.8889936804771423
vn -0.9826897978782654 0.06834233552217484 -0.1721918284893036
vn -0.2706967294216156 -0.001718468265607953 -0.9626631140708923
vn 0.15832941234111787 -0.2570517957210541 -0.9533394575119019
vn 0.3230516016483307 -0.34955427050590517 -0.879459798336029
vn -0.09631967544555664 -0.15203534066677094 -0.9836705923080444
vn 0.5732484459877014 -0.41814765334129336 -0.704655110836029
vn 0.6960871815681458 -0.4065306484699249 -0.5917731523513794
vn 0.46903136372566225 -0.20404236018657685 -0.859288215637207
vn 0.771751344203949 -0.35886362195014956 -0.5249922275543213
vn 0.7481414079666138 -0.5142690539360046 -0.4192991256713867
vn 0.7300766706466675 -0.3460303843021393 -0.5892801284790039
vn 0.5516453385353088 -0.7115810513496399 -0.4351319968700409
vn 0.5124134421348572 -0.6721141934394836 -0.5345042943954468
vn 0.5962998270988464 0.6908037066459656 -0.40892142057418826
vn 0.6427260041236877 0.6519794464111328 -0.4022761881351471
vn 0.7653580904006958 0.24365666508674622 -0.5957000255584717
vn -0.01007015723735094 -0.9997513890266419 -0.01989695429801941
vn -0.005636691115796566 -0.999923586845398 -0.011000407859683037
vn -0.017985135316848756 -0.9998379349708557 -0.0008178455755114555
vn -0.5411561131477356 -0.765765368938446 -0.3474958837032318
vn -0.011757043190300465 -0.9996009469032288 -0.025683967396616937
vn -0.013915382325649262 -0.9995442628860474 -0.026788856834173204
vn -0.42911574244499209 -0.7440831661224365 -0.5120547413825989
vn -0.6399666666984558 -0.21877023577690125 -0.7366017699241638
vn -0.9370116591453552 0.26534655690193179 0.22715717554092408
vn -0.9312168955802918 0.3316429853439331 0.15115515887737275
vn -0.9150997400283814 0.38598376512527468 0.11665765941143036
vn -0.9063628315925598 0.2186400443315506 0.3615286648273468
vn -0.914254903793335 0.38488417863845827 0.1264992207288742
vn -0.9368262887001038 0.32173198461532595 0.13727755844593049
vn -0.8540163040161133 0.17155607044696809 0.4911462366580963
vn -0.9800054430961609 0.19445264339447022 0.042161013931035998
vn 0.5219705700874329 -0.09264196455478668 -0.8479176163673401
vn 0.7201393246650696 -0.3810354471206665 -0.5798372626304627
vn 0.6951709985733032 -0.6044829487800598 -0.38902145624160769
vn 0.2092086523771286 -0.32920342683792117 -0.9207913875579834
vn 0.7103245854377747 0.04604113847017288 -0.702366828918457
vn 0.15378177165985108 -0.3719371557235718 -0.9154309630393982
vn 0.7713934183120728 0.10628367960453034 -0.6274201273918152
vn 0.3398089110851288 0.9023549556732178 -0.26511383056640627
vn 0.29486629366874697 0.9456440210342407 -0.13715362548828126
vn 0.46940794587135317 0.856265127658844 -0.21556006371974946
vn 0.8978456854820252 0.3630884289741516 -0.24907797574996949
vn 0.23735319077968598 0.715509295463562 -0.6570463180541992
vn -0.007307662162929773 -0.9999670386314392 -0.0035298550501465799
vn 0.13761140406131745 -0.9279466867446899 -0.3463786542415619
vn -0.33666911721229555 -0.7878934144973755 -0.5156334638595581
vn -0.9578049182891846 0.13000954687595368 -0.25633421540260317
vn -0.9860824942588806 -0.040363114327192309 -0.1612824648618698
vn -0.9508752822875977 -0.3082684576511383 0.02840445563197136
vn -0.8938987255096436 -0.04211079329252243 -0.4462866485118866
vn -0.9486280083656311 0.21339482069015504 0.23359690606594087
vn -0.38353681564331057 0.02224333956837654 0.92325758934021
vn -0.8288864493370056 0.18136218190193177 -0.5292021632194519
vn -0.8570414781570435 0.22948157787322999 -0.46132197976112368
vn -0.7973464727401733 0.13607944548130036 -0.5879804491996765
vn -0.9552235007286072 0.16373847424983979 -0.24645043909549714
vn -0.6162198185920715 0.11223344504833222 -0.779536247253418
vn -0.9703174233436585 0.1974925994873047 -0.13957326114177705
vn -0.43725642561912539 0.035627398639917377 -0.8986309170722961
vn -0.20546197891235352 -0.014089350588619709 -0.9785637259483337
vn 0.1491723358631134 -0.20590585470199586 -0.9671351313591003
vn 0.3624534010887146 -0.21982449293136598 -0.9057067632675171
vn 0.6121222376823425 -0.29639461636543276 -0.7331143617630005
vn -0.11882936954498291 -0.10270147025585175 -0.9875890016555786
vn 0.7179856896400452 -0.36853086948394778 -0.5904926061630249
vn 0.7431143522262573 -0.3749144971370697 -0.5542744994163513
vn 0.4221850037574768 -0.1636003851890564 -0.8916247487068176
vn 0.8149697184562683 -0.3985399305820465 -0.42070212960243227
vn 0.7898133397102356 -0.4598315954208374 -0.40589386224746706
vn 0.7939082384109497 -0.3745346665382385 -0.4789920747280121
vn 0.2985975444316864 -0.3412463963031769 -0.8912858366966248
vn 0.12170173227787018 -0.4028509259223938 -0.9071382284164429
vn 0.12700344622135163 -0.08204174786806107 -0.9885035157203674
vn 0.40553972125053408 -0.5457831025123596 -0.7332518696784973
vn 0.005581820383667946 -0.9999825358390808 0.0019457567250356079
vn 0.005016695708036423 -0.9999801516532898 0.003796264762058854
vn -0.0007026173989288509 -0.9999757409095764 0.006917005870491266
vn -0.004279764369130135 -0.9999570250511169 0.00822549406439066
vn 0.004908910021185875 -0.9999035000801086 0.012992234900593758
vn 0.005154643207788467 -0.9999866485595703 -0.00012819805124308914
vn 0.002154272049665451 -0.9999974370002747 -0.0006104151252657175
vn 0.00916970707476139 -0.9997414350509644 0.020808178931474687
vn -0.4780985713005066 -0.7881343960762024 -0.3876415193080902
vn -0.8951572179794312 -0.06610594689846039 0.44082143902778628
vn -0.5092735886573792 0.11636345833539963 0.8527015447616577
vn -0.6940394043922424 0.17336319386959077 0.6987520456314087
vn -0.7578336000442505 0.34962034225463869 0.550866425037384
vn -0.8108644485473633 0.39043062925338747 0.4359619617462158
vn -0.3590569496154785 0.08428993821144104 0.9295016527175903
vn -0.862314760684967 0.3617347478866577 0.35434627532958987
vn -0.897699773311615 0.2951537072658539 0.32713842391967776
vn -0.4723581075668335 -0.16121987998485566 0.8665367960929871
vn -0.9275097250938416 0.25996875762939455 0.26859235763549807
vn -0.9647778272628784 0.26249241828918459 0.017366738989949228
vn 0.48960235714912417 -0.15398550033569337 -0.8582412600517273
vn 0.8123857378959656 -0.3296690285205841 -0.48098617792129519
vn 0.7642035484313965 -0.19536171853542329 -0.6146761178970337
vn 0.6602145433425903 -0.4428183436393738 -0.6066535711288452
vn 0.8659173250198364 -0.30177009105682375 -0.3989008367061615
vn -0.06845495849847794 0.6271060109138489 -0.7759201526641846
vn 0.1640586256980896 0.9044879674911499 -0.39368292689323428
vn 0.3589230477809906 0.8812368512153626 -0.30756452679634097
vn 0.5035551190376282 0.604364812374115 -0.6173940300941467
vn -0.22245340049266816 0.12907540798187257 -0.9663612246513367
vn -0.004440590739250183 -0.9999582767486572 0.007983163930475712
vn 0.2690902054309845 -0.9003592133522034 -0.3419703543186188
vn -0.00218387134373188 -0.9998654723167419 0.01625683344900608
vn -0.9877751469612122 -0.017252249643206598 0.1549278199672699
vn -0.8842982649803162 0.10229694843292237 0.45557859539985659
vn -0.6880812048912048 -0.16628128290176392 0.7063248157501221
vn -0.7279974222183228 -0.6600081920623779 -0.185496523976326
vn -0.9060404300689697 0.24806849658489228 0.34285974502563479
vn -0.672299861907959 0.0849333330988884 0.7353905439376831
vn -0.6614966988563538 0.11428546905517578 0.7411888837814331
vn -0.8596174120903015 0.23900939524173737 -0.4515887498855591
vn -0.8554630875587463 0.1581546664237976 -0.4931226670742035
vn -0.8949143886566162 0.29789862036705019 -0.33224186301231387
vn -0.7698113918304443 0.13508400321006776 -0.6238130927085877
vn -0.9566028118133545 0.2606584131717682 -0.13026219606399537
vn -0.6248759627342224 0.062361691147089007 -0.7782294750213623
vn -0.4312010109424591 -0.01883086748421192 -0.9020593762397766
vn -0.1462736278772354 -0.06289348751306534 -0.9872428774833679
vn 0.18067994713783265 -0.12086115777492523 -0.976087749004364
vn 0.437712699174881 -0.1226123720407486 -0.8907153010368347
vn 0.6013201475143433 -0.17413559556007386 -0.7798017859458923
vn 0.7232584953308106 -0.27473488450050356 -0.6335755586624146
vn -0.1600051373243332 -0.0406365729868412 -0.9862793684005737
vn 0.7654986381530762 -0.32925066351890566 -0.5528163313865662
vn 0.8329906463623047 -0.3345407247543335 -0.4406915307044983
vn 0.3701426088809967 -0.12557068467140199 -0.9204490780830383
vn 0.9035865068435669 -0.3737463355064392 -0.2093922644853592
vn 0.8940564393997192 -0.3502146601676941 -0.27930769324302676
vn 0.9168873429298401 -0.3311426043510437 -0.22284984588623048
vn 0.4498932361602783 0.09652118384838104 -0.8878511786460877
vn -0.06215360015630722 -0.0046929563395679 -0.9980555772781372
vn 0.7494713068008423 -0.11955657601356507 -0.6511520147323608
vn 0.005486150272190571 -0.9999802708625794 0.0030563599430024626
vn 0.00559696089476347 -0.9999790191650391 0.00323301088064909
vn 0.003063275245949626 -0.9999866485595703 0.004144592210650444
vn -0.002848661271855235 -0.9999672770500183 0.007574810646474361
vn -0.003976532723754644 -0.9999576210975647 0.008299044333398342
vn -0.004858880303800106 -0.9999585747718811 0.00769189465790987
vn 0.0053760213777422909 -0.9999840259552002 0.0017200942384079099
vn 0.007711573503911495 -0.9999465346336365 0.006888877600431442
vn -0.004480223637074232 -0.9999620914459229 0.007467932067811489
vn -0.006497267168015242 -0.9999544620513916 0.006992637179791927
vn -0.7463880181312561 0.016271812841296197 0.6653121113777161
vn -0.7348830699920654 -0.022191008552908899 0.6778306365013123
vn -0.8080548644065857 0.13700202107429505 0.5729551911354065
vn -0.8134074807167053 0.22440658509731294 0.536665678024292
vn -0.8598902225494385 0.2840927243232727 0.4241228997707367
vn -0.8779318332672119 0.2800404131412506 0.3883466124534607
vn -0.9178234338760376 0.23174379765987397 0.3223274350166321
vn -0.7772999405860901 0.02932419814169407 0.6284464001655579
vn -0.8713728785514832 0.31598523259162905 0.37531670928001406
vn -0.9059700965881348 0.35389792919158938 0.2323240488767624
vn -0.9435773491859436 0.329584538936615 0.03218520060181618
vn 0.5400385856628418 -0.16132304072380067 -0.826034665107727
vn 0.9187482595443726 -0.28654906153678896 -0.27164551615715029
vn 0.9972432851791382 -0.03610377386212349 0.06482594460248947
vn 0.9707048535346985 0.1979222297668457 -0.13623107969760896
vn 0.4756769835948944 -0.8105501532554627 -0.3416723310947418
vn 0.38060232996940615 -0.8994259238243103 -0.214883491396904
vn -0.01503758318722248 0.5425535440444946 -0.8398865461349487
vn -0.11835001409053803 0.20775644481182099 -0.9709945917129517
vn 0.0044528222642838959 0.837740421295166 -0.5460504293441773
vn 0.0443982258439064 0.8506621718406677 -0.5238346457481384
vn 0.34145963191986086 -0.02411956712603569 -0.9395869374275208
vn -0.003976271487772465 -0.9999576210975647 0.008298936299979687
vn -0.001370040699839592 -0.9999663829803467 0.008076309226453305
vn -0.7207878828048706 -0.6181339025497437 0.3136483132839203
vn -0.8372644782066345 0.14123651385307313 0.5282427072525024
vn -0.8040174245834351 0.17070499062538148 0.5695750117301941
vn -0.907807469367981 0.3106331527233124 0.2817671000957489
vn -0.8879922032356262 0.13922186195850373 0.43827739357948305
vn -0.8972622752189636 0.18840435147285462 0.3992796838283539
vn -0.9393134713172913 0.12033920735120774 0.32126104831695559
vn -0.9088807106018066 0.25931504368782046 -0.32663682103157046
vn -0.8942268490791321 0.20107926428318025 -0.39990681409835818
vn -0.849622368812561 0.1679815948009491 -0.49992403388023379
vn -0.9310629963874817 0.31562554836273196 -0.18303608894348145
vn -0.7583636045455933 0.1350168138742447 -0.6376951932907105
vn -0.6092521548271179 0.1260763257741928 -0.7828898429870606
vn -0.4216949939727783 0.06097198277711868 -0.9046854972839356
vn -0.1322915405035019 -0.05823470652103424 -0.9894986748695374
vn 0.47172975540161135 -0.03530297800898552 -0.8810361623764038
vn 0.20080114901065827 0.009982767514884472 -0.9795811772346497
vn 0.5684961676597595 -0.08759480714797974 -0.8180092573165894
vn 0.7040823101997376 -0.17175394296646119 -0.6890347003936768
vn 0.7743405103683472 -0.2485230267047882 -0.5819219350814819
vn -0.17114563286304475 0.05814250186085701 -0.9835286736488342
vn 0.8557239770889282 -0.2852499485015869 -0.4317047595977783
vn 0.9363330006599426 -0.2519991993904114 -0.24449320137500764
vn 0.4469418525695801 0.13828159868717194 -0.8838105797767639
vn 0.9671306610107422 -0.24638395011425019 0.06287461519241333
vn 0.9553321003913879 -0.28074485063552859 0.09231896698474884
vn 0.9596624374389648 -0.27848339080810549 0.03866385295987129
vn 0.4472179114818573 0.1985454112291336 -0.8721100091934204
vn 0.9624162316322327 0.20852598547935487 -0.1739884912967682
vn 0.23459239304065705 -0.7784907817840576 -0.5821670889854431
vn 0.2902059555053711 0.46707290410995486 -0.8352384567260742
vn 0.005555045325309038 -0.9999793171882629 0.0032333284616470339
vn 0.005678622983396053 -0.999978244304657 0.003348007332533598
vn 0.005648139398545027 -0.9999788403511047 0.003217238001525402
vn 0.0009401273564435542 -0.9999837875366211 0.005619699601083994
vn -0.004001374822109938 -0.9999580383300781 0.008241744711995125
vn -0.003976600710302591 -0.9999576210975647 0.008299102075397969
vn -0.003975568804889917 -0.9999575018882752 0.008315508253872395
vn 0.008377223275601864 -0.999964714050293 -0.000657674390822649
vn -0.0036114791873842479 -0.9999645352363586 0.007607960142195225
vn 0.03321058303117752 -0.9993749856948853 -0.01211511716246605
vn -0.9628693461418152 0.09099791198968888 0.2541691064834595
vn -0.7642136812210083 0.11867556720972061 0.6339507699012756
vn -0.750300407409668 0.20436549186706544 0.628716230392456
vn -0.715661883354187 0.28406164050102236 0.6380729675292969
vn -0.706232488155365 0.23954887688159944 0.6662221550941467
vn -0.777479887008667 0.2622658610343933 0.5716133713722229
vn -0.8975396752357483 0.19214990735054017 0.3968639671802521
vn -0.8440043926239014 0.4032076597213745 0.35366666316986086
vn -0.8350640535354614 0.4152218699455261 0.3609139323234558
vn -0.8553301095962524 0.4416823983192444 0.2707897424697876
vn -0.8971031308174133 0.44023191928863528 0.0374426431953907
vn 0.7095134258270264 -0.01870669238269329 -0.704443633556366
vn 0.9717208743095398 -0.2333153635263443 0.03636543080210686
vn 0.9150921106338501 -0.1551949381828308 0.372184157371521
vn 0.8817399740219116 0.13750140368938447 0.45125147700309756
vn 0.8798499703407288 0.13366082310676576 0.45606887340545657
vn -0.004227112513035536 -0.999983012676239 -0.004004339221864939
vn 0.4851587116718292 0.4391580820083618 -0.7561489343643189
vn 0.4953352212905884 0.7499517798423767 -0.4384237825870514
vn 0.30230090022087099 0.7867926359176636 -0.5381185412406921
vn 0.65322345495224 0.47201502323150637 -0.5920311808586121
vn 0.41471806168556216 -0.7640498876571655 -0.4942031800746918
vn 0.6784223914146423 -0.11306392401456833 -0.725919783115387
vn -0.003981289453804493 -0.9999573230743408 0.008331170305609703
vn -0.0010351843666285277 -0.9999451637268066 0.01042196061462164
vn -0.9253310561180115 0.10223144292831421 0.3651181161403656
vn -0.9185482263565064 0.21806058287620545 0.32972508668899538
vn -0.5772490501403809 -0.7690988779067993 0.27435463666915896
vn -0.6834290623664856 0.08794407546520233 0.7247002720832825
vn -0.7609553337097168 0.41966667771339419 0.49479973316192629
vn -0.6347535848617554 0.19460447132587434 0.7478080987930298
vn -0.6225972175598145 0.09976786375045777 0.7761566638946533
vn -0.6287519931793213 0.09482699632644654 0.7718023061752319
vn -0.6275712847709656 0.03914003446698189 0.7775746583938599
vn -0.8994500637054443 0.4119012653827667 -0.1460375338792801
vn -0.8755937218666077 0.39286062121391299 -0.2810627520084381
vn -0.8792613744735718 0.3452640175819397 -0.32816487550735476
vn -0.8367522954940796 0.2746654450893402 -0.4737134575843811
vn -0.7285515069961548 0.2221626341342926 -0.6479632258415222
vn -0.6210503578186035 0.13279740512371064 -0.7724385857582092
vn -0.4655306339263916 -0.00551059003919363 -0.885014533996582
vn 0.02108258381485939 0.00981746707111597 -0.9997295141220093
vn 0.47684338688850405 0.09927980601787567 -0.8733635544776917
vn 0.5553078055381775 0.029964184388518335 -0.8311049342155457
vn 0.155351921916008 0.2160634696483612 -0.9639410376548767
vn 0.6961559057235718 -0.054005082696676257 -0.7158564329147339
vn 0.7753069996833801 -0.12957549095153809 -0.6181497573852539
vn 0.8749859929084778 -0.20563137531280518 -0.4383094906806946
vn 0.9574510455131531 -0.20436951518058778 -0.2037658989429474
vn 0.9854145050048828 -0.17012690007686616 -0.0038841464556753637
vn 0.6859495639801025 0.29503902792930605 -0.6651504635810852
vn 0.9082245826721191 -0.20830649137496949 0.3629552125930786
vn 0.9196195602416992 -0.1982860565185547 0.33909064531326296
vn 0.9433650970458984 -0.056692998856306079 0.3268764317035675
vn 0.9485880732536316 0.287076473236084 -0.13329577445983888
vn 0.8810598850250244 0.1727229207754135 0.44034114480018618
vn -0.01242201030254364 -0.9999228119850159 -0.00028553325682878494
vn 0.0050750309601426128 -0.9999827742576599 0.0029699131846427919
vn 0.005608285777270794 -0.9999789595603943 0.003256381954997778
vn 0.0018216620665043593 -0.9999956488609314 0.0023244342301040889
vn 0.004685910418629646 -0.999981701374054 0.0038055465556681158
vn -0.0012462455779314042 -0.9999731183052063 0.007213533390313387
vn -0.004029992502182722 -0.9999571442604065 0.00833928119391203
vn -0.004000598099082708 -0.9999577403068543 0.008282178081572056
vn -0.003839710494503379 -0.9999628663063049 0.007717415690422058
vn -0.0068841599859297279 -0.9999322295188904 0.009394995868206025
vn -0.5224435329437256 -0.8130819797515869 0.2568081319332123
vn -0.7940404415130615 0.07654453814029694 0.6030263304710388
vn -0.7377972602844238 0.2129320502281189 0.6405584216117859
vn -0.6653105616569519 0.2843535244464874 0.6902933716773987
vn -0.6297150254249573 0.3059980273246765 0.7140196561813355
vn -0.5216951966285706 0.20590434968471528 0.8279115557670593
vn -0.538293182849884 0.27845102548599245 0.7954279184341431
vn -0.6863678693771362 0.26495522260665896 0.677272379398346
vn -0.7362012267112732 0.45670729875564577 0.4994259774684906
vn -0.8123689889907837 0.4443666338920593 0.37761732935905459
vn -0.798414945602417 0.5130739212036133 0.3151009976863861
vn -0.7782328128814697 0.578481137752533 0.24436300992965699
vn -0.7859658002853394 0.6140344738960266 0.07224622368812561
vn 0.8653291463851929 0.10732831805944443 -0.48957735300064089
vn 0.13282500207424165 0.3741723895072937 -0.9177976250648499
vn 0.9226743578910828 -0.1524498164653778 0.35416239500045779
vn 0.9489644169807434 -0.28692933917045596 -0.13091278076171876
vn 0.9071797132492065 -0.27561473846435549 -0.3179015815258026
vn 0.8701471090316773 -0.20262949168682099 0.44920507073402407
vn 0.6809532046318054 0.02638106420636177 0.7318516969680786
vn 0.6605944633483887 0.043881602585315707 0.7494593858718872
vn -0.003204994136467576 -0.9999945759773254 0.000717886898200959
vn 0.8939387798309326 0.4391813278198242 -0.08940459787845612
vn 0.7470999360084534 0.6617574691772461 -0.06260006129741669
vn 0.7491635680198669 0.4670036733150482 -0.46974629163742068
vn 0.8123201727867127 0.04529210180044174 -0.5814504027366638
vn 0.685255765914917 -0.5011164546012878 -0.5284948945045471
vn 0.08235900849103928 -0.9917712807655335 -0.09801364690065384
vn -0.003836129792034626 -0.9999642968177795 0.00752467755228281
vn 0.009583543986082077 -0.9997960925102234 0.017776919528841974
vn -0.8057559728622437 0.18175025284290315 0.5636703968048096
vn -0.8087144494056702 0.04973548278212547 0.5860949754714966
vn -0.644803524017334 0.2560577690601349 0.720182478427887
vn -0.5813568830490112 0.38796335458755495 0.715198278427124
vn -0.5906028151512146 0.26237088441848757 0.7631185054779053
vn -0.6271513104438782 0.14886735379695893 0.7645388841629028
vn -0.9320178031921387 0.0396687388420105 0.36023497581481936
vn -0.8729636669158936 0.09528223425149918 0.47838857769966128
vn -0.7945950627326965 0.603344202041626 -0.06778247654438019
vn -0.8321436643600464 0.533479630947113 -0.15144731104373933
vn -0.8680987358093262 0.44216710329055788 -0.2255944460630417
vn -0.8481957912445068 0.3410598337650299 -0.40526801347732546
vn -0.7612714171409607 0.203032985329628 -0.6158274412155151
vn -0.6561843156814575 0.11266335099935532 -0.7461428046226502
vn -0.3652067184448242 0.1370762288570404 -0.9207791090011597
vn 0.2797527611255646 0.23413006961345673 -0.9310861229896545
vn 0.5527194142341614 0.17036846280097962 -0.8157671093940735
vn 0.39357995986938479 0.28249791264533999 -0.8748084902763367
vn 0.6668251752853394 0.11454817652702332 -0.7363578081130981
vn 0.7929357290267944 0.034083060920238498 -0.6083512306213379
vn 0.8972758650779724 0.00822219904512167 -0.4413936734199524
vn 0.9701981544494629 -0.095067098736763 -0.22288481891155244
vn 0.9843349456787109 -0.17340734601020814 -0.03185476362705231
vn 0.9420673251152039 -0.14443890750408173 0.30273187160491946
vn 0.1343611180782318 0.4926118850708008 -0.8598143458366394
vn 0.8458186388015747 0.24218948185443879 -0.475326269865036
vn 0.9728013873100281 -0.23163844645023347 0.0011448243167251349
vn 0.9548943638801575 -0.2963223457336426 0.019230354577302934
vn 0.8253635764122009 -0.40902847051620486 -0.3891923725605011
vn 0.8544226884841919 0.2444586157798767 0.45847782492637637
vn 0.5947803258895874 -0.10058969259262085 0.7975701093673706
vn -0.011981088668107987 -0.9999144077301025 0.0052564931102097038
vn 0.7948092818260193 0.6059748530387878 -0.03275327384471893
vn 0.0032077098730951549 -0.9999909400939941 0.00278134155087173
vn -0.00043543436913751066 -0.9999991059303284 0.0012045282637700439
vn 0.005640824791043997 -0.9999792575836182 0.003100058762356639
vn 0.0024453115183860065 -0.9999868869781494 0.004511721897870302
vn -0.0033461032435297968 -0.9999639987945557 0.007797957863658667
vn -0.003956700209528208 -0.9999581575393677 0.008245873264968396
vn -0.0038994397036731245 -0.9999653100967407 0.00736219109967351
vn -0.0032020695507526399 -0.9999769330024719 0.005976233631372452
vn -0.017642255872488023 -0.9993801116943359 0.030466439202427865
vn -0.5229841470718384 -0.6802637577056885 0.5135452747344971
vn -0.8378212451934815 0.14044468104839326 0.5275706648826599
vn -0.7306084036827087 0.2224530130624771 0.6455432772636414
vn -0.6472236514091492 0.32300740480422976 0.6904837489128113
vn -0.6066582798957825 0.33496007323265078 0.7209490537643433
vn -0.5969168543815613 0.27755412459373476 0.7527642250061035
vn -0.6484465003013611 0.26417067646980288 0.713954508304596
vn -0.6432346701622009 0.298662394285202 0.705017626285553
vn -0.5678948163986206 0.24674244225025178 0.7852474451065064
vn -0.5903722047805786 0.4680056571960449 0.6575950980186462
vn -0.6583571434020996 0.5427920818328857 0.5214811563491821
vn -0.7119611501693726 0.6046571135520935 0.3570729196071625
vn -0.7236068248748779 0.6278232932090759 0.2867595851421356
vn -0.7399298548698425 0.6471875905990601 0.18344509601593018
vn -0.7491550445556641 0.6590821146965027 0.06616298854351044
vn 0.8669568300247192 0.38685867190361025 -0.31420740485191347
vn 0.30552202463150027 0.45459428429603579 -0.8366602063179016
vn 0.9677466750144959 -0.24306610226631165 -0.06622061878442764
vn 0.9836475849151611 -0.13942669332027436 -0.11400686949491501
vn 0.9990130662918091 -0.04101750627160072 -0.017039747908711435
vn 0.9504934549331665 -0.2791828513145447 -0.13645198941230775
vn 0.42133191227912905 -0.4045522212982178 0.8116753697395325
vn 0.49762973189353945 -0.8666444420814514 0.03594657778739929
vn 0.41142478585243227 -0.09903350472450257 0.9060474038124085
vn 0.3357361853122711 -0.2429194301366806 0.9100942015647888
vn -0.0035965789575129749 -0.9999933838844299 0.00046924277557991445
vn 0.7230792045593262 0.5068514943122864 0.4693167507648468
vn 0.886134922504425 0.42561379075050356 0.1833512932062149
vn 0.9028580188751221 0.27934813499450686 -0.326820969581604
vn 0.841572642326355 -0.34345510601997378 -0.4168860912322998
vn 0.3962422013282776 -0.8670021891593933 -0.30215761065483096
vn -0.02385534718632698 -0.9995084404945374 0.02034030295908451
vn -0.003643369534984231 -0.9999728798866272 0.006405864376574755
vn 0.01769181527197361 -0.9991151094436646 0.03815881162881851
vn -0.9064556956291199 0.20264483988285066 0.3705037832260132
vn -0.6309716701507568 0.21356411278247834 0.7458319067955017
vn -0.6220723986625671 0.39634403586387637 0.6752313375473023
vn -0.8777336478233337 0.010671408846974373 0.479030042886734
vn -0.7790571451187134 0.24797603487968446 0.575827956199646
vn -0.9677028059959412 -0.2351565808057785 0.09084420651197434
vn -0.9474607706069946 0.21230356395244599 0.2392597645521164
vn -0.7098810076713562 0.704315721988678 0.0028744246810674669
vn -0.7384150624275208 0.6734078526496887 0.03556569293141365
vn -0.7466332912445068 0.6640128493309021 -0.04032175615429878
vn -0.759177029132843 0.6219517588615418 -0.19190151989459992
vn -0.6979700922966003 0.5373461842536926 -0.4733886420726776
vn -0.5325673818588257 0.39756202697753909 -0.7472057342529297
vn 0.046659599989652637 0.36869898438453677 -0.9283770322799683
vn 0.49484091997146609 0.352475106716156 -0.7942882180213928
vn 0.6573737859725952 0.25372567772865298 -0.7095653414726257
vn 0.7915313839912415 0.19973286986351014 -0.5775680541992188
vn 0.8985208868980408 0.15313808619976045 -0.4113501310348511
vn 0.9595264792442322 0.12015485018491745 -0.2546994090080261
vn 0.9971081614494324 0.024175675585865976 -0.07204709202051163
vn 0.9607992768287659 -0.06279244273900986 0.2700403332710266
vn 0.9777600169181824 -0.20451834797859193 -0.04645029082894325
vn 0.7769408822059631 0.4796004295349121 -0.40785568952560427
vn 0.19995038211345673 0.5408927798271179 -0.8169790506362915
vn 0.9576420783996582 -0.28348395228385928 0.05058163031935692
vn 0.9274564981460571 -0.3731537163257599 -0.024097943678498269
vn 0.6842681169509888 -0.7290074229240418 -0.018036222085356714
vn 0.5394546985626221 0.1881081610918045 0.8207337856292725
vn 0.36059853434562685 0.06221017614006996 0.9306442141532898
vn -0.004506330005824566 -0.9999886155128479 0.0015318208606913686
vn 0.7886074185371399 0.4309462606906891 0.4386156499385834
vn 0.000840869965031743 -0.9999980330467224 0.0018155249999836088
vn -0.00259357038885355 -0.9999962449073792 0.0009153282735496759
vn 0.004323748871684074 -0.9999861121177673 0.0030112499371170999
vn 0.0003529357782099396 -0.9999797940254211 0.006343232002109289
vn -0.00405165133997798 -0.9999589920043945 0.008097246289253235
vn -0.0056785522028803829 -0.9999784827232361 -0.003293148707598448
vn -0.011013489216566086 -0.9996843338012695 0.022580718621611596
vn -0.02290394715964794 -0.999505877494812 -0.021526221185922624
vn -0.42644020915031435 -0.6201390624046326 0.6584650874137878
vn -0.5669737458229065 0.2350912243127823 0.7894763946533203
vn -0.45049384236335757 0.21431560814380647 0.8666741847991943
vn -0.3504294753074646 0.17883005738258363 0.9193578958511353
vn -0.31198352575302126 0.17475520074367524 0.9338773488998413
vn -0.3110227584838867 0.23884965479373933 0.9198998212814331
vn -0.31572067737579348 0.25023704767227175 0.9152605533599854
vn -0.3255367577075958 0.15143980085849763 0.9333229660987854
vn -0.60378497838974 0.29258760809898379 0.7415093779563904
vn -0.5458521842956543 0.3506428599357605 0.7609829902648926
vn -0.7410516142845154 0.2030562460422516 0.6400083303451538
vn -0.9911054968833923 -0.12911126017570496 0.03225206211209297
vn -0.5887237191200256 0.49130600690841677 0.6418899893760681
vn -0.5404516458511353 0.5836868286132813 0.6059882044792175
vn -0.5683203339576721 0.6577684879302979 0.4943203628063202
vn -0.6696626543998718 0.6326485276222229 0.3889828622341156
vn -0.7718324661254883 0.5680878162384033 0.28557106852531435
vn -0.7859436273574829 0.6168341636657715 0.04252316802740097
vn 0.04300142452120781 0.7516071200370789 -0.658207893371582
vn 0.4069961905479431 0.4946986138820648 -0.7678719162940979
vn 0.9840391874313355 -0.1591072827577591 -0.07969824224710465
vn 0.05279218405485153 0.6023055911064148 -0.7965180277824402
vn 0.8745190501213074 0.4645511507987976 0.1393149495124817
vn 0.8122207522392273 0.10223261266946793 0.5743221640586853
vn 0.7717186212539673 0.004110504873096943 0.6359508633613586
vn 0.8493679165840149 -0.01845669560134411 0.5274785161018372
vn 0.6601079702377319 -0.13999328017234803 0.7380104064941406
vn -0.10922122001647949 -0.22734981775283814 0.9676687717437744
vn 0.11523153632879257 -0.9357702732086182 0.33325013518333437
vn 0.32511502504348757 -0.7532795071601868 0.5717256665229797
vn 0.04446956887841225 -0.25329306721687319 0.9663669466972351
vn 0.34065887331962588 0.036325033754110339 0.9394849538803101
vn -0.003461193758994341 -0.9999933242797852 0.0011800979264080525
vn 0.4970018267631531 0.3668983578681946 0.7863680720329285
vn 0.9854128956794739 -0.1472216248512268 0.08536487817764282
vn 0.8683939576148987 -0.04794516786932945 0.49355173110961916
vn 0.5014907121658325 -0.8607573509216309 -0.08719975501298905
vn -0.011055951938033104 -0.9999383687973023 -0.000989675521850586
vn 0.0011862521059811116 -0.9999602437019348 0.008837047033011914
vn -0.01868363842368126 -0.999810516834259 0.005468412302434444
vn -0.49143704771995547 0.22427792847156526 0.8415396213531494
vn -0.31334152817726138 0.1576796919107437 0.9364583492279053
vn -0.5394070148468018 0.42212551832199099 0.7285946011543274
vn -0.5313553214073181 -0.013920430094003678 0.8470346331596375
vn -0.8442553281784058 -0.30309003591537478 0.44200602173805239
vn -0.6444432139396668 0.2145387977361679 0.7339387536048889
vn -0.5079692602157593 0.1438530534505844 0.8492782711982727
vn -0.7376091480255127 0.6737581491470337 -0.04452762007713318
vn -0.6172725558280945 0.7861189246177673 0.03149178624153137
vn -0.4706107974052429 0.875197172164917 0.1120508685708046
vn -0.42292505502700808 0.9016280174255371 0.09056110680103302
vn -0.3641769587993622 0.9123594164848328 -0.1870173066854477
vn 0.4882349669933319 0.8726469278335571 -0.010672065429389477
vn 0.6106258630752564 0.4392705261707306 -0.6589214205741882
vn 0.7501088976860046 0.3654169738292694 -0.5511869788169861
vn 0.8669812679290772 0.276325523853302 -0.41471412777900698
vn 0.9432200789451599 0.1792869120836258 -0.2796286940574646
vn 0.9830223321914673 0.13974040746688844 -0.11891048401594162
vn 0.9679490923881531 0.10619661957025528 0.2275889813899994
vn 0.9897482395172119 -0.111995168030262 -0.08863101899623871
vn 0.9829444885253906 -0.17208877205848695 -0.06485069543123245
vn 0.3322458565235138 0.7720086574554443 -0.5418627262115479
vn 0.12885089218616486 0.3922954499721527 -0.9107698202133179
vn 0.3552420139312744 0.4506687819957733 -0.8189632296562195
vn 0.8080392479896545 -0.22339975833892823 0.545128583908081
vn 0.8052794933319092 -0.06673488765954972 0.5891277194023132
vn 0.04495101049542427 -0.7801780104637146 0.6239404678344727
vn 0.4800349771976471 0.49041086435317995 0.7273675799369812
vn 0.311254620552063 0.4444510340690613 0.8399903774261475
vn -0.013590660877525807 -0.9998406171798706 -0.011576101183891297
vn 0.5910457372665405 0.06004752218723297 0.8043999671936035
vn -0.003035331843420863 -0.9999940991401672 0.0015848504845052958
vn -0.0006730119348503649 -0.9999990463256836 0.0012215878814458848
vn 0.0008175858529284596 -0.999975860118866 0.0069054304622113709
vn 0.002001600805670023 -0.9999054074287415 0.01360582746565342
vn 0.33516526222229006 -0.8688333630561829 0.36440762877464297
vn 0.5219995379447937 -0.8019458651542664 0.2905156910419464
vn 0.005595513619482517 -0.9999838471412659 -0.0010131743038073183
vn -0.6175500750541687 -0.6161656379699707 0.4888474643230438
vn -0.09087339043617249 0.14159265160560609 0.9857452511787415
vn -0.07841724157333374 0.17228162288665772 0.9819214344024658
vn -0.06731093674898148 0.10168463736772537 0.9925369024276733
vn -0.1486782431602478 0.07027952373027802 0.9863850474357605
vn -0.20514947175979615 0.20029129087924958 0.9580172896385193
vn -0.20483286678791047 0.19410720467567445 0.9593570232391357
vn -0.18778309226036073 0.0978008508682251 0.9773292541503906
vn -0.30076369643211367 0.2661200165748596 0.9158173203468323
vn -0.27677834033966067 0.303277850151062 0.9118202924728394
vn -0.6290655732154846 -0.0653330385684967 0.7746018767356873
vn -0.503414511680603 0.5716415047645569 0.6479196548461914
vn -0.5240591168403626 0.6157050728797913 0.5884466171264648
vn -0.6331383585929871 0.555112898349762 0.5394307971000671
vn -0.7473179697990418 0.49609920382499697 0.4420422911643982
vn -0.8475423455238342 0.4699692726135254 0.24657811224460603
vn -0.8974208235740662 0.42442214488983157 -0.12042304128408432
vn 0.5604661107063294 0.45650601387023928 -0.6909992098808289
vn 0.852711021900177 -0.045283760875463489 0.5204164385795593
vn -0.1144794300198555 0.31499847769737246 -0.9421625733375549
vn 0.24967123568058015 0.9474462270736694 0.2000248283147812
vn 0.7605318427085877 0.01820778101682663 0.6490452885627747
vn 0.6575280427932739 0.05184197798371315 0.7516443133354187
vn 0.5315800309181213 -0.04866109788417816 0.8456091284751892
vn 0.7796568274497986 -0.1323731541633606 0.6120560169219971
vn 0.41948771476745608 -0.21592184901237489 0.8817073702812195
vn -0.5036754608154297 -0.143483966588974 0.851893961429596
vn 0.05219259858131409 -0.7041743397712708 0.708106279373169
vn 0.19401565194129945 -0.9493272304534912 0.24725641310214997
vn 0.24434922635555268 -0.7338853478431702 0.6338027119636536
vn 0.08004304021596909 0.3789924681186676 0.9219315648078919
vn 0.49664565920829775 0.38356345891952517 0.7786027789115906
vn -0.013112918473780156 -0.9998160600662231 -0.013996089808642865
vn 0.6132133603096008 0.17476147413253785 0.7703425884246826
vn 0.6689993143081665 -0.6667242646217346 0.32850971817970278
vn 0.6512151956558228 -0.22343695163726808 0.7252548933029175
vn 0.3800405263900757 -0.8102288842201233 0.4462043344974518
vn 0.3069315552711487 -0.7266137599945068 0.6146750450134277
vn 0.2690269947052002 -0.8938782215118408 0.35861703753471377
vn -0.14062105119228364 -0.8013936281204224 0.5813723802566528
vn -0.08692393451929093 0.11570998281240463 0.9894722700119019
vn -0.11300348490476608 0.151039257645607 0.9820475578308106
vn -0.27942296862602236 0.37886759638786318 0.8822596669197083
vn -0.08056662976741791 0.08285430073738098 0.9932996034622192
vn -0.12069015204906464 -0.03615022078156471 0.9920318126678467
vn -0.10175441950559616 -0.01337744202464819 0.9947196245193481
vn -0.8504717350006104 0.43801966309547427 -0.2912673056125641
vn -0.7111213803291321 0.5810725092887878 -0.3958045244216919
vn -0.3180907666683197 0.9195579290390015 -0.23071952164173127
vn -0.5019599795341492 0.6273514032363892 0.5953707695007324
vn 0.7317959070205689 0.4717633128166199 -0.4918476641178131
vn 0.8083539605140686 0.42908579111099245 -0.40304994583129885
vn 0.8878620266914368 0.34921935200691225 -0.29957783222198489
vn 0.9588367938995361 0.2511526346206665 -0.13249266147613526
vn 0.966012716293335 0.17918436229228974 0.1863126903772354
vn 0.9737169742584229 0.03520715609192848 -0.22502374649047852
vn 0.9576640129089356 -0.17663748562335969 -0.22732976078987122
vn 0.8930026292800903 -0.13414575159549714 0.4295941889286041
vn -0.33107057213783266 0.31981128454208376 -0.8877573013305664
vn 0.11982705444097519 0.24864794313907624 -0.9611533284187317
vn 0.4728137254714966 0.33405953645706179 -0.8153842091560364
vn 0.7645109295845032 -0.038248948752880099 0.6434749364852905
vn 0.742931604385376 -0.05605199187994003 0.6670163869857788
vn 0.5543933510780335 -0.8238473534584045 0.11799737066030503
vn 0.3673499524593353 0.2551470398902893 0.894401490688324
vn 0.3112765848636627 0.2364160418510437 0.9204424023628235
vn 0.3503076136112213 -0.8001272678375244 0.48690950870513918
vn 0.5981447100639343 -0.17550396919250489 0.7819342613220215
vn -0.01620536856353283 -0.9995482563972473 -0.025312863290309907
vn 0.11232975870370865 -0.8931691646575928 0.4354662001132965
vn 0.22440077364444734 -0.8287099003791809 0.5127223134040833
vn 0.808563232421875 -0.26989325881004336 0.5228605270385742
vn 0.6682955026626587 -0.3102929890155792 0.6760912537574768
vn 0.8185367584228516 -0.12368269264698029 0.5609815120697022
vn 0.08178014308214188 -0.6185204982757568 0.7815014123916626
vn 0.07534321397542954 0.09948360919952393 0.9921826124191284
vn 0.07602725178003311 0.061288513243198398 0.9952203035354614
vn 0.07096783071756363 0.12440726161003113 0.9896900653839111
vn 0.06870854645967484 -0.04489831253886223 0.9966260194778442
vn 0.023775944486260415 -0.07582943886518479 0.996837317943573
vn -0.027564899995923044 0.1226484403014183 0.992067277431488
vn -0.03252850100398064 0.13904275000095368 0.9897519946098328
vn 0.0035633607767522337 0.1249326840043068 0.992158830165863
vn -0.0881560742855072 0.23743602633476258 0.9673948287963867
vn -0.044187333434820178 0.2798037528991699 0.9590398073196411
vn -0.06063993647694588 0.06469006091356278 0.9960613250732422
vn 0.006653623655438423 -0.05114496499300003 0.9986690878868103
vn -0.4279029369354248 0.6708070635795593 0.6057367324829102
vn -0.26189979910850527 0.5934122800827026 0.7610981464385986
vn -0.463214248418808 0.5225868821144104 0.7157760858535767
vn -0.679202675819397 0.43307021260261538 0.5925655364990234
vn -0.7868346571922302 0.4288775622844696 0.4437965750694275
vn -0.9003475904464722 0.35957202315330508 0.24511663615703584
vn -0.9485983848571777 0.2751190662384033 -0.1564309000968933
vn 0.7236498594284058 0.38642939925193789 -0.5718419551849365
vn 0.763607919216156 -0.08536332845687866 0.6400125026702881
vn -0.17362400889396668 0.1648552566766739 -0.9709157347679138
vn 0.6116194725036621 -0.09047014266252518 0.7859623432159424
vn 0.5731073617935181 0.0014885418349877 0.8194789886474609
vn 0.4846143126487732 -0.05783231556415558 0.8728141188621521
vn 0.39293035864830019 -0.10260267555713654 0.9138262271881104
vn 0.6534541249275208 0.006367513444274664 0.7569392919540405
vn 0.2737200856208801 -0.21923160552978517 0.9364907145500183
vn 0.06200779601931572 0.405699759721756 0.9119006395339966
vn 0.26223984360694888 -0.2252483367919922 0.9383460879325867
vn 0.8333152532577515 -0.5521489381790161 0.026782197877764703
vn 0.4455203413963318 -0.5338948965072632 0.7186570167541504
vn 0.6865319609642029 -0.7239407896995544 -0.06770306080579758
vn 0.324473112821579 0.4973966181278229 0.8045582175254822
vn 0.5123776197433472 0.10815958678722382 0.851921796798706
vn 0.29883772134780886 -0.8084549307823181 0.5070468187332153
vn 0.5495412945747376 -0.15702149271965028 0.8205782771110535
vn 0.23867902159690858 -0.10067551583051682 0.9658657908439636
vn 0.4099613130092621 -0.35056644678115847 0.842042088508606
vn 0.08115897327661514 0.016071535646915437 0.9965716004371643
vn 0.04426151141524315 0.15879739820957185 0.9863185286521912
vn 0.026270529255270959 0.36179882287979128 0.9318858981132507
vn 0.05532297492027283 0.008100894279778004 0.9984356760978699
vn 0.09209214150905609 0.009616585448384285 0.9957040548324585
vn -0.8900831937789917 0.1958201825618744 -0.41159000992774966
vn -0.5998565554618836 0.25779229402542117 -0.7574398517608643
vn -0.3219749331474304 0.6824421286582947 0.6562049388885498
vn 0.82489013671875 0.4814005196094513 -0.2963273227214813
vn 0.8794899582862854 0.4638696312904358 -0.10640691220760346
vn 0.9074757099151611 0.3839072287082672 0.17059622704982758
vn 0.9308724999427795 0.15703490376472474 -0.3298734724521637
vn 0.8863657116889954 -0.05497094988822937 -0.45971086621284487
vn 0.8535664677619934 0.42146235704421999 -0.3062576353549957
vn 0.9288896918296814 -0.11403831839561463 0.35236218571662905
vn 0.7529240250587463 -0.05264994129538536 0.6559980511665344
vn -0.4562554955482483 0.0883297249674797 -0.8854539394378662
vn 0.10805435478687287 0.1517227292060852 -0.9824990630149841
vn 0.4530050456523895 0.23939993977546693 -0.8587630987167358
vn 0.7247087359428406 0.27483120560646059 -0.631874144077301
vn 0.6556009650230408 0.04732096940279007 0.7536232471466065
vn 0.6166922450065613 0.0018140082247555256 0.7872022986412048
vn 0.337058961391449 0.6493831276893616 0.6816837191581726
vn 0.8049646615982056 -0.43766462802886965 0.40060150623321535
vn 0.8319565653800964 -0.5006091594696045 -0.23924611508846284
vn 0.2925223112106323 -0.0344216525554657 0.9556389451026917
vn 0.2762320637702942 -0.10853555798530579 0.9549428820610046
vn 0.07569712400436402 -0.6727227568626404 0.7360122799873352
vn 0.37550926208496096 -0.25131624937057497 0.8920946717262268
vn 0.7539512515068054 -0.07939252257347107 0.6521152853965759
vn 0.8764974474906921 -0.04306500405073166 0.4794764220714569
vn 0.5180791616439819 -0.15726768970489503 0.8407500982284546
vn 0.6746289134025574 -0.054369449615478519 0.7361519932746887
vn 0.16970251500606538 0.08100108802318573 0.982160747051239
vn 0.13250666856765748 0.06912566721439362 0.9887686967849731
vn 0.08535652607679367 0.0722002312541008 0.9937310814857483
vn 0.1846674531698227 0.08860129117965698 0.9787991642951965
vn 0.18615448474884034 -0.13070672750473023 0.9737875461578369
vn 0.14611391723155976 -0.15399864315986634 0.9772078394889832
vn 0.09947426617145539 0.05171447992324829 0.9936953783035278
vn 0.1121852844953537 0.07490308582782746 0.9908602237701416
vn 0.14739330112934113 0.10835886001586914 0.9831244349479675
vn 0.07832201570272446 0.2363094836473465 0.9685161113739014
vn 0.11361228674650192 0.286140114068985 0.9514284133911133
vn 0.13537143170833589 0.042451489716768268 0.9898850917816162
vn 0.027530351653695108 0.08317629247903824 0.9961544871330261
vn -0.754984974861145 0.17059609293937684 -0.6331623792648315
vn -0.2595823407173157 0.7032976746559143 0.661807656288147
vn -0.012425041757524014 0.5002238750457764 0.8658069372177124
vn -0.17950327694416047 0.5071306228637695 0.8429692387580872
vn -0.41439345479011538 0.4234605133533478 0.8055800199508667
vn -0.6607334017753601 0.43914318084716799 0.6087566614151001
vn -0.8071213960647583 0.30805453658103945 0.5036441087722778
vn -0.9490668177604675 0.24500562250614167 0.19810183346271516
vn -0.9627499580383301 0.2046850472688675 -0.1766820102930069
vn 0.8833182454109192 0.3069995641708374 -0.3542601764202118
vn 0.5610150694847107 0.10355017334222794 0.8213034868240356
vn -0.2328774631023407 0.09851250797510147 -0.9675037264823914
vn 0.4581303596496582 0.000713021436240524 0.8888847231864929
vn 0.43044283986091616 0.03625486046075821 0.9018895030021668
vn 0.48049259185791018 -0.004331017378717661 0.8769880533218384
vn 0.42724835872650149 -0.1554773896932602 0.8906657695770264
vn 0.2882961928844452 -0.2702852189540863 0.9186028242111206
vn 0.4694247543811798 0.13101236522197724 0.8731988668441773
vn 0.28014636039733889 -0.16741988062858582 0.9452452659606934
vn 0.7913758158683777 0.1810462325811386 0.583906352519989
vn 0.8802497982978821 -0.4475054442882538 -0.15779460966587068
vn 0.9599341154098511 -0.20905639231204987 0.18660616874694825
vn 0.8596808910369873 -0.4203450679779053 0.29027360677719118
vn 0.4822722375392914 0.43205130100250246 0.7620663642883301
vn 0.2077351063489914 0.12338676303625107 0.9703719615936279
vn 0.2003641426563263 0.15606877207756043 0.9672108292579651
vn 0.14463968575000764 0.34609973430633547 0.9269813299179077
vn 0.6625226736068726 -0.1994173675775528 0.7220085859298706
vn -0.8745246529579163 0.15742482244968415 -0.45871999859809878
vn -0.6950312852859497 0.11182211339473725 -0.7102304100990295
vn -0.2103136032819748 0.7502697706222534 0.6267881989479065
vn 0.8579062819480896 0.509810745716095 -0.06395108997821808
vn 0.8324678540229797 0.5250390768051148 0.1770065426826477
vn 0.794342577457428 0.4496784508228302 -0.40842264890670779
vn 0.7474162578582764 0.12973906099796296 -0.6515648365020752
vn 0.9810459017753601 0.07374530285596848 0.17919392883777619
vn 0.9372439384460449 0.3465007543563843 -0.03887127712368965
vn 0.7626284956932068 0.07835102826356888 0.642073929309845
vn 0.52797931432724 0.09232410788536072 0.8442239165306091
vn -0.5784753561019898 0.10290572047233582 -0.8091827630996704
vn 0.06186245381832123 0.07496654987335205 -0.9952653646469116
vn 0.45054060220718386 0.14529281854629517 -0.8808536529541016
vn 0.7339741587638855 0.2015530914068222 -0.6485816836357117
vn 0.8894508481025696 0.2673310339450836 -0.3706902265548706
vn 0.4783685505390167 0.09800868481397629 0.8726728558540344
vn 0.4482683837413788 0.20589329302310944 0.8698639869689941
vn 0.45662739872932436 0.009844881482422352 0.8896035552024841
vn 0.8277063369750977 0.29453045129776 0.47765466570854189
vn 0.8743976354598999 -0.4831874370574951 0.04425681009888649
vn 0.8589498400688171 -0.07713710516691208 0.5062163472175598
vn 0.84487384557724 0.15160071849822999 0.5130355358123779
vn 0.21079079806804658 0.11035484820604325 0.9712821841239929
vn 0.2962876856327057 0.07677120715379715 0.9520083665847778
vn 0.14580038189888 0.09806749224662781 0.9844414591789246
vn 0.13385236263275147 0.06160421669483185 0.9890846610069275
vn 0.32061272859573367 -0.018124228343367578 0.9470369815826416
vn 0.21117395162582398 -0.25948336720466616 0.9423767924308777
vn 0.2036425620317459 -0.16362829506397248 0.9652748107910156
vn 0.24421212077140809 0.03238426148891449 0.9691808819770813
vn 0.3141036331653595 0.08844674378633499 0.9452598690986633
vn 0.33794474601745608 0.07487566769123078 0.9381827712059021
vn 0.23193323612213136 0.21516305208206178 0.9486368298530579
vn 0.1931833028793335 0.2842511534690857 0.9390854835510254
vn 0.7345197796821594 -0.24418990314006806 0.6331287026405335
vn -0.14725351333618165 0.6562013626098633 0.7400785088539124
vn 0.056772198528051379 0.3628278374671936 0.9301251769065857
vn 0.07416409999132157 0.6159335970878601 0.7842994332313538
vn -0.08346036821603775 0.3704771101474762 0.9250843524932861
vn -0.4106084704399109 0.4346136152744293 0.8015682101249695
vn -0.6275652647018433 0.26195526123046877 0.7331720590591431
vn -0.8450376391410828 0.17852914333343507 0.5040224194526672
vn -0.9690728783607483 0.2188645601272583 0.11400040239095688
vn -0.9517369866371155 0.19427824020385743 -0.23759783804416657
vn 0.961654543876648 0.2728603482246399 -0.027710385620594026
vn 0.41847774386405947 0.13790342211723329 0.8976964950561523
vn -0.39099782705307009 0.11138737201690674 -0.9136266112327576
vn 0.3360685110092163 0.15304473042488099 0.9293197393417358
vn 0.3395632803440094 0.1394786685705185 0.9301841259002686
vn 0.9767337441444397 -0.18922442197799684 0.10092248022556305
vn 0.8828692436218262 -0.46803927421569826 -0.038485560566186908
vn 0.6110647320747376 -0.030030976980924608 0.791010856628418
vn 0.8524032831192017 0.33471596240997317 0.4017137587070465
vn 0.21092982590198518 0.3022612929344177 0.929594874382019
vn -0.8360814452171326 0.14123548567295075 -0.5301135778427124
vn -0.18560318648815156 0.8008080720901489 0.5694365501403809
vn 0.8762714266777039 0.44356903433799746 0.18813546001911164
vn 0.6639406681060791 0.6855211853981018 -0.29873645305633547
vn 0.5596717000007629 0.45937231183052065 -0.6897425055503845
vn 0.9414798021316528 0.3319268524646759 -0.058655012398958209
vn 0.8167040944099426 0.2338794767856598 0.5275365114212036
vn 0.9268098473548889 0.2954123616218567 0.23185110092163087
vn 0.532417356967926 0.22918932139873506 0.8148643970489502
vn 0.434635192155838 0.1881711632013321 0.8807291388511658
vn -0.7418221831321716 0.1395944356918335 -0.6559064984321594
vn -0.2557024657726288 0.17881250381469727 -0.9500748515129089
vn 0.4562055170536041 0.06319396942853928 -0.8876277208328247
vn 0.7217850089073181 0.047209542244672778 -0.6905053853988648
vn 0.9255738258361816 0.12462116032838822 -0.3574672043323517
vn 0.9729426503181458 0.22794167697429658 -0.037751708179712298
vn 0.3351548910140991 0.25815945863723757 0.9061042666435242
vn 0.3252182900905609 0.21245883405208589 0.9214631915092468
vn 0.7156179547309876 -0.17331430315971375 0.6766484379768372
vn 0.9546740651130676 -0.2006542980670929 0.21985282003879548
vn 0.7295235395431519 -0.2703301012516022 0.6282651424407959
vn -0.01908842660486698 0.5683877468109131 0.8225393295288086
vn 0.18820835649967194 0.2942495346069336 0.9370138049125671
vn 0.257426917552948 0.24341867864131928 0.9351357221603394
vn -0.15236657857894898 0.8887088298797607 0.4324130415916443
vn -0.11106587946414948 0.31069594621658327 0.9439981579780579
vn -0.40508806705474856 0.21403443813323975 0.8888716697692871
vn -0.6289154291152954 0.16868220269680024 0.7589544057846069
vn -0.8818973898887634 0.2366485297679901 0.4077432453632355
vn -0.9747790694236755 0.21963785588741303 0.039560526609420779
vn -0.9388131499290466 0.16969914734363557 -0.2997201681137085
vn 0.9241772294044495 0.24944442510604859 0.2892643213272095
vn 0.30412182211875918 0.23439081013202668 0.9233476519584656
vn -0.544195294380188 0.2612943947315216 -0.7972307205200195
vn 0.08419406414031983 0.22584010660648347 -0.9705192446708679
vn -0.1326170265674591 0.7640021443367004 0.6314376592636108
vn 0.10401617735624314 0.7081735134124756 0.6983343362808228
vn 0.7973979711532593 0.34988024830818179 0.4916708767414093
vn 0.3535718023777008 0.8498916029930115 -0.3907316327095032
vn 0.7775781750679016 0.6027435660362244 0.1790875494480133
vn 0.5863965153694153 0.43770831823349 0.6815795302391052
vn 0.8073317408561707 0.26788806915283205 0.5257865786552429
vn 0.2787024676799774 0.381435364484787 0.8813807964324951
vn -0.8662382960319519 0.282135933637619 -0.41234761476516726
vn -0.348084032535553 0.419488787651062 -0.8383714556694031
vn 0.40275251865386965 0.20584121346473695 -0.8918631076812744
vn 0.6911003589630127 0.02294251322746277 -0.7223946452140808
vn 0.9050116539001465 -0.09974434971809387 -0.41352757811546328
vn 0.9970534443855286 -0.045896977186203 -0.061463870108127597
vn 0.951293408870697 0.08955951035022736 0.29499146342277529
vn 0.13504916429519654 0.4803037941455841 0.866642951965332
vn 0.47368893027305605 0.16365739703178407 0.8653525114059448
vn 0.2030031979084015 0.21290883421897889 0.9557507634162903
vn -0.25171515345573428 0.8806236982345581 0.4014243185520172
vn -0.12244565784931183 0.16744361817836762 0.9782482981681824
vn -0.40792495012283327 0.10437095910310745 0.9070302844047546
vn -0.7184141874313355 0.13554804027080537 0.6822814345359802
vn -0.9339706897735596 0.14931392669677735 0.324660062789917
vn -0.9724206328392029 0.22477664053440095 -0.06223663315176964
vn 0.5809910893440247 0.6013402938842773 0.548488199710846
vn 0.05356905981898308 0.8633668422698975 -0.5017251372337341
vn 0.2795846164226532 0.5014640092849731 0.818759024143219
vn 0.7515683770179749 0.1707163155078888 0.6371819972991943
vn -0.655732274055481 0.49349427223205569 -0.5713831186294556
vn -0.0930316224694252 0.4818616807460785 -0.8712947368621826
vn 0.030761413276195527 0.6123518943786621 0.7899866700172424
vn -0.15966032445430757 0.9803500771522522 0.11585483700037003
vn -0.0008538162801414728 0.999670684337616 0.025652490556240083
vn 0.3864342272281647 0.7811874151229858 0.4903210997581482
vn -0.8830458521842957 0.4249807298183441 -0.1990511566400528
vn -0.4352252781391144 0.6121255159378052 -0.660213053226471
vn 0.2569950819015503 0.46971088647842409 -0.8445858359336853
vn 0.7084932327270508 0.1998976171016693 -0.6768147945404053
vn 0.8928269147872925 0.04000415280461311 -0.4486197233200073
vn 0.9631378054618836 -0.23465827107429505 -0.13153374195098878
vn 0.9376171231269836 -0.2821701169013977 0.20311149954795838
vn 0.7719150185585022 -0.1613931953907013 0.6148979663848877
vn 0.4888700544834137 0.09000270813703537 0.8677012920379639
vn 0.17933079600334168 -0.026567375287413598 0.9834300875663757
vn -0.03751031681895256 0.8358350396156311 0.5476977229118347
vn -0.19740810990333558 -0.0962139442563057 0.9755885004997253
vn -0.5305909514427185 -0.05429584160447121 0.8458871841430664
vn -0.8126303553581238 0.09800173342227936 0.5744802355766296
vn -0.9417204260826111 0.2900906801223755 0.17032316327095033
vn -0.7084827423095703 0.6274319887161255 -0.32308101654052737
vn -0.20566841959953309 0.7404755353927612 -0.6398409605026245
vn -0.8533120155334473 0.5213886499404907 0.003515042131766677
vn -0.43623265624046328 0.8052292466163635 -0.40163037180900576
vn 0.08516795188188553 0.8446950316429138 -0.5284286141395569
vn 0.60590660572052 0.5258626341819763 -0.5969470143318176
vn 0.9001210927963257 0.15438000857830048 -0.40736815333366396
vn 0.9624059796333313 0.014209593646228314 -0.27124321460723879
vn 0.9068822860717773 -0.418989896774292 -0.04485557973384857
vn 0.6505747437477112 -0.5935084819793701 0.47381460666656496
vn 0.4291370213031769 -0.29669082164764407 0.8531213402748108
vn 0.06002819165587425 -0.29274097084999087 0.9543057084083557
vn -0.3150039613246918 -0.10331879556179047 0.9434499740600586
vn -0.6152584552764893 0.11240582913160324 0.7802703976631165
vn -0.8400211334228516 0.3232218027114868 0.435766339302063
vn -0.6678362488746643 0.7373290657997131 -0.10168841481208801
vn -0.10114453732967377 0.9417576789855957 -0.3207215964794159
vn -0.7853918075561523 0.5666882395744324 0.2490464150905609
vn -0.3241101801395416 0.9393830299377441 -0.11185752600431442
vn 0.19398579001426698 0.9597576260566711 -0.20306353271007539
vn 0.7358558177947998 0.6143884658813477 -0.2846805155277252
vn 0.9340622425079346 0.1728774607181549 -0.3124757409095764
vn 0.9243594408035278 -0.08661328256130219 -0.3715611398220062
vn 0.6838939785957336 -0.7278715372085571 -0.049920689314603809
vn 0.22906138002872468 -0.3754339814186096 0.8980981111526489
vn -0.0414503738284111 -0.023949677124619485 0.9988535046577454
vn -0.31763941049575808 0.214315727353096 0.9236741662025452
vn -0.6022948026657105 0.3943590819835663 0.6940619349479675
vn -0.5558569431304932 0.7528464794158936 0.3524843752384186
vn 0.06133809685707092 0.9961273074150086 -0.06299251317977905
vn 0.1000831350684166 -0.6175390481948853 0.7801467180252075
vn -0.2552811801433563 0.9066513776779175 0.33587902784347536
vn 0.24855300784111024 0.9686182141304016 0.0003364065196365118
vn 0.6943725347518921 0.7191185355186462 0.026746364310383798
vn 0.8461087942123413 0.4802572429180145 -0.23119880259037019
vn 0.9128613471984863 -0.1303744912147522 -0.38689354062080386
vn 0.21128825843334199 -0.7443909645080566 0.633434534072876
vn -0.050829965621232989 -0.043421678245067599 0.99776291847229
vn -0.14568062126636506 0.15780171751976014 0.9766656160354614
vn -0.4085148870944977 0.44207680225372317 0.7985509634017944
vn 0.11396470665931702 0.9741390943527222 0.19510306417942048
vn -0.14121699333190919 0.08649787306785584 0.9861926436424255
vn -0.122817762196064 0.5874200463294983 0.7999083995819092
vn 0.26728132367134097 0.8521413207054138 0.44990643858909609
vn 0.32582226395606997 0.749119758605957 0.5767664313316345
vn 0.45449888706207278 0.6434158086776733 0.615992546081543
vn 0.9177841544151306 -0.24228645861148835 0.31459420919418337
vn 0.02110680751502514 0.3263632357120514 0.9450087547302246
vt 0.497996 0.041734
vt 0.47648 0.020222
vt 0.498941 0.018145
vt 0.477504 0.03808
vt 0.47542 0.001986
vt 0.520082 0.039734
vt 0.494522 0.056035
vt 0.453613 0.022659
vt 0.503406 0.060058
vt 0.458367 0.001354
vt 0.315383 0.629042
vt 0.314683 0.610175
vt 0.332142 0.610806
vt 0.328031 0.648555
vt 0.328488 0.626966
vt 0.349797 0.63152
vt 0.326805 0.588099
vt 0.346183 0.591968
vt 0.350602 0.614702
vt 0.352517 0.657869
vt 0.30208 0.63148
vt 0.292091 0.607921
vt 0.304429 0.580916
vt 0.368198 0.598382
vt 0.372957 0.639249
vt 0.281125 0.632351
vt 0.370669 0.619643
vt 0.378397 0.665187
vt 0.271748 0.607075
vt 0.281482 0.570805
vt 0.390384 0.604098
vt 0.393117 0.624022
vt 0.396887 0.645781
vt 0.25941 0.631729
vt 0.300782 0.562717
vt 0.402701 0.670625
vt 0.250921 0.605287
vt 0.264245 0.583698
vt 0.278906 0.552044
vt 0.412863 0.609532
vt 0.416237 0.629052
vt 0.420836 0.652121
vt 0.258411 0.558338
vt 0.426496 0.675949
vt 0.239228 0.582439
vt 0.436092 0.616737
vt 0.440028 0.635853
vt 0.444385 0.657579
vt 0.236658 0.54942
vt 0.445631 0.684379
vt 0.21903 0.566493
vt 0.215643 0.585564
vt 0.456611 0.617195
vt 0.461795 0.63877
vt 0.46561 0.660886
vt 0.197242 0.574412
vt 0.215849 0.541633
vt 0.47022 0.691289
vt 0.196804 0.555208
vt 0.48047 0.622451
vt 0.48474 0.643908
vt 0.489173 0.66777
vt 0.174378 0.567184
vt 0.194889 0.534816
vt 0.495075 0.695558
vt 0.174316 0.547682
vt 0.50418 0.629507
vt 0.508246 0.651278
vt 0.513082 0.674342
vt 0.175577 0.529395
vt 0.519979 0.69904
vt 0.527419 0.638039
vt 0.531826 0.65798
vt 0.537133 0.680845
vt 0.544326 0.706036
vt 0.551565 0.643899
vt 0.555453 0.665258
vt 0.561087 0.687406
vt 0.569579 0.710725
vt 0.57445 0.654358
vt 0.578703 0.672363
vt 0.585207 0.693013
vt 0.570645 0.635782
vt 0.594488 0.712402
vt 0.594474 0.644843
vt 0.597691 0.660657
vt 0.600679 0.678784
vt 0.610147 0.696538
vt 0.618333 0.70974
vt 0.618134 0.671878
vt 0.621958 0.692581
vt 0.618376 0.654549
vt 0.633769 0.688624
vt 0.468637 0.071241
vt 0.459898 0.049127
vt 0.483419 0.052782
vt 0.445801 0.070436
vt 0.456971 0.091308
vt 0.477879 0.515643
vt 0.481167 0.542291
vt 0.462181 0.529944
vt 0.443377 0.516977
vt 0.464081 0.511988
vt 0.500287 0.533967
vt 0.4611 0.54828
vt 0.44177 0.534388
vt 0.503445 0.557048
vt 0.479972 0.564461
vt 0.423117 0.523421
vt 0.521578 0.545166
vt 0.438617 0.554393
vt 0.45672 0.571297
vt 0.419587 0.540153
vt 0.525506 0.573729
vt 0.498455 0.579886
vt 0.473673 0.585361
vt 0.401277 0.530432
vt 0.5456 0.555398
vt 0.414601 0.561759
vt 0.431804 0.576265
vt 0.449895 0.591186
vt 0.406764 0.513446
vt 0.396973 0.547661
vt 0.549888 0.578535
vt 0.512778 0.595103
vt 0.569787 0.561949
vt 0.535581 0.598762
vt 0.488683 0.596238
vt 0.414684 0.578768
vt 0.428579 0.59602
vt 0.592118 0.572048
vt 0.580001 0.553119
vt 0.572538 0.587343
vt 0.559365 0.604412
vt 0.524626 0.613547
vt 0.397782 0.564072
vt 0.604443 0.557077
vt 0.546757 0.62001
vt 0.503388 0.606359
vt 0.59626 0.595078
vt 0.609964 0.577292
vt 0.582013 0.611372
vt 0.569699 0.626529
vt 0.512319 0.627075
vt 0.479471 0.597735
vt 0.492864 0.615169
vt 0.626711 0.562465
vt 0.535935 0.631741
vt 0.618688 0.601263
vt 0.60406 0.619807
vt 0.633056 0.583268
vt 0.591708 0.634034
vt 0.649051 0.565098
vt 0.641749 0.60578
vt 0.627964 0.624536
vt 0.614793 0.641085
vt 0.656491 0.587441
vt 0.672373 0.570339
vt 0.665452 0.608641
vt 0.652304 0.62735
vt 0.639662 0.644041
vt 0.679514 0.590588
vt 0.695659 0.577242
vt 0.677076 0.627804
vt 0.68956 0.609187
vt 0.664573 0.64638
vt 0.652248 0.662238
vt 0.627808 0.657787
vt 0.701099 0.587085
vt 0.720982 0.580027
vt 0.701772 0.627441
vt 0.689728 0.647087
vt 0.713036 0.60624
vt 0.677554 0.663574
vt 0.735601 0.601864
vt 0.742214 0.577376
vt 0.715047 0.643855
vt 0.726437 0.62439
vt 0.703342 0.66284
vt 0.758807 0.59843
vt 0.749978 0.619266
vt 0.753345 0.577123
vt 0.741285 0.640601
vt 0.728943 0.658326
vt 0.768575 0.574479
vt 0.772497 0.61355
vt 0.764294 0.63205
vt 0.77743 0.592485
vt 0.755205 0.651538
vt 0.793461 0.608385
vt 0.786862 0.626066
vt 0.779946 0.640636
vt 0.784497 0.570005
vt 0.800173 0.586141
vt 0.805601 0.56523
vt 0.817088 0.602969
vt 0.807198 0.625984
vt 0.792023 0.546411
vt 0.823784 0.580093
vt 0.80902 0.54689
vt 0.828603 0.558702
vt 0.841253 0.596295
vt 0.832164 0.619753
vt 0.819775 0.638673
vt 0.794458 0.647609
vt 0.788348 0.530642
vt 0.809421 0.533012
vt 0.848096 0.572747
vt 0.830752 0.54192
vt 0.851685 0.551376
vt 0.867365 0.59105
vt 0.857071 0.614658
vt 0.844468 0.633695
vt 0.871836 0.565143
vt 0.874587 0.544712
vt 0.88868 0.579346
vt 0.884733 0.614264
vt 0.869704 0.631087
vt 0.895165 0.557047
vt 0.901162 0.595623
vt 0.91195 0.574473
vt 0.912265 0.616449
vt 0.89589 0.634434
vt 0.916608 0.5545
vt 0.92659 0.59454
vt 0.933079 0.573749
vt 0.937498 0.616874
vt 0.922036 0.635878
vt 0.946582 0.595153
vt 0.955377 0.617151
vt 0.947912 0.637114
vt 0.590274 0.848621
vt 0.601597 0.870605
vt 0.577707 0.867925
vt 0.569062 0.847221
vt 0.615492 0.84965
vt 0.579392 0.828107
vt 0.604669 0.827912
vt 0.561499 0.826961
vt 0.627964 0.827936
vt 0.571249 0.810608
vt 0.591317 0.80936
vt 0.609035 0.81314
vt 0.574596 0.791251
vt 0.553223 0.791883
vt 0.562274 0.766761
vt 0.746467 0.69292
vt 0.75488 0.717407
vt 0.729791 0.700495
vt 0.738655 0.731395
vt 0.724669 0.721786
vt 0.757089 0.743286
vt 0.721191 0.745808
vt 0.73876 0.75671
vt 0.758521 0.76759
vt 0.728897 0.769995
vt 0.74381 0.780209
vt 0.760583 0.791386
vt 0.745856 0.804652
vt 0.772028 0.81052
vt 0.750805 0.826919
vt 0.776425 0.83511
vt 0.755738 0.849259
vt 0.777238 0.859964
vt 0.758766 0.872581
vt 0.775105 0.884868
vt 0.760407 0.895867
vt 0.777512 0.909216
vt 0.759312 0.92119
vt 0.77899 0.934468
vt 0.753109 0.942422
vt 0.772552 0.959377
vt 0.746942 0.953553
vt 0.765875 0.983222
vt 0.745544 0.968783
vt 0.744145 0.984016
vt 0.756512 0.999287
vt 0.721572 0.984706
vt 0.734456 0.999512
vt 0.075577 0.153982
vt 0.086466 0.171874
vt 0.061581 0.17336
vt 0.094361 0.149876
vt 0.083402 0.131606
vt 0.075037 0.193025
vt 0.054309 0.195374
vt 0.101154 0.127958
vt 0.066029 0.214878
vt 0.106609 0.16907
vt 0.097506 0.190284
vt 0.111923 0.147295
vt 0.047149 0.217561
vt 0.086525 0.211638
vt 0.119634 0.125198
vt 0.058964 0.23718
vt 0.079819 0.234225
vt 0.10832 0.106082
vt 0.12734 0.165097
vt 0.122641 0.187281
vt 0.109994 0.208245
vt 0.133015 0.143876
vt 0.040072 0.24004
vt 0.101977 0.231126
vt 0.118097 0.084321
vt 0.100678 0.085587
vt 0.127921 0.103841
vt 0.14189 0.122997
vt 0.053179 0.259554
vt 0.073587 0.256656
vt 0.095638 0.253777
vt 0.109887 0.063835
vt 0.132909 0.204963
vt 0.125497 0.227849
vt 0.035384 0.263269
vt 0.119099 0.250749
vt 0.137792 0.083122
vt 0.128263 0.063106
vt 0.150874 0.102524
vt 0.066203 0.278712
vt 0.089232 0.276054
vt 0.113181 0.272576
vt 0.121738 0.043025
vt 0.143221 0.163073
vt 0.161088 0.180588
vt 0.13961 0.184101
vt 0.154903 0.202411
vt 0.150389 0.141801
vt 0.166873 0.1584
vt 0.149066 0.223999
vt 0.143749 0.246442
vt 0.157842 0.119976
vt 0.172785 0.136286
vt 0.044291 0.281473
vt 0.023066 0.283787
vt 0.138953 0.269358
vt 0.149402 0.062917
vt 0.160508 0.082832
vt 0.140012 0.043033
vt 0.182046 0.112744
vt 0.05732 0.300664
vt 0.036804 0.304098
vt 0.078799 0.297129
vt 0.103883 0.293338
vt 0.128283 0.288841
vt 0.134138 0.022066
vt 0.167238 0.098966
vt 0.184703 0.173944
vt 0.179633 0.196807
vt 0.173797 0.218689
vt 0.18968 0.150937
vt 0.168204 0.240687
vt 0.163698 0.263492
vt 0.194253 0.126507
vt 0.016294 0.307647
vt 0.139324 0.298617
vt 0.162794 0.043369
vt 0.171641 0.064145
vt 0.182243 0.083289
vt 0.152892 0.02289
vt 0.161048 0.288822
vt 0.206098 0.11694
vt 0.051913 0.323308
vt 0.072603 0.319557
vt 0.03114 0.327192
vt 0.095508 0.314838
vt 0.118898 0.308324
vt 0.147379 0.002754
vt 0.189351 0.092396
vt 0.203333 0.163045
vt 0.201662 0.186638
vt 0.198279 0.209199
vt 0.192204 0.231252
vt 0.186948 0.25355
vt 0.183374 0.278032
vt 0.202508 0.093641
vt 0.205405 0.139516
vt 0.012677 0.331357
vt 0.15818 0.314556
vt 0.135635 0.323476
vt 0.179572 0.023833
vt 0.189671 0.046691
vt 0.191688 0.069793
vt 0.165737 0.002692
vt 0.179023 0.302645
vt 0.068862 0.341325
vt 0.047368 0.345988
vt 0.089815 0.337197
vt 0.027499 0.350414
vt 0.112699 0.331525
vt 0.208954 0.242085
vt 0.206431 0.266242
vt 0.202317 0.291924
vt 0.010745 0.354595
vt 0.175057 0.328104
vt 0.153673 0.338785
vt 0.130765 0.347537
vt 0.189216 0.003111
vt 0.21188 0.217785
vt 0.196641 0.31743
vt 0.085289 0.359609
vt 0.063384 0.364537
vt 0.041955 0.369593
vt 0.107858 0.353856
vt 0.199255 0.030072
vt 0.221141 0.163827
vt 0.208505 0.17222
vt 0.205103 0.149298
vt 0.214743 0.193405
vt 0.233573 0.203757
vt 0.232866 0.229461
vt 0.230552 0.253557
vt 0.226229 0.277459
vt 0.218462 0.307258
vt 0.223149 0.089882
vt 0.201846 0.077954
vt 0.223494 0.066096
vt 0.221508 0.13777
vt 0.023195 0.374188
vt 0.005666 0.378741
vt 0.190864 0.340988
vt 0.170275 0.351992
vt 0.148502 0.362149
vt 0.125389 0.370752
vt 0.217151 0.019101
vt 0.222898 0.042722
vt 0.201129 0.054025
vt 0.234371 0.17759
vt 0.212394 0.33184
vt 0.235352 0.150676
vt 0.102653 0.377144
vt 0.081046 0.382331
vt 0.059581 0.387664
vt 0.038551 0.393097
vt 0.020285 0.397822
vt 0.208551 0.001165
vt 0.237112 0.075713
vt 0.240669 0.053273
vt 0.235686 0.124945
vt 0.206542 0.354152
vt 0.186391 0.365208
vt 0.164473 0.374462
vt 0.142591 0.384281
vt 0.119948 0.391117
vt 0.229376 0.002918
vt 0.239182 0.025003
vt 0.099415 0.397853
vt 0.079013 0.402973
vt 0.057222 0.409951
vt 0.035954 0.41662
vt 0.224013 0.341694
vt 0.017237 0.42165
vt 0.00601 0.401627
vt 0.000488 0.424868
vt 0.218182 0.36339
vt 0.201081 0.377005
vt 0.181099 0.388257
vt 0.158027 0.395761
vt 0.135211 0.403774
vt 0.113195 0.41051
vt 0.252649 0.002411
vt 0.101239 0.414246
vt 0.078272 0.423174
vt 0.056174 0.431765
vt 0.034229 0.440596
vt 0.013981 0.445552
vt 0.255551 0.022297
vt 0.255855 0.040575
vt 0.150257 0.415606
vt 0.126768 0.423875
vt 0.172677 0.407017
vt 0.165839 0.428412
vt 0.144247 0.437601
vt 0.101291 0.428465
vt 0.12132 0.44388
vt 0.099499 0.448194
vt 0.077952 0.438094
vt 0.185464 0.417755
vt 0.179363 0.44033
vt 0.159028 0.449929
vt 0.13855 0.459638
vt 0.116868 0.466249
vt 0.096921 0.470175
vt 0.076709 0.450843
vt 0.081166 0.471916
vt 0.173157 0.462962
vt 0.153139 0.472745
vt 0.133842 0.482417
vt 0.112562 0.488648
vt 0.092371 0.492406
vt 0.076374 0.493247
vt 0.16496 0.484654
vt 0.149753 0.496948
vt 0.128309 0.506049
vt 0.106435 0.512067
vt 0.086419 0.514714
vt 0.069739 0.514181
vt 0.163562 0.509593
vt 0.144281 0.520808
vt 0.121895 0.529676
vt 0.099948 0.535197
vt 0.079009 0.537083
vt 0.092014 0.558535
vt 0.0729 0.55766
vt 0.158255 0.533545
vt 0.138934 0.54511
vt 0.116169 0.553708
vt 0.087273 0.579103
vt 0.110444 0.576286
vt 0.156801 0.55857
vt 0.134825 0.569803
vt 0.106198 0.597693
vt 0.130055 0.591992
vt 0.152762 0.582584
vt 0.128174 0.609959
vt 0.172461 0.570332
vt 0.149111 0.604666
vt 0.167564 0.594684
vt 0.154064 0.618652
vt 0.907199 0.105734
vt 0.926127 0.116021
vt 0.902832 0.122558
vt 0.924221 0.089579
vt 0.905218 0.082441
vt 0.927643 0.066731
vt 0.693719 0.862135
vt 0.70691 0.847125
vt 0.70905 0.871907
vt 0.705376 0.823348
vt 0.687429 0.838125
vt 0.683824 0.81431
vt 0.70067 0.88623
vt 0.682914 0.87684
vt 0.668025 0.852923
vt 0.703671 0.802031
vt 0.663482 0.830606
vt 0.683656 0.7905
vt 0.719175 0.794576
vt 0.704669 0.781665
vt 0.662244 0.80393
vt 0.645698 0.84171
vt 0.639525 0.822408
vt 0.639791 0.801516
vt 0.617676 0.813122
vt 0.063591 0.008079
vt 0.048825 0.025064
vt 0.045565 0.002395
vt 0.030122 0.021789
vt 0.033194 0.042293
vt 0.016113 0.04248
vt 0.688706 0.000801
vt 0.70485 0.006492
vt 0.687131 0.020996
vt 0.67041 0.015105
vt 0.464791 0.138183
vt 0.449707 0.121365
vt 0.466902 0.120556
vt 0.449822 0.103921
vt 0.157051 0.746272
vt 0.165659 0.728669
vt 0.175938 0.751962
vt 0.151202 0.792589
vt 0.128728 0.780045
vt 0.154681 0.773195
vt 0.144458 0.724986
vt 0.14698 0.81328
vt 0.127451 0.800007
vt 0.147913 0.832014
vt 0.164424 0.829504
vt 0.129559 0.761121
vt 0.154049 0.760576
vt 0.13124 0.741195
vt 0.12683 0.822945
vt 0.106484 0.77335
vt 0.105957 0.75022
vt 0.126023 0.716174
vt 0.106759 0.792846
vt 0.107182 0.813314
vt 0.129714 0.844425
vt 0.106862 0.729228
vt 0.107124 0.836385
vt 0.119913 0.85459
vt 0.12051 0.874512
vt 0.814045 0.685469
vt 0.812781 0.707158
vt 0.796367 0.687972
vt 0.828284 0.705224
vt 0.795146 0.709915
vt 0.77437 0.687177
vt 0.80958 0.72944
vt 0.827286 0.712944
vt 0.767101 0.709714
vt 0.869711 0.691161
vt 0.870544 0.713332
vt 0.8483 0.703129
vt 0.847365 0.725531
vt 0.8259 0.736138
vt 0.754395 0.689235
vt 0.775842 0.721712
vt 0.892164 0.705073
vt 0.806148 0.751214
vt 0.89183 0.726369
vt 0.868699 0.737566
vt 0.846644 0.749133
vt 0.82476 0.759213
vt 0.91428 0.695414
vt 0.913223 0.719398
vt 0.909724 0.743998
vt 0.888739 0.75177
vt 0.868981 0.761285
vt 0.850755 0.766864
vt 0.901106 0.76914
vt 0.889438 0.778672
vt 0.868918 0.78634
vt 0.849395 0.790645
vt 0.881508 0.802572
vt 0.863895 0.809472
vt 0.904339 0.798056
vt 0.902752 0.819824
vt 0.923672 0.808137
vt 0.999252 0.126465
vt 0.980957 0.123463
vt 0.985071 0.100654
vt 0.031312 0.085302
vt 0.044487 0.108887
vt 0.022062 0.103994
vt 0.006548 0.082793
vt 0.014836 0.064358
vt 0.040649 0.066901
vt 0.029326 0.044284
vt 0.006348 0.045198
vt 0.049061 0.044036
vt 0.628375 0.911621
vt 0.606191 0.902066
vt 0.625195 0.89266
vt 0.584971 0.891969
vt 0.604167 0.882126
vt 0.582895 0.873791
vt 0.564091 0.884425
vt 0.646057 0.897421
vt 0.56107 0.866854
vt 0.543618 0.877119
vt 0.54006 0.86131
vt 0.523926 0.87241
vt 0.995967 0.082219
vt 0.999492 0.099121
vt 0.977495 0.087096
vt 0.979579 0.065708
vt 0.95752 0.071589
vt 0.974094 0.047509
vt 0.39502 0.073869
vt 0.416938 0.076819
vt 0.398735 0.091308
vt 0.42797 0.132398
vt 0.434889 0.154529
vt 0.416321 0.143707
vt 0.440576 0.177471
vt 0.421592 0.166707
vt 0.428299 0.189308
vt 0.412787 0.120091
vt 0.397697 0.132959
vt 0.406229 0.100635
vt 0.39349 0.110284
vt 0.402448 0.155869
vt 0.38876 0.089779
vt 0.447941 0.19948
vt 0.408055 0.178829
vt 0.372156 0.103204
vt 0.367343 0.084619
vt 0.435291 0.212056
vt 0.415197 0.201271
vt 0.382613 0.145005
vt 0.377019 0.12292
vt 0.388341 0.168018
vt 0.455123 0.222564
vt 0.394464 0.190742
vt 0.355238 0.112529
vt 0.356024 0.090121
vt 0.441266 0.235579
vt 0.421474 0.224503
vt 0.400165 0.214051
vt 0.364814 0.159153
vt 0.358821 0.13704
vt 0.372 0.181854
vt 0.458119 0.247433
vt 0.377006 0.204747
vt 0.331574 0.12911
vt 0.355897 0.0869
vt 0.334977 0.102542
vt 0.426803 0.248423
vt 0.406135 0.237198
vt 0.382625 0.226723
vt 0.339693 0.153914
vt 0.347137 0.179516
vt 0.352707 0.199944
vt 0.337457 0.078172
vt 0.446141 0.260019
vt 0.355826 0.214791
vt 0.315257 0.154336
vt 0.310344 0.10968
vt 0.354662 0.063578
vt 0.314051 0.085606
vt 0.430338 0.27333
vt 0.410754 0.261216
vt 0.387017 0.251042
vt 0.362053 0.240377
vt 0.322592 0.179563
vt 0.32893 0.203411
vt 0.305373 0.132645
vt 0.33916 0.053767
vt 0.317124 0.061916
vt 0.44796 0.285326
vt 0.335073 0.229893
vt 0.300936 0.17554
vt 0.29145 0.152709
vt 0.290562 0.113383
vt 0.293879 0.090732
vt 0.358919 0.04314
vt 0.299836 0.066656
vt 0.363639 0.02446
vt 0.342631 0.031591
vt 0.432686 0.29881
vt 0.414114 0.286639
vt 0.391073 0.275155
vt 0.366488 0.264519
vt 0.340519 0.254302
vt 0.305729 0.198769
vt 0.312552 0.223254
vt 0.282467 0.130238
vt 0.322951 0.038766
vt 0.301029 0.042403
vt 0.344306 0.007501
vt 0.448618 0.311114
vt 0.317147 0.247059
vt 0.282052 0.189538
vt 0.271885 0.111172
vt 0.324192 0.020748
vt 0.432037 0.324821
vt 0.414041 0.312154
vt 0.39321 0.300255
vt 0.370363 0.289264
vt 0.34561 0.278692
vt 0.321361 0.270556
vt 0.288469 0.213322
vt 0.295526 0.233409
vt 0.277436 0.164628
vt 0.312907 0.020558
vt 0.324033 0.001833
vt 0.44536 0.336715
vt 0.299683 0.258645
vt 0.26186 0.183029
vt 0.272086 0.138541
vt 0.25551 0.159197
vt 0.269769 0.207462
vt 0.249521 0.135633
vt 0.264108 0.113932
vt 0.428002 0.35063
vt 0.413282 0.337696
vt 0.394517 0.325359
vt 0.372457 0.313846
vt 0.348499 0.303032
vt 0.326909 0.29306
vt 0.30533 0.282966
vt 0.273684 0.230158
vt 0.278273 0.252357
vt 0.439351 0.362977
vt 0.284084 0.276294
vt 0.250334 0.20197
vt 0.242548 0.178812
vt 0.254129 0.224811
vt 0.418903 0.376593
vt 0.408786 0.362719
vt 0.394285 0.349604
vt 0.373848 0.338606
vt 0.35146 0.327114
vt 0.329403 0.315682
vt 0.430108 0.387718
vt 0.313307 0.305674
vt 0.290286 0.299838
vt 0.258866 0.248149
vt 0.265975 0.271489
vt 0.237277 0.156059
vt 0.412311 0.40223
vt 0.268833 0.294185
vt 0.425756 0.41497
vt 0.236816 0.220742
vt 0.240687 0.2439
vt 0.395458 0.370483
vt 0.374144 0.361598
vt 0.352901 0.350471
vt 0.331823 0.337805
vt 0.394866 0.390878
vt 0.294831 0.322508
vt 0.274969 0.317424
vt 0.247994 0.266983
vt 0.318553 0.329569
vt 0.392478 0.415181
vt 0.40916 0.427546
vt 0.253239 0.289942
vt 0.372976 0.381695
vt 0.352277 0.371326
vt 0.332783 0.358368
vt 0.302054 0.34656
vt 0.371808 0.402211
vt 0.280387 0.341046
vt 0.390067 0.4389
vt 0.323249 0.35408
vt 0.37036 0.425499
vt 0.406664 0.45224
vt 0.35087 0.391314
vt 0.329585 0.377302
vt 0.310142 0.369715
vt 0.289634 0.364519
vt 0.350466 0.412586
vt 0.387568 0.462651
vt 0.368435 0.448401
vt 0.322918 0.378842
vt 0.349506 0.434699
vt 0.403763 0.477476
vt 0.332329 0.401377
vt 0.300074 0.386348
vt 0.280555 0.382138
vt 0.272449 0.360726
vt 0.332309 0.422789
vt 0.385728 0.487294
vt 0.366701 0.471474
vt 0.346964 0.457301
vt 0.313534 0.400014
vt 0.328085 0.441542
vt 0.402671 0.503662
vt 0.382441 0.511976
vt 0.363992 0.494466
vt 0.344343 0.480534
vt 0.326868 0.46783
vt 0.396379 0.529807
vt 0.372679 0.536532
vt 0.358765 0.51825
vt 0.340689 0.502678
vt 0.32048 0.491476
vt 0.386611 0.555683
vt 0.36251 0.562012
vt 0.348269 0.540924
vt 0.334668 0.523064
vt 0.318823 0.507507
vt 0.33436 0.561621
vt 0.323138 0.542538
vt 0.3124 0.524637
vt 0.294733 0.509213
vt 0.307817 0.551902
vt 0.293214 0.54087
vt 0.289029 0.518235
vt 0.115291 0.020489
vt 0.117472 0.037924
vt 0.100003 0.04248
vt 0.092964 0.021883
vt 0.110748 0.008045
vt 0.086791 0.000538
vt 0.078586 0.041375
vt 0.071594 0.023486
vt 0.064941 0.008965
vt 0.521099 0.081254
vt 0.498267 0.078625
vt 0.517895 0.061728
vt 0.507372 0.103027
vt 0.486816 0.098269
vt 0.43894 0.076275
vt 0.419636 0.083496
vt 0.418457 0.063868
vt 0.444321 0.050048
vt 0.937242 0.333462
vt 0.954544 0.352958
vt 0.929953 0.354836
vt 0.924006 0.310332
vt 0.914077 0.334514
vt 0.897927 0.314283
vt 0.905213 0.289341
vt 0.946188 0.375041
vt 0.971251 0.373427
vt 0.98689 0.396498
vt 0.962245 0.395828
vt 0.879502 0.296563
vt 0.882234 0.273949
vt 0.978722 0.418261
vt 0.9959 0.414702
vt 0.921867 0.376835
vt 0.906081 0.356942
vt 0.890019 0.337329
vt 0.872959 0.318938
vt 0.860013 0.279645
vt 0.937332 0.397066
vt 0.8625 0.257817
vt 0.952693 0.418025
vt 0.84227 0.261847
vt 0.849575 0.238315
vt 0.987699 0.434624
vt 0.854962 0.301806
vt 0.967575 0.439458
vt 0.825509 0.244533
vt 0.834627 0.220028
vt 0.912995 0.39877
vt 0.897776 0.378944
vt 0.882066 0.359513
vt 0.865626 0.340919
vt 0.848366 0.323665
vt 0.836516 0.28459
vt 0.927633 0.419042
vt 0.941382 0.439764
vt 0.818582 0.266896
vt 0.808907 0.227893
vt 0.816268 0.207627
vt 0.830562 0.306963
vt 0.952543 0.459095
vt 0.8011 0.249385
vt 0.792789 0.210457
vt 0.888654 0.400902
vt 0.903285 0.420907
vt 0.873492 0.381354
vt 0.857836 0.362413
vt 0.841263 0.344722
vt 0.823838 0.328631
vt 0.812491 0.289909
vt 0.91729 0.441699
vt 0.930322 0.464384
vt 0.794482 0.272087
vt 0.78381 0.231708
vt 0.919104 0.486489
vt 0.907051 0.464604
vt 0.80602 0.312769
vt 0.776287 0.253879
vt 0.773454 0.221682
vt 0.89642 0.486626
vt 0.909347 0.508767
vt 0.878928 0.423452
vt 0.864372 0.403522
vt 0.893058 0.443735
vt 0.849337 0.383984
vt 0.833704 0.365229
vt 0.816922 0.348398
vt 0.798618 0.335308
vt 0.788231 0.295729
vt 0.77032 0.277711
vt 0.75263 0.229852
vt 0.882655 0.466152
vt 0.886364 0.508296
vt 0.780954 0.319772
vt 0.751513 0.259118
vt 0.872659 0.488461
vt 0.893152 0.526942
vt 0.854431 0.426484
vt 0.868542 0.446375
vt 0.840141 0.406394
vt 0.825328 0.386599
vt 0.809754 0.367495
vt 0.793471 0.349583
vt 0.771655 0.346326
vt 0.763739 0.302189
vt 0.746544 0.283872
vt 0.729357 0.240957
vt 0.858205 0.469083
vt 0.878672 0.531094
vt 0.86357 0.511433
vt 0.755425 0.32718
vt 0.731404 0.264122
vt 0.84844 0.492208
vt 0.830114 0.429784
vt 0.843979 0.449545
vt 0.816111 0.40932
vt 0.801347 0.388972
vt 0.786055 0.36883
vt 0.746171 0.352117
vt 0.73882 0.30848
vt 0.722828 0.288443
vt 0.715006 0.262479
vt 0.833634 0.472646
vt 0.85804 0.538545
vt 0.839788 0.516284
vt 0.761592 0.371341
vt 0.730257 0.333036
vt 0.82391 0.496111
vt 0.819499 0.452837
vt 0.806281 0.43277
vt 0.792472 0.41141
vt 0.77701 0.390791
vt 0.72064 0.358116
vt 0.738939 0.372723
vt 0.713338 0.313827
vt 0.702368 0.277972
vt 0.808904 0.475799
vt 0.835238 0.540527
vt 0.815317 0.520574
vt 0.752911 0.390973
vt 0.705641 0.338698
vt 0.693803 0.294563
vt 0.79854 0.499102
vt 0.795467 0.455302
vt 0.77663 0.432592
vt 0.765073 0.409994
vt 0.689941 0.316585
vt 0.784287 0.477245
vt 0.690663 0.335467
vt 0.773358 0.454951
vt 0.397053 0.03341
vt 0.401727 0.053889
vt 0.37926 0.050094
vt 0.385366 0.07373
vt 0.411594 0.065887
vt 0.372973 0.032372
vt 0.36377 0.062458
vt 0.421963 0.084887
vt 0.426776 0.101946
vt 0.410645 0.10498
vt 0.063887 0.806344
vt 0.059815 0.78639
vt 0.077418 0.80428
vt 0.043944 0.79112
vt 0.040241 0.77187
vt 0.025148 0.795854
vt 0.082921 0.824373
vt 0.040601 0.814213
vt 0.0797 0.847563
vt 0.105329 0.841931
vt 0.060645 0.830491
vt 0.017608 0.820454
vt 0.038325 0.837439
vt 0.056378 0.853417
vt 0.017243 0.845595
vt 0.007632 0.828225
vt 0.000488 0.855127
vt 0.035939 0.862768
vt 0.01726 0.874512
vt 0.937988 0.130371
vt 0.94506 0.100284
vt 0.956143 0.118007
vt 0.504395 0.004096
vt 0.530258 0.001352
vt 0.530904 0.020996
vt 0.575757 0.039503
vt 0.56658 0.060058
vt 0.547967 0.047469
vt 0.602266 0.037133
vt 0.577691 0.018739
vt 0.559979 0.020137
vt 0.594687 0.015537
vt 0.534232 0.023559
vt 0.521973 0.045847
vt 0.574563 0.000923
vt 0.559532 0.001085
vt 0.53731 0.001673
vt 0.768066 0.002038
vt 0.792496 0.000654
vt 0.779487 0.015137
vt 0.867247 0.015137
vt 0.848145 0.004137
vt 0.868492 0.001213
vt 0.8776 0.002302
vt 0.323646 0.841015
vt 0.315829 0.868103
vt 0.300347 0.846872
vt 0.292335 0.873794
vt 0.277771 0.853218
vt 0.267989 0.877789
vt 0.254242 0.854939
vt 0.230649 0.858059
vt 0.245067 0.878694
vt 0.208088 0.864991
vt 0.223882 0.880584
vt 0.199502 0.884277
vt 0.186035 0.873251
vt 0.339333 0.863775
vt 0.370596 0.834353
vt 0.393454 0.830978
vt 0.387215 0.851295
vt 0.363262 0.859105
vt 0.347494 0.842062
vt 0.628294 0.052246
vt 0.605957 0.050407
vt 0.624183 0.036264
vt 0.07234 0.078475
vt 0.073866 0.056094
vt 0.096154 0.062372
vt 0.05127 0.065656
vt 0.05198 0.043551
vt 0.092274 0.086153
vt 0.051279 0.087934
vt 0.075513 0.099968
vt 0.098494 0.10498
vt 0.95752 0.115734
vt 0.957598 0.09223
vt 0.978901 0.104158
vt 0.978612 0.128126
vt 0.957984 0.139228
vt 0.97726 0.152045
vt 0.960855 0.163574
vt 0.582795 0.060058
vt 0.578613 0.042546
vt 0.602387 0.049326
vt 0.998774 0.05599
vt 0.981119 0.062012
vt 0.980957 0.042375
vt 0.878717 0.643131
vt 0.902503 0.640305
vt 0.892887 0.657935
vt 0.868913 0.66131
vt 0.85475 0.646806
vt 0.83083 0.652803
vt 0.843655 0.663781
vt 0.79101 0.665089
vt 0.778117 0.681181
vt 0.764843 0.668141
vt 0.754759 0.68553
vt 0.739139 0.671875
vt 0.715043 0.67855
vt 0.731536 0.693805
vt 0.708172 0.701777
vt 0.691141 0.685626
vt 0.672274 0.696028
vt 0.661341 0.685525
vt 0.649985 0.703767
vt 0.63676 0.693429
vt 0.817924 0.663589
vt 0.803855 0.681086
vt 0.685952 0.709526
vt 0.626905 0.712187
vt 0.906247 0.670652
vt 0.915327 0.650716
vt 0.883556 0.673917
vt 0.854338 0.680744
vt 0.830113 0.679883
vt 0.664147 0.717317
vt 0.641401 0.724534
vt 0.928025 0.663662
vt 0.943597 0.640129
vt 0.619068 0.731992
vt 0.895573 0.687266
vt 0.918821 0.683819
vt 0.874862 0.68549
vt 0.605209 0.721898
vt 0.945436 0.677346
vt 0.597703 0.740027
vt 0.583139 0.734945
vt 0.591595 0.715541
vt 0.966188 0.645455
vt 0.963889 0.666977
vt 0.946302 0.654682
vt 0.578613 0.747558
vt 0.966271 0.68247
vt 0.88578 0.093567
vt 0.901743 0.109799
vt 0.881348 0.116699
vt 0.108081 0.918508
vt 0.129984 0.916616
vt 0.112372 0.937012
vt 0.136035 0.893635
vt 0.116993 0.900061
vt 0.121292 0.877834
vt 0.137488 0.869402
vt 0.091128 0.929282
vt 0.076253 0.912236
vt 0.070208 0.929828
vt 0.102552 0.884919
vt 0.099737 0.908912
vt 0.106812 0.867995
vt 0.079342 0.889522
vt 0.049935 0.92416
vt 0.052882 0.896987
vt 0.08618 0.868728
vt 0.063378 0.869439
vt 0.046145 0.881625
vt 0.043457 0.868809
vt 0.954149 0.78243
vt 0.95292 0.756692
vt 0.974758 0.770725
vt 0.975747 0.793662
vt 0.95596 0.805788
vt 0.954557 0.829011
vt 0.974119 0.816213
vt 0.97181 0.838957
vt 0.953259 0.852375
vt 0.968148 0.861222
vt 0.950664 0.874595
vt 0.975573 0.744697
vt 0.954265 0.730434
vt 0.968529 0.884089
vt 0.949217 0.8964
vt 0.978655 0.720723
vt 0.960542 0.706209
vt 0.966962 0.906662
vt 0.947752 0.919146
vt 0.964045 0.929246
vt 0.944809 0.941479
vt 0.967229 0.685685
vt 0.981932 0.695982
vt 0.993131 0.730654
vt 0.989883 0.754486
vt 0.95755 0.951137
vt 0.976689 0.641726
vt 0.995869 0.657545
vt 0.972545 0.664974
vt 0.991961 0.678733
vt 0.976808 0.615111
vt 0.998955 0.635094
vt 0.995104 0.705618
vt 0.938201 0.962844
vt 0.999141 0.61508
vt 0.949382 0.972605
vt 0.990147 0.594276
vt 0.928223 0.981933
vt 0.668372 0.016624
vt 0.65746 0.036621
vt 0.645541 0.011776
vt 0.623071 0.008744
vt 0.631373 0.034199
vt 0.606764 0.024657
vt 0.604004 0.000575
vt 0.227344 0.752497
vt 0.234077 0.776647
vt 0.211426 0.770819
vt 0.252947 0.76153
vt 0.258153 0.780913
vt 0.277121 0.767556
vt 0.282406 0.788758
vt 0.298769 0.772521
vt 0.247112 0.736172
vt 0.271238 0.744208
vt 0.30425 0.79453
vt 0.304061 0.818024
vt 0.286043 0.803462
vt 0.293996 0.749929
vt 0.322941 0.80876
vt 0.322976 0.836453
vt 0.220977 0.726768
vt 0.318035 0.787453
vt 0.315233 0.762378
vt 0.342533 0.82109
vt 0.350148 0.837402
vt 0.261109 0.721389
vt 0.23205 0.711055
vt 0.28843 0.726496
vt 0.312286 0.7398
vt 0.338215 0.800905
vt 0.36551 0.826121
vt 0.334814 0.778658
vt 0.335025 0.751184
vt 0.359523 0.808598
vt 0.353645 0.67223
vt 0.376913 0.669069
vt 0.376684 0.687319
vt 0.276446 0.707338
vt 0.251531 0.70098
vt 0.307572 0.71966
vt 0.332177 0.731907
vt 0.357478 0.788
vt 0.378327 0.81692
vt 0.378217 0.795448
vt 0.37692 0.70634
vt 0.352997 0.696888
vt 0.356415 0.765746
vt 0.356069 0.740773
vt 0.37828 0.773591
vt 0.377298 0.728938
vt 0.355213 0.720249
vt 0.330918 0.680462
vt 0.270076 0.690978
vt 0.330114 0.708381
vt 0.378686 0.751297
vt 0.307954 0.693128
vt 0.861816 0.097438
vt 0.87877 0.104334
vt 0.870161 0.120605
vt 0.067764 0.099391
vt 0.058168 0.122558
vt 0.049316 0.104107
vt 0.364291 0.916393
vt 0.37303 0.934715
vt 0.354352 0.930507
vt 0.343146 0.91084
vt 0.330003 0.932329
vt 0.346576 0.95459
vt 0.35593 0.890664
vt 0.331772 0.887793
vt 0.319444 0.908339
vt 0.370065 0.874952
vt 0.342638 0.866957
vt 0.309082 0.88381
vt 0.323786 0.874902
vt 0.36377 0.019043
vt 0.369814 0.001757
vt 0.390087 0.017386
vt 0.7579 0.013521
vt 0.748111 0.030091
vt 0.731872 0.017071
vt 0.724858 0.036723
vt 0.708935 0.02216
vt 0.702084 0.045176
vt 0.686384 0.031655
vt 0.663639 0.041165
vt 0.679678 0.054821
vt 0.657259 0.06391
vt 0.641375 0.050819
vt 0.618508 0.056829
vt 0.634793 0.072796
vt 0.612021 0.079698
vt 0.595935 0.06468
vt 0.742418 0.208019
vt 0.741994 0.230279
vt 0.720293 0.221044
vt 0.765123 0.045687
vt 0.771943 0.022965
vt 0.741797 0.053166
vt 0.719093 0.061101
vt 0.696752 0.069686
vt 0.674472 0.079322
vt 0.65211 0.088484
vt 0.629507 0.097244
vt 0.58964 0.088152
vt 0.573351 0.072708
vt 0.566949 0.0962
vt 0.55146 0.08157
vt 0.823864 0.011034
vt 0.796979 0.017094
vt 0.806615 0.000515
vt 0.699867 0.208965
vt 0.696729 0.227261
vt 0.721231 0.198439
vt 0.789009 0.038761
vt 0.606678 0.10464
vt 0.543651 0.103329
vt 0.845052 0.026151
vt 0.867503 0.019201
vt 0.862773 0.046069
vt 0.814744 0.031778
vt 0.887517 0.014763
vt 0.884898 0.03713
vt 0.529992 0.089793
vt 0.739119 0.184028
vt 0.90951 0.030495
vt 0.908321 0.013904
vt 0.759208 0.068772
vt 0.782224 0.061042
vt 0.736471 0.076841
vt 0.713816 0.084933
vt 0.692214 0.095083
vt 0.669437 0.103943
vt 0.647343 0.11309
vt 0.624825 0.121972
vt 0.583615 0.112259
vt 0.561556 0.120347
vt 0.841666 0.056411
vt 0.824584 0.040551
vt 0.522737 0.112265
vt 0.653956 0.218828
vt 0.65746 0.200341
vt 0.677114 0.215847
vt 0.679782 0.193402
vt 0.700764 0.183379
vt 0.721607 0.173299
vt 0.906595 0.052517
vt 0.804988 0.052601
vt 0.602302 0.129641
vt 0.539161 0.128659
vt 0.880873 0.060613
vt 0.859358 0.070762
vt 0.561741 0.245778
vt 0.565984 0.227327
vt 0.584437 0.236537
vt 0.635184 0.207571
vt 0.739894 0.159499
vt 0.896767 0.071399
vt 0.892434 0.09027
vt 0.877105 0.08337
vt 0.754235 0.093028
vt 0.776714 0.084256
vt 0.798883 0.075363
vt 0.731748 0.101638
vt 0.709279 0.109502
vt 0.688353 0.119758
vt 0.666222 0.129534
vt 0.643889 0.137977
vt 0.621313 0.146254
vt 0.579428 0.137204
vt 0.557777 0.144973
vt 0.838237 0.081353
vt 0.82052 0.066237
vt 0.518664 0.137163
vt 0.538502 0.251905
vt 0.543139 0.233476
vt 0.637586 0.185722
vt 0.612026 0.215557
vt 0.615307 0.19465
vt 0.660126 0.178805
vt 0.682175 0.169793
vt 0.703259 0.159226
vt 0.588943 0.220578
vt 0.592659 0.200896
vt 0.72314 0.147177
vt 0.598231 0.154384
vt 0.536879 0.152784
vt 0.857192 0.095185
vt 0.504206 0.122836
vt 0.519938 0.239481
vt 0.569761 0.207193
vt 0.546977 0.213774
vt 0.745797 0.13779
vt 0.762648 0.146188
vt 0.772422 0.10812
vt 0.749974 0.116653
vt 0.794565 0.09988
vt 0.816631 0.09095
vt 0.727938 0.125535
vt 0.706413 0.1346
vt 0.685333 0.144986
vt 0.662884 0.154677
vt 0.640657 0.1629
vt 0.618778 0.170557
vt 0.576158 0.161608
vt 0.554168 0.169373
vt 0.836159 0.105219
vt 0.499176 0.146468
vt 0.515261 0.160967
vt 0.51488 0.25786
vt 0.525049 0.219187
vt 0.595819 0.178012
vt 0.573137 0.185186
vt 0.533148 0.176005
vt 0.4952 0.242994
vt 0.502718 0.226382
vt 0.550738 0.192089
vt 0.529513 0.197845
vt 0.769378 0.132399
vt 0.79271 0.126165
vt 0.814435 0.115586
vt 0.49424 0.169247
vt 0.511262 0.183985
vt 0.491407 0.259277
vt 0.507774 0.206692
vt 0.491049 0.216221
vt 0.492963 0.192232
vt 0.477648 0.178062
vt 0.473788 0.246224
vt 0.474234 0.225565
vt 0.47503 0.201684
vt 0.459473 0.236071
vt 0.459575 0.211724
vt 0.427678 0.024527
vt 0.414185 0.002669
vt 0.434167 0.006723
vt 0.391113 0.001547
vt 0.405763 0.019095
vt 0.445301 0.026127
vt 0.4508 0.03874
vt 0.41855 0.039163
vt 0.440079 0.04834
vt 0.932129 0.075171
vt 0.951051 0.093176
vt 0.932702 0.099121
vt 0.9561 0.070696
vt 0.669851 0.720096
vt 0.692818 0.714378
vt 0.69287 0.733509
vt 0.669531 0.739708
vt 0.647753 0.72751
vt 0.625808 0.735688
vt 0.647049 0.749
vt 0.62636 0.75787
vt 0.60556 0.749008
vt 0.588576 0.766337
vt 0.60613 0.769101
vt 0.718347 0.723722
vt 0.586426 0.783083
vt 0.602115 0.793459
vt 0.592753 0.804199
vt 0.614482 0.801207
vt 0.624172 0.782852
vt 0.637055 0.799376
vt 0.668288 0.760013
vt 0.648003 0.775782
vt 0.691078 0.74634
vt 0.11377 0.016912
vt 0.115919 0.001277
vt 0.133474 0.01709
vt 0.237519 0.112793
vt 0.221191 0.099008
vt 0.239251 0.094102
vt 0.412468 0.697716
vt 0.409053 0.680421
vt 0.427352 0.680985
vt 0.473772 0.825848
vt 0.446345 0.836891
vt 0.451094 0.818683
vt 0.436442 0.704253
vt 0.430261 0.820357
vt 0.427493 0.840407
vt 0.415696 0.721377
vt 0.473276 0.813515
vt 0.473464 0.787822
vt 0.49206 0.806367
vt 0.431716 0.800179
vt 0.454089 0.795555
vt 0.412789 0.849121
vt 0.412242 0.826367
vt 0.381348 0.71191
vt 0.395653 0.69658
vt 0.403258 0.716777
vt 0.440684 0.72698
vt 0.41188 0.80589
vt 0.383604 0.731823
vt 0.426288 0.745072
vt 0.454771 0.770253
vt 0.433293 0.778781
vt 0.410958 0.786018
vt 0.397487 0.819637
vt 0.404862 0.843218
vt 0.436409 0.755289
vt 0.447435 0.749943
vt 0.410648 0.740507
vt 0.386635 0.752856
vt 0.391751 0.796304
vt 0.41545 0.763068
vt 0.388175 0.774579
vt 0.998456 0.001487
vt 0.99915 0.020905
vt 0.982991 0.017126
vt 0.981856 0.038041
vt 0.962795 0.0238
vt 0.958194 0.046265
vt 0.939065 0.028582
vt 0.9345 0.046387
vt 0.916504 0.035919
vt 0.555777 0.717747
vt 0.543146 0.728564
vt 0.534618 0.706947
vt 0.562156 0.740219
vt 0.523898 0.716546
vt 0.530027 0.739381
vt 0.549027 0.75079
vt 0.532226 0.762592
vt 0.550022 0.774422
vt 0.515164 0.77679
vt 0.516578 0.750535
vt 0.534104 0.78426
vt 0.550576 0.797201
vt 0.514443 0.794008
vt 0.536291 0.806016
vt 0.497093 0.806885
vt 0.519 0.816639
vt 0.535015 0.829638
vt 0.500942 0.830535
vt 0.484977 0.847666
vt 0.502286 0.852092
vt 0.487615 0.869339
vt 0.512411 0.864025
vt 0.501075 0.884277
vt 0.520594 0.874178
vt 0.48291 0.827559
vt 0.520042 0.839679
vt 0.268066 0.096869
vt 0.286919 0.08727
vt 0.278624 0.108887
vt 0.463379 0.094188
vt 0.484908 0.085272
vt 0.474394 0.10498
vt 0.394205 0.87603
vt 0.384196 0.893221
vt 0.371582 0.87849
vt 0.408091 0.894043
vt 0.416327 0.874381
vt 0.432602 0.889963
vt 0.436891 0.86687
vt 0.457364 0.879314
vt 0.455824 0.85274
vt 0.478537 0.867073
vt 0.473831 0.8454
vt 0.480752 0.825292
vt 0.961426 0.012757
vt 0.976404 0.001625
vt 0.978003 0.01709
vt 0.240723 0.095795
vt 0.261008 0.09212
vt 0.253488 0.112793
vt 0.240544 0.604678
vt 0.233191 0.627512
vt 0.220835 0.615211
vt 0.231628 0.595501
vt 0.209053 0.604506
vt 0.21432 0.638667
vt 0.198291 0.624076
vt 0.227728 0.650723
vt 0.18642 0.612291
vt 0.190865 0.648126
vt 0.176787 0.633147
vt 0.20974 0.664922
vt 0.164729 0.619992
vt 0.18421 0.673808
vt 0.167387 0.654714
vt 0.153612 0.638061
vt 0.200907 0.695016
vt 0.139789 0.620241
vt 0.171543 0.696429
vt 0.157031 0.67673
vt 0.142407 0.657306
vt 0.128852 0.639344
vt 0.192429 0.71569
vt 0.217357 0.743138
vt 0.193282 0.731883
vt 0.115838 0.62389
vt 0.17187 0.724164
vt 0.153117 0.714603
vt 0.143701 0.696787
vt 0.131006 0.677888
vt 0.11774 0.658471
vt 0.104005 0.639786
vt 0.126829 0.711273
vt 0.090813 0.623552
vt 0.118882 0.699614
vt 0.107478 0.679102
vt 0.093322 0.658266
vt 0.079051 0.638917
vt 0.103183 0.722399
vt 0.096696 0.700571
vt 0.08293 0.680005
vt 0.068394 0.660118
vt 0.054699 0.643624
vt 0.072898 0.702577
vt 0.087315 0.722669
vt 0.058104 0.683384
vt 0.0432 0.664841
vt 0.030731 0.651536
vt 0.023926 0.672488
vt 0.06569 0.7257
vt 0.085446 0.746238
vt 0.053789 0.750738
vt 0.048363 0.706738
vt 0.033138 0.685832
vt 0.076423 0.765137
vt 0.042757 0.729806
vt 0.029733 0.711992
vt 0.275198 0.034668
vt 0.262207 0.01551
vt 0.281459 0.008378
vt 0.297297 0.027833
vt 0.301175 0.001301
vt 0.939182 0.022949
vt 0.938686 0.004872
vt 0.95747 0.012874
vt 0.916504 0.001749
vt 0.428223 0.082639
vt 0.447475 0.09861
vt 0.434536 0.10498
vt 0.936026 0.048616
vt 0.940798 0.067871
vt 0.918457 0.058644
vt 0.956335 0.060794
vt 0.018642 0.01709
vt 0.006348 0.004015
vt 0.030551 0.001922
vt 0.7818 0.779913
vt 0.800725 0.782445
vt 0.781738 0.799163
vt 0.800901 0.802055
vt 0.783781 0.820567
vt 0.822701 0.790783
vt 0.806211 0.826141
vt 0.789605 0.842564
vt 0.82485 0.810447
vt 0.811466 0.851003
vt 0.79216 0.862527
vt 0.843638 0.783683
vt 0.848591 0.799387
vt 0.833125 0.833743
vt 0.816261 0.876158
vt 0.853217 0.82034
vt 0.835982 0.857413
vt 0.854533 0.840716
vt 0.844411 0.880371
vt 0.867584 0.812692
vt 0.876003 0.833683
vt 0.863617 0.859843
vt 0.870954 0.877657
vt 0.290585 0.075726
vt 0.268719 0.083113
vt 0.270376 0.065517
vt 0.251614 0.065786
vt 0.252853 0.043688
vt 0.244629 0.089355
vt 0.521973 0.069824
vt 0.527676 0.050926
vt 0.545344 0.060633
vt 0.297991 0.058105
vt 0.268066 0.049752
vt 0.283388 0.037173
vt 0.035384 0.263269
vt 0.202508 0.093641
vt 0.205405 0.139516
vt 0.010745 0.354595
vt 0.16496 0.484654
vt 0.850755 0.766864
vt 0.091128 0.929282
vt 0.30425 0.79453
f 1/1/1 2/2/2 3/3/3
f 1/1/1 4/4/4 2/2/2
f 2/2/2 5/5/5 3/3/3
f 1/1/1 3/3/3 6/6/6
f 1/1/1 7/7/7 4/4/4
f 2/2/2 4/4/4 8/8/8
f 2/11/2 9/12/9 5/13/5
f 10/94/10 3/95/3 5/96/5
f 6/14/6 3/15/3 11/16/11
f 1/1/1 6/6/6 12/9/12
f 1/99/1 13/100/13 7/101/7
f 14/102/14 4/103/4 7/101/7
f 15/232/15 8/233/8 4/234/4
f 2/2/2 8/8/8 9/10/9
f 16/17/16 5/13/5 9/12/9
f 10/94/10 11/97/11 3/95/3
f 17/18/17 10/19/10 5/13/5
f 6/14/6 11/16/11 18/20/18
f 6/247/6 18/248/18 12/249/12
f 1/99/1 12/104/12 13/100/13
f 19/105/19 7/101/7 13/100/13
f 14/235/14 15/232/15 4/234/4
f 14/102/14 7/101/7 20/106/20
f 15/232/15 21/236/21 8/233/8
f 9/12/9 8/21/8 22/22/22
f 16/17/16 17/18/17 5/13/5
f 23/23/23 16/17/16 9/12/9
f 10/94/10 24/98/24 11/97/11
f 17/18/17 25/24/25 10/19/10
f 18/20/18 11/16/11 26/25/26
f 27/250/27 12/249/12 18/248/18
f 12/104/12 28/107/28 13/100/13
f 20/106/20 7/101/7 19/105/19
f 19/105/19 13/100/13 29/108/29
f 14/235/14 30/237/30 15/232/15
f 31/109/31 14/102/14 20/106/20
f 15/232/15 32/238/32 21/236/21
f 21/26/21 22/22/22 8/21/8
f 23/23/23 9/12/9 22/22/22
f 16/280/16 33/281/33 17/282/17
f 34/283/34 16/280/16 23/284/23
f 10/19/10 25/24/25 24/27/24
f 11/16/11 24/27/24 26/25/26
f 35/285/35 25/286/25 17/282/17
f 36/28/36 18/20/18 26/25/26
f 27/250/27 37/251/37 12/249/12
f 36/252/36 27/250/27 18/248/18
f 12/104/12 37/110/37 28/107/28
f 29/108/29 13/100/13 28/107/28
f 38/111/38 20/106/20 19/105/19
f 39/112/39 19/105/19 29/108/29
f 31/239/31 30/237/30 14/235/14
f 30/237/30 32/238/32 15/232/15
f 31/109/31 20/106/20 40/113/40
f 21/236/21 32/238/32 41/240/41
f 42/29/42 22/22/22 21/26/21
f 23/23/23 22/22/22 43/30/43
f 34/283/34 33/281/33 16/280/16
f 35/285/35 17/282/17 33/281/33
f 34/283/34 23/284/23 44/287/44
f 45/31/45 24/27/24 25/24/25
f 24/27/24 46/32/46 26/25/26
f 35/285/35 47/288/47 25/286/25
f 36/28/36 26/25/26 48/33/48
f 27/250/27 49/253/49 37/251/37
f 36/252/36 50/254/50 27/250/27
f 51/114/51 28/107/28 37/110/37
f 29/108/29 28/107/28 52/115/52
f 38/111/38 40/113/40 20/106/20
f 38/111/38 19/105/19 39/112/39
f 39/112/39 29/108/29 53/116/53
f 54/241/54 30/237/30 31/239/31
f 30/237/30 55/242/55 32/238/32
f 31/109/31 40/113/40 56/117/56
f 57/519/57 41/520/41 32/521/32
f 42/29/42 21/26/21 41/34/41
f 42/29/42 43/30/43 22/22/22
f 44/35/44 23/23/23 43/30/43
f 34/283/34 58/289/58 33/281/33
f 59/290/59 35/285/35 33/281/33
f 34/283/34 44/287/44 60/291/60
f 45/31/45 46/32/46 24/27/24
f 47/288/47 45/292/45 25/286/25
f 26/25/26 46/32/46 48/33/48
f 35/285/35 61/293/61 47/288/47
f 36/28/36 48/33/48 62/36/62
f 27/250/27 50/254/50 49/253/49
f 51/114/51 37/110/37 49/118/49
f 36/252/36 62/255/62 50/254/50
f 51/114/51 52/115/52 28/107/28
f 29/108/29 52/115/52 53/116/53
f 63/119/63 40/113/40 38/111/38
f 38/111/38 39/112/39 64/120/64
f 39/112/39 53/116/53 65/121/65
f 54/241/54 55/242/55 30/237/30
f 54/122/54 31/109/31 56/117/56
f 57/243/57 32/238/32 55/242/55
f 66/123/66 56/117/56 40/113/40
f 57/519/57 67/522/67 41/520/41
f 42/29/42 41/34/41 67/37/67
f 42/29/42 68/38/68 43/30/43
f 44/35/44 43/30/43 69/39/69
f 34/283/34 60/291/60 58/289/58
f 59/290/59 33/281/33 58/289/58
f 59/290/59 61/293/61 35/285/35
f 44/287/44 70/294/70 60/291/60
f 45/31/45 71/40/71 46/32/46
f 47/288/47 72/295/72 45/292/45
f 73/41/73 48/33/48 46/32/46
f 74/296/74 47/288/47 61/293/61
f 75/42/75 62/36/62 48/33/48
f 50/254/50 76/256/76 49/253/49
f 51/114/51 49/118/49 77/124/77
f 50/254/50 62/255/62 78/257/78
f 51/114/51 79/125/79 52/115/52
f 80/525/80 53/526/53 52/527/52
f 63/119/63 66/123/66 40/113/40
f 63/119/63 38/111/38 64/120/64
f 64/120/64 39/112/39 65/121/65
f 65/528/65 53/526/53 81/529/81
f 54/241/54 82/244/82 55/242/55
f 54/544/54 56/545/56 83/546/83
f 84/550/84 57/551/57 55/552/55
f 85/547/85 56/545/56 66/548/66
f 57/519/57 86/523/86 67/522/67
f 42/29/42 67/37/67 68/38/68
f 43/30/43 68/38/68 87/43/87
f 69/39/69 43/30/43 87/43/87
f 44/287/44 69/297/69 70/294/70
f 88/298/88 58/289/58 60/291/60
f 59/290/59 58/289/58 89/299/89
f 59/290/59 90/300/90 61/293/61
f 70/294/70 91/301/91 60/291/60
f 45/292/45 72/295/72 71/302/71
f 73/41/73 46/32/46 71/40/71
f 74/296/74 72/295/72 47/288/47
f 73/41/73 75/42/75 48/33/48
f 74/296/74 61/293/61 92/303/92
f 93/44/93 62/36/62 75/42/75
f 50/254/50 78/257/78 76/256/76
f 76/126/76 77/124/77 49/118/49
f 51/114/51 77/124/77 94/127/94
f 93/258/93 78/257/78 62/255/62
f 51/114/51 94/127/94 79/125/79
f 80/128/80 52/115/52 79/125/79
f 80/525/80 81/529/81 53/526/53
f 63/554/63 95/555/95 66/556/66
f 63/119/63 64/120/64 96/129/96
f 64/120/64 65/121/65 97/130/97
f 65/528/65 81/529/81 98/530/98
f 54/241/54 83/245/83 82/244/82
f 84/550/84 55/552/55 82/553/82
f 85/547/85 83/546/83 56/545/56
f 84/558/84 86/559/86 57/560/57
f 85/547/85 66/548/66 99/549/99
f 100/524/100 67/522/67 86/523/86
f 100/45/100 68/38/68 67/37/67
f 87/43/87 68/38/68 100/45/100
f 101/304/101 69/297/69 87/305/87
f 69/297/69 102/306/102 70/294/70
f 89/299/89 58/289/58 88/298/88
f 88/298/88 60/291/60 91/301/91
f 59/290/59 89/299/89 90/300/90
f 61/293/61 90/300/90 92/303/92
f 70/294/70 103/307/103 91/301/91
f 104/308/104 71/302/71 72/295/72
f 73/41/73 71/40/71 105/46/105
f 74/296/74 106/309/106 72/295/72
f 73/41/73 107/47/107 75/42/75
f 74/296/74 92/303/92 108/310/108
f 93/44/93 75/42/75 109/48/109
f 110/131/110 76/126/76 78/132/78
f 76/126/76 111/133/111 77/124/77
f 77/124/77 112/134/112 94/127/94
f 93/258/93 113/259/113 78/257/78
f 114/135/114 79/125/79 94/127/94
f 80/525/80 79/531/79 115/532/115
f 80/525/80 116/533/116 81/529/81
f 63/119/63 96/129/96 95/136/95
f 66/556/66 95/555/95 99/557/99
f 64/583/64 117/584/117 96/585/96
f 97/534/97 65/528/65 98/530/98
f 64/583/64 97/586/97 117/584/117
f 118/535/118 98/530/98 81/529/81
f 82/244/82 83/245/83 119/246/119
f 84/620/84 82/621/82 120/622/120
f 85/561/85 121/562/121 83/563/83
f 84/558/84 122/564/122 86/559/86
f 85/561/85 99/565/99 123/566/123
f 124/623/124 100/624/100 86/625/86
f 125/49/125 87/43/87 100/45/100
f 101/304/101 102/306/102 69/297/69
f 101/304/101 87/305/87 125/311/125
f 70/294/70 102/306/102 103/307/103
f 89/632/89 88/633/88 126/634/126
f 88/633/88 91/635/91 127/636/127
f 89/299/89 128/312/128 90/300/90
f 129/313/129 92/303/92 90/300/90
f 130/637/130 91/635/91 103/638/103
f 104/308/104 105/1690/105 71/302/71
f 104/308/104 72/295/72 106/309/106
f 73/41/73 105/46/105 107/47/107
f 74/296/74 108/310/108 106/309/106
f 109/48/109 75/42/75 107/47/107
f 131/315/131 108/310/108 92/303/92
f 93/44/93 109/48/109 132/50/132
f 110/131/110 111/133/111 76/126/76
f 110/131/110 78/132/78 113/137/113
f 77/124/77 111/133/111 112/134/112
f 112/134/112 133/138/133 94/127/94
f 93/258/93 132/260/132 113/259/113
f 114/135/114 115/139/115 79/125/79
f 114/135/114 94/127/94 133/138/133
f 80/525/80 115/532/115 116/533/116
f 118/535/118 81/529/81 116/533/116
f 95/644/95 96/645/96 134/646/134
f 135/567/135 99/565/99 95/568/95
f 136/587/136 96/585/96 117/584/117
f 97/534/97 98/530/98 137/536/137
f 117/537/117 97/534/97 138/538/138
f 139/539/139 98/530/98 118/535/118
f 119/569/119 83/563/83 121/562/121
f 82/570/82 119/569/119 120/571/120
f 84/558/84 120/571/120 122/564/122
f 85/561/85 123/566/123 121/562/121
f 124/623/124 86/625/86 122/626/122
f 140/572/140 123/566/123 99/565/99
f 141/51/141 100/45/100 124/52/124
f 141/51/141 125/49/125 100/45/100
f 101/304/101 142/316/142 102/306/102
f 143/317/143 101/304/101 125/311/125
f 144/318/144 103/307/103 102/306/102
f 88/633/88 127/636/127 126/634/126
f 89/632/89 126/634/126 128/639/128
f 130/637/130 127/636/127 91/635/91
f 129/313/129 90/300/90 128/312/128
f 131/315/131 92/303/92 129/313/129
f 145/640/145 130/637/130 103/638/103
f 104/650/104 146/651/146 105/652/105
f 147/319/147 104/308/104 106/309/106
f 148/53/148 107/47/107 105/46/105
f 149/320/149 106/309/106 108/310/108
f 109/48/109 107/47/107 150/54/150
f 131/315/131 151/321/151 108/310/108
f 152/55/152 132/50/132 109/48/109
f 110/131/110 153/140/153 111/133/111
f 110/131/110 113/137/113 154/141/154
f 111/133/111 155/142/155 112/134/112
f 112/134/112 156/143/156 133/138/133
f 113/259/113 132/260/132 157/261/157
f 114/135/114 158/144/158 115/139/115
f 114/653/114 133/654/133 159/655/159
f 116/145/116 115/139/115 160/146/160
f 118/535/118 116/533/116 161/540/161
f 136/587/136 134/588/134 96/585/96
f 135/647/135 95/644/95 134/646/134
f 135/567/135 140/572/140 99/565/99
f 162/589/162 136/587/136 117/584/117
f 139/539/139 137/536/137 98/530/98
f 97/534/97 137/536/137 138/538/138
f 162/589/162 117/584/117 138/590/138
f 139/539/139 118/535/118 163/541/163
f 119/569/119 121/562/121 164/573/164
f 165/574/165 120/571/120 119/569/119
f 166/575/166 122/564/122 120/571/120
f 121/562/121 123/566/123 167/576/167
f 124/623/124 122/626/122 166/627/166
f 140/572/140 168/577/168 123/566/123
f 141/51/141 124/52/124 169/56/169
f 141/51/141 170/57/170 125/49/125
f 143/317/143 142/316/142 101/304/101
f 142/316/142 144/318/144 102/306/102
f 143/317/143 125/311/125 170/322/170
f 145/640/145 103/638/103 144/641/144
f 127/323/127 171/324/171 126/325/126
f 172/326/172 128/312/128 126/325/126
f 130/327/130 173/328/173 127/323/127
f 129/313/129 128/312/128 174/329/174
f 131/315/131 129/313/129 175/330/175
f 145/331/145 176/332/176 130/327/130
f 147/319/147 146/333/146 104/308/104
f 148/334/148 105/314/105 146/333/146
f 149/320/149 147/319/147 106/309/106
f 148/53/148 150/54/150 107/47/107
f 151/321/151 149/320/149 108/310/108
f 152/55/152 109/48/109 150/54/150
f 131/315/131 177/335/177 151/321/151
f 152/55/152 178/58/178 132/50/132
f 110/131/110 154/141/154 153/140/153
f 111/133/111 153/140/153 155/142/155
f 113/137/113 157/147/157 154/141/154
f 112/134/112 155/142/155 156/143/156
f 133/654/133 156/656/156 179/657/179
f 132/260/132 178/262/178 157/261/157
f 114/135/114 159/148/159 158/144/158
f 160/146/160 115/139/115 158/144/158
f 133/654/133 179/657/179 159/655/159
f 116/851/116 160/852/160 180/853/180
f 116/851/116 180/853/180 161/854/161
f 118/855/118 161/854/161 163/856/163
f 181/591/181 134/588/134 136/587/136
f 182/648/182 135/647/135 134/646/134
f 135/567/135 183/578/183 140/572/140
f 162/860/162 184/861/184 136/862/136
f 139/592/139 185/593/185 137/594/137
f 186/595/186 138/590/138 137/594/137
f 162/589/162 138/590/138 187/596/187
f 139/539/139 163/541/163 188/542/188
f 164/573/164 121/562/121 167/576/167
f 165/574/165 119/569/119 164/573/164
f 165/574/165 189/579/189 120/571/120
f 166/575/166 120/571/120 189/579/189
f 168/577/168 167/576/167 123/566/123
f 169/628/169 124/623/124 166/627/166
f 190/580/190 168/577/168 140/572/140
f 141/51/141 169/56/169 191/59/191
f 141/51/141 191/59/191 170/57/170
f 143/317/143 192/336/192 142/316/142
f 142/316/142 193/337/193 144/318/144
f 143/317/143 170/322/170 194/338/194
f 145/640/145 144/641/144 195/642/195
f 127/323/127 173/328/173 171/324/171
f 171/324/171 172/326/172 126/325/126
f 172/326/172 174/329/174 128/312/128
f 176/332/176 173/328/173 130/327/130
f 129/313/129 174/329/174 175/330/175
f 131/315/131 175/330/175 177/335/177
f 145/331/145 196/339/196 176/332/176
f 197/340/197 146/333/146 147/319/147
f 148/334/148 146/333/146 198/341/198
f 149/320/149 199/342/199 147/319/147
f 148/53/148 200/60/200 150/54/150
f 151/321/151 201/343/201 149/320/149
f 152/55/152 150/54/150 202/61/202
f 203/344/203 151/321/151 177/335/177
f 152/55/152 204/62/204 178/58/178
f 154/141/154 205/149/205 153/140/153
f 206/150/206 155/142/155 153/140/153
f 154/141/154 157/147/157 207/151/207
f 156/143/156 155/142/155 208/152/208
f 156/656/156 209/658/209 179/657/179
f 210/263/210 157/261/157 178/262/178
f 158/659/158 159/655/159 211/660/211
f 160/661/160 158/659/158 212/662/212
f 213/663/213 159/655/159 179/657/179
f 160/661/160 212/662/212 180/664/180
f 161/854/161 180/853/180 214/857/214
f 161/854/161 215/858/215 163/856/163
f 182/597/182 134/588/134 181/591/181
f 181/591/181 136/587/136 216/598/216
f 182/648/182 183/649/183 135/647/135
f 190/580/190 140/572/140 183/578/183
f 162/860/162 217/863/217 184/861/184
f 216/865/216 136/866/136 184/867/184
f 139/592/139 188/599/188 185/593/185
f 186/595/186 137/594/137 185/593/185
f 186/595/186 187/596/187 138/590/138
f 162/589/162 187/596/187 217/600/217
f 163/541/163 218/543/218 188/542/188
f 164/869/164 167/870/167 219/871/219
f 165/872/165 164/869/164 220/873/220
f 165/872/165 221/874/221 189/875/189
f 222/629/222 166/627/166 189/630/189
f 223/876/223 167/870/167 168/877/168
f 169/628/169 166/627/166 222/629/222
f 190/878/190 224/879/224 168/877/168
f 169/56/169 225/63/225 191/59/191
f 226/64/226 170/57/170 191/59/191
f 143/317/143 194/338/194 192/336/192
f 142/316/142 192/336/192 193/337/193
f 195/642/195 144/641/144 193/643/193
f 226/345/226 194/338/194 170/322/170
f 145/331/145 195/346/195 196/339/196
f 171/324/171 173/328/173 227/347/227
f 228/348/228 172/326/172 171/324/171
f 172/326/172 229/349/229 174/329/174
f 176/332/176 230/350/230 173/328/173
f 175/330/175 174/329/174 231/351/231
f 175/330/175 232/352/232 177/335/177
f 176/332/176 196/339/196 233/353/233
f 198/341/198 146/333/146 197/340/197
f 197/340/197 147/319/147 199/342/199
f 148/334/148 198/341/198 200/354/200
f 149/320/149 201/343/201 199/342/199
f 202/61/202 150/54/150 200/60/200
f 203/344/203 201/343/201 151/321/151
f 152/55/152 202/61/202 204/62/204
f 203/344/203 177/335/177 234/355/234
f 204/62/204 235/65/235 178/58/178
f 154/141/154 207/151/207 205/149/205
f 206/150/206 153/140/153 205/149/205
f 206/150/206 208/152/208 155/142/155
f 210/153/210 207/151/207 157/147/157
f 156/656/156 208/665/208 209/658/209
f 209/658/209 236/666/236 179/657/179
f 210/263/210 178/262/178 235/264/235
f 211/660/211 159/655/159 213/663/213
f 158/659/158 211/660/211 212/662/212
f 213/663/213 179/657/179 236/666/236
f 237/667/237 180/664/180 212/662/212
f 214/668/214 180/664/180 237/667/237
f 161/854/161 214/857/214 215/858/215
f 163/856/163 215/858/215 218/859/218
f 182/1001/182 181/1002/181 238/1003/238
f 239/1004/239 181/1002/181 216/1005/216
f 182/1001/182 238/1003/238 183/1006/183
f 190/580/190 183/578/183 240/581/240
f 241/864/241 184/861/184 217/863/217
f 239/868/239 216/865/216 184/867/184
f 188/599/188 242/601/242 185/593/185
f 186/595/186 185/593/185 243/602/243
f 186/595/186 244/603/244 187/596/187
f 217/600/217 187/596/187 245/604/245
f 188/599/188 218/605/218 246/606/246
f 223/876/223 219/871/219 167/870/167
f 164/869/164 219/871/219 220/873/220
f 165/872/165 220/873/220 221/874/221
f 247/880/247 189/875/189 221/874/221
f 247/880/247 222/881/222 189/875/189
f 223/876/223 168/877/168 224/879/224
f 169/628/169 222/629/222 225/631/225
f 190/878/190 248/882/248 224/879/224
f 191/59/191 225/63/225 249/66/249
f 226/64/226 191/59/191 249/66/249
f 194/338/194 250/356/250 192/336/192
f 251/357/251 193/337/193 192/336/192
f 195/346/195 193/337/193 252/358/252
f 226/345/226 253/359/253 194/338/194
f 195/346/195 252/358/252 196/339/196
f 230/350/230 227/347/227 173/328/173
f 228/348/228 171/324/171 227/347/227
f 228/348/228 229/349/229 172/326/172
f 174/329/174 229/349/229 231/351/231
f 176/332/176 233/353/233 230/350/230
f 175/330/175 231/351/231 232/352/232
f 254/360/254 177/335/177 232/352/232
f 233/353/233 196/339/196 255/361/255
f 198/341/198 197/340/197 256/362/256
f 197/340/197 199/342/199 257/363/257
f 258/364/258 200/354/200 198/341/198
f 259/365/259 199/342/199 201/343/201
f 260/67/260 202/61/202 200/60/200
f 203/344/203 261/366/261 201/343/201
f 204/62/204 202/61/202 262/68/262
f 234/355/234 177/335/177 254/360/254
f 203/344/203 234/355/234 261/366/261
f 204/62/204 263/69/263 235/65/235
f 205/149/205 207/151/207 264/154/264
f 206/150/206 205/149/205 265/155/265
f 206/150/206 266/156/266 208/152/208
f 210/153/210 267/157/267 207/151/207
f 208/665/208 268/669/268 209/658/209
f 269/670/269 236/666/236 209/658/209
f 270/265/270 210/263/210 235/264/235
f 211/660/211 213/663/213 271/671/271
f 211/660/211 272/672/272 212/662/212
f 213/663/213 236/666/236 273/673/273
f 237/667/237 212/662/212 272/672/272
f 214/1008/214 237/1009/237 274/1010/274
f 275/1011/275 215/1012/215 214/1013/214
f 215/1012/215 276/1014/276 218/1015/218
f 238/1003/238 181/1002/181 239/1004/239
f 277/1030/277 183/1031/183 238/1032/238
f 277/582/277 240/581/240 183/578/183
f 190/878/190 240/883/240 248/882/248
f 239/1033/239 184/1034/184 241/1035/241
f 241/1036/241 217/1037/217 245/1038/245
f 188/599/188 246/606/246 242/601/242
f 185/593/185 242/601/242 243/602/243
f 186/595/186 243/602/243 244/603/244
f 244/603/244 245/604/245 187/596/187
f 246/1016/246 218/1015/218 276/1014/276
f 223/876/223 278/884/278 219/871/219
f 279/885/279 220/873/220 219/871/219
f 280/886/280 221/874/221 220/873/220
f 247/880/247 221/874/221 281/887/281
f 247/880/247 282/888/282 222/881/222
f 223/876/223 224/879/224 283/889/283
f 225/890/225 222/881/222 282/888/282
f 224/879/224 248/882/248 284/891/284
f 225/890/225 285/892/285 249/893/249
f 226/64/226 249/66/249 286/70/286
f 194/338/194 253/359/253 250/356/250
f 250/356/250 251/357/251 192/336/192
f 252/358/252 193/337/193 251/357/251
f 226/345/226 286/367/286 253/359/253
f 287/368/287 196/339/196 252/358/252
f 230/350/230 288/369/288 227/347/227
f 228/348/228 227/347/227 289/370/289
f 228/348/228 290/371/290 229/349/229
f 229/349/229 291/372/291 231/351/231
f 230/1048/230 233/1049/233 292/1050/292
f 293/373/293 232/352/232 231/351/231
f 254/360/254 232/352/232 294/374/294
f 295/1691/295 255/361/255 196/339/196
f 233/353/233 255/361/255 292/1692/292
f 197/340/197 257/363/257 256/362/256
f 258/364/258 198/341/198 256/362/256
f 257/363/257 199/342/199 259/365/259
f 258/364/258 260/377/260 200/354/200
f 261/366/261 259/365/259 201/343/201
f 260/67/260 262/68/262 202/61/202
f 204/62/204 262/68/262 263/69/263
f 234/355/234 254/360/254 296/378/296
f 261/366/261 234/355/234 297/379/297
f 263/69/263 298/71/298 235/65/235
f 267/157/267 264/154/264 207/151/207
f 265/155/265 205/149/205 264/154/264
f 206/150/206 265/155/265 266/156/266
f 208/665/208 266/674/266 268/669/268
f 270/158/270 267/157/267 210/153/210
f 268/669/268 269/670/269 209/658/209
f 299/675/299 236/666/236 269/670/269
f 270/265/270 235/264/235 298/266/298
f 213/663/213 273/673/273 271/671/271
f 211/660/211 271/671/271 272/672/272
f 299/675/299 273/673/273 236/666/236
f 237/667/237 272/672/272 300/676/300
f 237/667/237 300/676/300 274/677/274
f 275/1011/275 214/1013/214 274/1017/274
f 275/1011/275 276/1014/276 215/1012/215
f 277/1007/277 238/1003/238 239/1004/239
f 277/894/277 248/882/248 240/883/240
f 239/1039/239 241/1036/241 301/1040/301
f 241/1036/241 245/1038/245 302/1041/302
f 303/607/303 242/601/242 246/606/246
f 304/608/304 243/602/243 242/601/242
f 244/603/244 243/602/243 305/609/305
f 244/603/244 306/1695/306 245/604/245
f 307/1018/307 246/1016/246 276/1014/276
f 223/876/223 283/889/283 278/884/278
f 278/884/278 279/885/279 219/871/219
f 279/885/279 280/886/280 220/873/220
f 280/886/280 281/887/281 221/874/221
f 247/880/247 281/887/281 308/895/308
f 247/880/247 308/895/308 282/888/282
f 283/889/283 224/879/224 284/891/284
f 225/890/225 282/888/282 285/892/285
f 309/896/309 284/891/284 248/882/248
f 310/897/310 249/893/249 285/892/285
f 286/898/286 249/893/249 310/897/310
f 253/359/253 311/380/311 250/356/250
f 312/381/312 251/357/251 250/356/250
f 252/358/252 251/357/251 313/382/313
f 314/383/314 253/359/253 286/367/286
f 295/1051/295 196/1052/196 287/1053/287
f 287/1053/287 252/1054/252 295/1051/295
f 230/350/230 292/376/292 288/369/288
f 227/347/227 288/369/288 289/370/289
f 228/348/228 289/370/289 290/371/290
f 290/371/290 291/372/291 229/349/229
f 291/372/291 293/373/293 231/351/231
f 293/373/293 294/374/294 232/352/232
f 254/360/254 294/374/294 315/384/315
f 295/1055/295 316/1056/316 255/1057/255
f 255/1057/255 317/1058/317 292/1059/292
f 257/363/257 318/385/318 256/362/256
f 258/364/258 256/362/256 319/386/319
f 320/387/320 257/363/257 259/365/259
f 258/364/258 321/388/321 260/377/260
f 261/366/261 322/389/322 259/365/259
f 323/72/323 262/68/262 260/67/260
f 324/73/324 263/69/263 262/68/262
f 254/360/254 315/384/315 296/378/296
f 234/355/234 296/378/296 297/379/297
f 261/366/261 297/379/297 322/389/322
f 325/74/325 298/71/298 263/69/263
f 326/159/326 264/154/264 267/157/267
f 265/155/265 264/154/264 327/160/327
f 328/161/328 266/156/266 265/155/265
f 329/678/329 268/669/268 266/674/266
f 270/158/270 330/162/330 267/157/267
f 331/679/331 269/670/269 268/669/268
f 332/680/332 299/675/299 269/670/269
f 270/265/270 298/266/298 333/267/333
f 334/681/334 271/671/271 273/673/273
f 335/682/335 272/672/272 271/671/271
f 299/675/299 336/683/336 273/673/273
f 335/682/335 300/676/300 272/672/272
f 337/1019/337 274/1017/274 300/1020/300
f 275/1011/275 274/1017/274 338/1021/338
f 307/1018/307 276/1014/276 275/1011/275
f 277/1042/277 239/1039/239 301/1040/301
f 277/894/277 309/896/309 248/882/248
f 301/1040/301 241/1036/241 302/1041/302
f 302/1041/302 245/1038/245 339/1043/339
f 303/607/303 304/608/304 242/601/242
f 303/1022/303 246/1016/246 307/1018/307
f 304/608/304 305/609/305 243/602/243
f 244/1074/244 305/1075/305 306/1076/306
f 245/1038/245 306/1044/306 339/1043/339
f 340/899/340 278/884/278 283/889/283
f 341/900/341 279/885/279 278/884/278
f 342/901/342 280/886/280 279/885/279
f 343/902/343 281/887/281 280/886/280
f 344/903/344 308/895/308 281/887/281
f 282/888/282 308/895/308 345/904/345
f 283/889/283 284/891/284 346/905/346
f 282/888/282 345/904/345 285/892/285
f 347/906/347 284/891/284 309/896/309
f 348/907/348 310/897/310 285/892/285
f 286/898/286 310/897/310 349/908/349
f 314/383/314 311/380/311 253/359/253
f 312/381/312 250/356/250 311/380/311
f 312/381/312 313/382/313 251/357/251
f 252/358/252 313/382/313 295/375/295
f 314/909/314 286/898/286 349/908/349
f 292/1059/292 350/1060/350 288/1061/288
f 289/1062/289 288/1061/288 351/1063/351
f 290/1064/290 289/1062/289 352/1065/352
f 290/1064/290 353/1066/353 291/1067/291
f 354/390/354 293/373/293 291/372/291
f 355/391/355 294/374/294 293/373/293
f 315/384/315 294/374/294 356/392/356
f 295/1055/295 357/1068/357 316/1056/316
f 255/1057/255 316/1056/316 317/1058/317
f 317/1058/317 350/1060/350 292/1059/292
f 320/387/320 318/385/318 257/363/257
f 319/386/319 256/362/256 318/385/318
f 258/364/258 319/386/319 321/388/321
f 320/387/320 259/365/259 322/389/322
f 323/1693/323 260/377/260 321/388/321
f 324/73/324 262/68/262 323/72/323
f 324/73/324 325/74/325 263/69/263
f 296/378/296 315/384/315 358/394/358
f 296/378/296 359/395/359 297/379/297
f 322/389/322 297/379/297 360/396/360
f 325/74/325 361/75/361 298/71/298
f 327/160/327 264/154/264 326/159/326
f 330/162/330 326/159/326 267/157/267
f 328/161/328 265/155/265 327/160/327
f 328/684/328 329/678/329 266/674/266
f 329/678/329 331/679/331 268/669/268
f 270/158/270 333/163/333 330/162/330
f 331/679/331 332/680/332 269/670/269
f 332/680/332 362/685/362 299/675/299
f 333/267/333 298/266/298 361/268/361
f 335/682/335 271/671/271 334/681/334
f 336/683/336 334/681/334 273/673/273
f 299/675/299 362/685/362 336/683/336
f 335/682/335 363/686/363 300/676/300
f 338/1021/338 274/1017/274 337/1019/337
f 337/687/337 300/676/300 364/688/364
f 307/1018/307 275/1011/275 338/1021/338
f 277/1042/277 301/1040/301 309/1045/309
f 301/1040/301 302/1041/302 365/1046/365
f 302/1041/302 339/1043/339 366/1047/366
f 303/607/303 367/611/367 304/608/304
f 303/1022/303 307/1018/307 368/1023/368
f 304/608/304 369/612/369 305/609/305
f 370/613/370 306/610/306 305/609/305
f 371/1077/371 339/1078/339 306/1079/306
f 341/900/341 278/884/278 340/899/340
f 340/899/340 283/889/283 346/905/346
f 341/900/341 342/901/342 279/885/279
f 343/902/343 280/886/280 342/901/342
f 344/903/344 281/887/281 343/902/343
f 344/903/344 372/910/372 308/895/308
f 372/910/372 345/904/345 308/895/308
f 347/906/347 346/905/346 284/891/284
f 348/907/348 285/892/285 345/904/345
f 365/911/365 347/906/347 309/896/309
f 348/907/348 373/912/373 310/897/310
f 310/897/310 373/912/373 349/908/349
f 374/397/374 311/380/311 314/383/314
f 312/1069/312 311/1070/311 375/1071/375
f 312/1069/312 376/1072/376 313/1073/313
f 295/1055/295 313/1073/313 357/1068/357
f 374/913/374 314/909/314 349/908/349
f 350/1060/350 351/1063/351 288/1061/288
f 289/1062/289 351/1063/351 352/1065/352
f 290/1064/290 352/1065/352 353/1066/353
f 353/398/353 354/390/354 291/372/291
f 354/390/354 355/391/355 293/373/293
f 355/391/355 356/392/356 294/374/294
f 315/384/315 356/392/356 377/399/377
f 316/1086/316 357/1087/357 378/1088/378
f 316/1086/316 379/1089/379 317/1090/317
f 380/1091/380 350/1092/350 317/1090/317
f 320/387/320 381/400/381 318/385/318
f 319/386/319 318/385/318 382/401/382
f 321/388/321 319/386/319 383/402/383
f 320/387/320 322/389/322 384/403/384
f 323/1093/323 321/1094/321 385/1095/385
f 386/76/386 324/73/324 323/72/323
f 324/73/324 387/77/387 325/74/325
f 358/394/358 315/384/315 377/399/377
f 296/378/296 358/394/358 359/395/359
f 360/396/360 297/379/297 359/395/359
f 384/403/384 322/389/322 360/396/360
f 325/74/325 388/78/388 361/75/361
f 327/160/327 326/159/326 389/164/389
f 330/162/330 390/165/390 326/159/326
f 328/161/328 327/160/327 391/166/391
f 328/161/328 392/167/392 329/168/329
f 329/678/329 393/689/393 331/679/331
f 333/163/333 394/169/394 330/162/330
f 395/690/395 332/680/332 331/679/331
f 332/680/332 396/691/396 362/685/362
f 333/267/333 361/268/361 397/269/397
f 335/682/335 334/681/334 398/692/398
f 336/683/336 399/693/399 334/681/334
f 400/694/400 336/683/336 362/685/362
f 335/682/335 398/692/398 363/686/363
f 363/686/363 364/688/364 300/676/300
f 338/1021/338 337/1019/337 401/1024/401
f 337/687/337 364/688/364 402/695/402
f 307/1018/307 338/1021/338 368/1023/368
f 301/1096/301 365/1097/365 309/1098/309
f 365/1046/365 302/1041/302 366/1047/366
f 403/1080/403 366/1081/366 339/1078/339
f 303/1022/303 368/1023/368 367/1025/367
f 304/1026/304 367/1025/367 369/1027/369
f 370/613/370 305/609/305 369/612/369
f 370/613/370 404/614/404 306/610/306
f 371/1077/371 403/1080/403 339/1078/339
f 404/1082/404 371/1077/371 306/1079/306
f 341/900/341 340/899/340 405/914/405
f 340/899/340 346/905/346 406/915/406
f 341/900/341 407/916/407 342/901/342
f 408/917/408 343/902/343 342/901/342
f 344/903/344 343/902/343 409/918/409
f 344/903/344 410/919/410 372/910/372
f 372/910/372 411/920/411 345/904/345
f 347/906/347 412/921/412 346/905/346
f 348/907/348 345/904/345 411/920/411
f 365/911/365 366/922/366 347/906/347
f 348/907/348 413/923/413 373/912/373
f 414/924/414 349/908/349 373/912/373
f 374/397/374 375/404/375 311/380/311
f 312/1069/312 375/1071/375 376/1072/376
f 376/1072/376 357/1068/357 313/1073/313
f 374/913/374 349/908/349 414/924/414
f 415/405/415 351/406/351 350/407/350
f 415/405/415 352/408/352 351/406/351
f 352/408/352 416/409/416 353/398/353
f 353/398/353 417/410/417 354/390/354
f 418/411/418 355/391/355 354/390/354
f 355/391/355 419/412/419 356/392/356
f 377/399/377 356/392/356 420/413/420
f 378/414/378 357/415/357 421/416/421
f 316/1086/316 378/1088/378 379/1089/379
f 380/1091/380 317/1090/317 379/1089/379
f 380/417/380 415/405/415 350/407/350
f 320/387/320 384/403/384 381/400/381
f 381/400/381 382/401/382 318/385/318
f 319/386/319 382/401/382 383/402/383
f 385/418/385 321/388/321 383/402/383
f 386/419/386 323/393/323 385/418/385
f 386/76/386 387/77/387 324/73/324
f 387/77/387 388/78/388 325/74/325
f 358/394/358 377/399/377 422/420/422
f 358/394/358 423/421/423 359/395/359
f 360/396/360 359/395/359 424/422/424
f 425/423/425 384/403/384 360/396/360
f 361/75/361 388/78/388 426/79/426
f 326/159/326 390/165/390 389/164/389
f 327/160/327 389/164/389 391/166/391
f 330/162/330 394/169/394 390/165/390
f 328/161/328 391/166/391 392/167/392
f 329/678/329 392/696/392 393/689/393
f 395/690/395 331/679/331 393/689/393
f 333/163/333 397/170/397 394/169/394
f 395/690/395 396/691/396 332/680/332
f 427/697/427 362/685/362 396/691/396
f 397/269/397 361/268/361 426/270/426
f 398/692/398 334/681/334 399/693/399
f 400/694/400 399/693/399 336/683/336
f 400/694/400 362/685/362 427/697/427
f 363/686/363 398/692/398 428/698/428
f 363/686/363 429/699/429 364/688/364
f 401/700/401 337/687/337 402/695/402
f 338/1021/338 401/1024/401 368/1023/368
f 402/695/402 364/688/364 430/701/430
f 403/925/403 431/926/431 366/922/366
f 367/1025/367 368/1023/368 432/1028/432
f 433/1029/433 369/1027/369 367/1025/367
f 370/613/370 369/612/369 434/615/434
f 370/613/370 435/616/435 404/614/404
f 371/1077/371 436/1083/436 403/1080/403
f 404/1082/404 437/1084/437 371/1077/371
f 340/899/340 406/915/406 405/914/405
f 341/900/341 405/914/405 407/916/407
f 406/915/406 346/905/346 412/921/412
f 407/916/407 408/917/408 342/901/342
f 408/917/408 409/918/409 343/902/343
f 344/903/344 409/918/409 410/919/410
f 372/910/372 410/919/410 438/927/438
f 372/910/372 438/927/438 411/920/411
f 347/906/347 366/922/366 412/921/412
f 348/907/348 411/920/411 413/923/413
f 439/928/439 373/912/373 413/923/413
f 414/924/414 373/912/373 439/928/439
f 374/397/374 440/424/440 375/404/375
f 441/425/441 376/426/376 375/404/375
f 376/426/376 421/416/421 357/415/357
f 442/929/442 374/913/374 414/924/414
f 415/405/415 443/427/443 352/408/352
f 352/408/352 443/427/443 416/409/416
f 353/398/353 416/409/416 417/410/417
f 418/411/418 354/390/354 417/410/417
f 418/411/418 419/412/419 355/391/355
f 419/412/419 420/413/420 356/392/356
f 377/399/377 420/413/420 444/428/444
f 378/1099/378 421/1100/421 445/1101/445
f 378/1099/378 446/1102/446 379/1103/379
f 380/1104/380 379/1103/379 447/1105/447
f 380/417/380 448/429/448 415/405/415
f 449/430/449 381/400/381 384/403/384
f 450/431/450 382/401/382 381/400/381
f 451/432/451 383/402/383 382/401/382
f 452/433/452 385/418/385 383/402/383
f 386/419/386 385/418/385 453/434/453
f 386/76/386 454/80/454 387/77/387
f 387/77/387 455/81/455 388/78/388
f 377/399/377 444/428/444 422/420/422
f 358/394/358 422/420/422 423/421/423
f 424/422/424 359/395/359 423/421/423
f 425/423/425 360/396/360 424/422/424
f 449/430/449 384/403/384 425/423/425
f 456/82/456 426/79/426 388/78/388
f 457/171/457 389/164/389 390/165/390
f 389/164/389 458/172/458 391/166/391
f 459/173/459 390/165/390 394/169/394
f 392/167/392 391/166/391 460/174/460
f 392/696/392 461/702/461 393/689/393
f 395/690/395 393/689/393 462/703/462
f 459/173/459 394/169/394 397/170/397
f 395/690/395 463/704/463 396/691/396
f 464/705/464 427/697/427 396/691/396
f 465/271/465 397/269/397 426/270/426
f 398/692/398 399/693/399 466/706/466
f 400/694/400 467/707/467 399/693/399
f 400/694/400 427/697/427 467/707/467
f 398/692/398 466/706/466 428/698/428
f 363/686/363 428/698/428 468/708/468
f 363/686/363 468/708/468 429/699/429
f 364/688/364 429/699/429 430/701/430
f 401/700/401 402/695/402 469/709/469
f 368/1023/368 401/1024/401 432/1028/432
f 402/695/402 430/701/430 470/710/470
f 403/925/403 471/930/471 431/926/431
f 431/926/431 412/921/412 366/922/366
f 433/1029/433 367/1025/367 432/1028/432
f 433/617/433 434/615/434 369/612/369
f 370/1146/370 434/1147/434 435/1148/435
f 404/1082/404 435/1085/435 437/1084/437
f 371/1077/371 437/1084/437 436/1083/436
f 436/931/436 471/930/471 403/925/403
f 472/932/472 405/914/405 406/915/406
f 407/916/407 405/914/405 473/933/473
f 406/915/406 412/921/412 474/934/474
f 407/916/407 475/935/475 408/917/408
f 408/917/408 476/936/476 409/918/409
f 477/937/477 410/919/410 409/918/409
f 478/938/478 438/927/438 410/919/410
f 438/927/438 479/939/479 411/920/411
f 413/923/413 411/920/411 479/939/479
f 480/940/480 439/928/439 413/923/413
f 481/941/481 414/924/414 439/928/439
f 442/435/442 440/424/440 374/397/374
f 441/425/441 375/404/375 440/424/440
f 441/425/441 421/416/421 376/426/376
f 442/929/442 414/924/414 481/941/481
f 415/405/415 448/429/448 443/427/443
f 443/1106/443 482/1107/482 416/1108/416
f 416/1108/416 483/1109/483 417/1110/417
f 418/1111/418 417/1110/417 484/1112/484
f 418/1111/418 485/1113/485 419/1114/419
f 419/1114/419 486/1115/486 420/1116/420
f 487/1117/487 444/1118/444 420/1116/420
f 445/436/445 421/416/421 488/437/488
f 378/1099/378 445/1101/445 446/1102/446
f 379/1103/379 446/1102/446 447/1105/447
f 380/417/380 447/438/447 448/429/448
f 450/431/450 381/400/381 449/430/449
f 450/431/450 451/432/451 382/401/382
f 452/433/452 383/402/383 451/432/451
f 452/433/452 453/434/453 385/418/385
f 386/76/386 453/83/453 454/80/454
f 454/80/454 455/81/455 387/77/387
f 456/82/456 388/78/388 455/81/455
f 422/420/422 444/428/444 489/439/489
f 422/420/422 490/440/490 423/421/423
f 491/441/491 424/422/424 423/421/423
f 425/423/425 424/422/424 492/442/492
f 449/430/449 425/423/425 493/443/493
f 456/82/456 494/84/494 426/79/426
f 457/171/457 458/172/458 389/164/389
f 459/173/459 457/171/457 390/165/390
f 391/166/391 458/172/458 460/174/460
f 392/696/392 460/711/460 461/702/461
f 462/703/462 393/689/393 461/702/461
f 395/690/395 462/703/462 463/704/463
f 459/173/459 397/170/397 495/175/495
f 464/705/464 396/691/396 463/704/463
f 464/705/464 496/712/496 427/697/427
f 465/176/465 495/175/495 397/170/397
f 465/271/465 426/270/426 494/272/494
f 399/693/399 467/707/467 466/706/466
f 427/697/427 496/712/496 467/707/467
f 497/713/497 428/698/428 466/706/466
f 468/708/468 428/698/428 498/714/498
f 499/715/499 429/699/429 468/708/468
f 430/701/430 429/699/429 500/716/500
f 402/695/402 470/710/470 469/709/469
f 401/700/401 469/709/469 432/717/432
f 501/718/501 470/710/470 430/701/430
f 431/926/431 471/930/471 502/942/502
f 431/926/431 474/934/474 412/921/412
f 433/719/433 432/717/432 503/720/503
f 433/617/433 504/618/504 434/615/434
f 505/1149/505 435/1150/435 434/1151/434
f 437/1152/437 435/1150/435 506/1153/506
f 507/1154/507 436/1155/436 437/1152/437
f 436/931/436 508/943/508 471/930/471
f 472/932/472 473/933/473 405/914/405
f 472/932/472 406/915/406 474/934/474
f 407/916/407 473/933/473 475/935/475
f 408/917/408 475/935/475 476/936/476
f 476/936/476 477/937/477 409/918/409
f 478/938/478 410/919/410 477/937/477
f 478/938/478 509/944/509 438/927/438
f 509/944/509 479/939/479 438/927/438
f 480/940/480 413/923/413 479/939/479
f 510/945/510 439/928/439 480/940/480
f 481/941/481 439/928/439 510/945/510
f 481/444/481 440/424/440 442/435/442
f 441/425/441 440/424/440 511/445/511
f 441/425/441 488/437/488 421/416/421
f 443/1106/443 448/1119/448 512/1120/512
f 443/1106/443 512/1120/512 482/1107/482
f 416/1108/416 482/1107/482 483/1109/483
f 484/1112/484 417/1110/417 483/1109/483
f 418/1111/418 484/1112/484 485/1113/485
f 419/1114/419 485/1113/485 513/1121/513
f 419/1114/419 513/1121/513 486/1115/486
f 487/1117/487 420/1116/420 486/1115/486
f 487/1117/487 514/1122/514 444/1118/444
f 515/1123/515 445/1101/445 488/1124/488
f 446/1102/446 445/1101/445 516/1125/516
f 446/1102/446 517/1126/517 447/1105/447
f 448/1119/448 447/1105/447 518/1127/518
f 450/431/450 449/430/449 519/446/519
f 450/431/450 520/447/520 451/432/451
f 452/433/452 451/432/451 521/448/521
f 452/433/452 522/449/522 453/434/453
f 454/80/454 453/83/453 523/85/523
f 454/80/454 524/86/524 455/81/455
f 456/82/456 455/81/455 525/87/525
f 489/439/489 444/428/444 514/450/514
f 422/420/422 489/439/489 490/440/490
f 491/441/491 423/421/423 490/440/490
f 492/442/492 424/422/424 491/441/491
f 425/423/425 492/442/492 493/443/493
f 449/430/449 493/443/493 519/446/519
f 456/82/456 526/88/526 494/84/494
f 457/171/457 527/177/527 458/172/458
f 459/173/459 528/178/528 457/171/457
f 529/179/529 460/174/460 458/172/458
f 460/711/460 530/721/530 461/702/461
f 531/722/531 462/703/462 461/702/461
f 463/704/463 462/703/462 532/723/532
f 459/173/459 495/175/495 528/178/528
f 464/705/464 463/704/463 533/724/533
f 464/705/464 534/725/534 496/712/496
f 465/176/465 535/180/535 495/175/495
f 465/271/465 494/272/494 536/273/536
f 467/707/467 537/726/537 466/706/466
f 538/727/538 467/707/467 496/712/496
f 497/713/497 498/714/498 428/698/428
f 497/713/497 466/706/466 537/726/537
f 468/708/468 498/714/498 539/728/539
f 499/715/499 500/716/500 429/699/429
f 499/715/499 468/708/468 539/728/539
f 501/718/501 430/701/430 500/716/500
f 540/729/540 469/709/469 470/710/470
f 503/720/503 432/717/432 469/709/469
f 501/718/501 541/730/541 470/710/470
f 542/946/542 502/942/502 471/930/471
f 431/926/431 502/942/502 474/934/474
f 433/719/433 503/720/503 543/731/543
f 433/617/433 543/619/543 504/618/504
f 505/1149/505 434/1151/434 504/1696/504
f 505/1149/505 506/1153/506 435/1150/435
f 507/1154/507 437/1152/437 506/1153/506
f 507/947/507 508/943/508 436/931/436
f 542/946/542 471/930/471 508/943/508
f 544/948/544 473/933/473 472/932/472
f 472/932/472 474/934/474 545/949/545
f 475/935/475 473/933/473 546/950/546
f 476/936/476 475/935/475 547/951/547
f 476/936/476 548/952/548 477/937/477
f 478/938/478 477/937/477 549/953/549
f 478/938/478 550/954/550 509/944/509
f 551/955/551 479/939/479 509/944/509
f 480/940/480 479/939/479 551/955/551
f 510/945/510 480/940/480 552/956/552
f 481/941/481 510/945/510 553/957/553
f 481/444/481 511/445/511 440/424/440
f 441/425/441 511/445/511 488/437/488
f 448/1119/448 518/1127/518 512/1120/512
f 482/1169/482 512/1170/512 554/1171/554
f 482/1169/482 555/1172/555 483/1173/483
f 484/1174/484 483/1173/483 556/1175/556
f 484/1174/484 557/1176/557 485/1177/485
f 485/1177/485 558/1178/558 513/1179/513
f 486/1115/486 513/1121/513 559/1128/559
f 487/1117/487 486/1115/486 559/1128/559
f 487/1117/487 560/1129/560 514/1122/514
f 515/1123/515 516/1125/516 445/1101/445
f 515/1123/515 488/1124/488 561/1130/561
f 446/1102/446 516/1125/516 517/1126/517
f 447/1105/447 517/1126/517 518/1127/518
f 450/431/450 519/446/519 520/447/520
f 451/432/451 520/447/520 521/448/521
f 452/433/452 521/448/521 522/449/522
f 523/451/523 453/434/453 522/449/522
f 454/452/454 523/451/523 524/453/524
f 455/81/455 524/86/524 525/87/525
f 456/82/456 525/87/525 526/88/526
f 489/439/489 514/450/514 562/454/562
f 490/440/490 489/439/489 563/455/563
f 491/441/491 490/440/490 564/456/564
f 492/442/492 491/441/491 565/457/565
f 492/442/492 566/458/566 493/443/493
f 519/446/519 493/443/493 567/459/567
f 526/88/526 568/89/568 494/84/494
f 528/178/528 527/177/527 457/171/457
f 527/177/527 529/179/529 458/172/458
f 529/732/529 530/721/530 460/711/460
f 531/722/531 461/702/461 530/721/530
f 531/722/531 532/723/532 462/703/462
f 463/704/463 532/723/532 533/724/533
f 495/175/495 569/181/569 528/178/528
f 464/705/464 533/724/533 534/725/534
f 570/733/570 496/712/496 534/725/534
f 465/176/465 536/182/536 535/180/535
f 495/175/495 535/180/535 569/181/569
f 536/273/536 494/272/494 568/274/568
f 538/727/538 537/726/537 467/707/467
f 570/733/570 538/727/538 496/712/496
f 497/1207/497 571/1208/571 498/1209/498
f 497/713/497 537/726/537 572/734/572
f 539/1210/539 498/1209/498 573/1211/573
f 574/1214/574 500/1215/500 499/1216/499
f 499/715/499 539/728/539 575/735/575
f 576/1217/576 501/1218/501 500/1215/500
f 503/720/503 469/709/469 540/729/540
f 540/729/540 470/710/470 541/730/541
f 577/1219/577 541/1220/541 501/1218/501
f 542/946/542 578/958/578 502/942/502
f 545/949/545 474/934/474 502/942/502
f 503/720/503 579/736/579 543/731/543
f 580/1157/580 504/1156/504 543/1158/543
f 505/1266/505 504/1267/504 581/1268/581
f 505/1269/505 581/1270/581 506/1271/506
f 507/1154/507 506/1153/506 582/1159/582
f 507/947/507 583/959/583 508/943/508
f 542/946/542 508/943/508 584/960/584
f 544/948/544 546/950/546 473/933/473
f 544/948/544 472/932/472 545/949/545
f 475/935/475 546/950/546 547/951/547
f 476/936/476 547/951/547 548/952/548
f 477/937/477 548/952/548 549/953/549
f 478/938/478 549/953/549 550/954/550
f 585/961/585 509/944/509 550/954/550
f 585/961/585 551/955/551 509/944/509
f 480/940/480 551/955/551 552/956/552
f 510/945/510 552/956/552 586/962/586
f 553/957/553 510/945/510 586/962/586
f 481/444/481 553/460/553 511/445/511
f 511/1131/511 561/1130/561 488/1124/488
f 587/1180/587 512/1170/512 518/1181/518
f 587/1180/587 554/1171/554 512/1170/512
f 482/1169/482 554/1171/554 555/1172/555
f 556/1175/556 483/1173/483 555/1172/555
f 484/1174/484 556/1175/556 557/1176/557
f 557/1176/557 558/1178/558 485/1177/485
f 513/1179/513 558/1178/558 588/1182/588
f 513/1179/513 588/1182/588 559/1183/559
f 487/1117/487 559/1128/559 560/1129/560
f 514/1122/514 560/1129/560 589/1132/589
f 515/1123/515 590/1133/590 516/1125/516
f 515/1123/515 561/1130/561 591/1134/591
f 516/1125/516 592/1135/592 517/1126/517
f 593/1184/593 518/1181/518 517/1185/517
f 519/446/519 594/461/594 520/447/520
f 595/462/595 521/448/521 520/447/520
f 522/449/522 521/448/521 596/463/596
f 523/451/523 522/449/522 597/464/597
f 523/451/523 598/465/598 524/453/524
f 525/87/525 524/86/524 599/90/599
f 525/87/525 600/91/600 526/88/526
f 514/1122/514 589/1132/589 562/1136/562
f 489/439/489 562/454/562 563/455/563
f 490/440/490 563/455/563 564/456/564
f 491/441/491 564/456/564 565/457/565
f 492/442/492 565/457/565 566/458/566
f 567/459/567 493/443/493 566/458/566
f 519/446/519 567/459/567 594/461/594
f 526/88/526 600/91/600 568/89/568
f 528/178/528 601/183/601 527/177/527
f 602/184/602 529/179/529 527/177/527
f 603/737/603 530/721/530 529/732/529
f 604/738/604 531/722/531 530/721/530
f 605/739/605 532/723/532 531/722/531
f 533/724/533 532/723/532 606/740/606
f 528/178/528 569/181/569 601/183/601
f 534/725/534 533/724/533 607/741/607
f 570/733/570 534/725/534 608/742/608
f 536/182/536 609/185/609 535/180/535
f 569/181/569 535/180/535 610/186/610
f 609/275/609 536/273/536 568/274/568
f 538/727/538 611/743/611 537/726/537
f 570/733/570 612/744/612 538/727/538
f 497/713/497 572/734/572 571/745/571
f 573/1211/573 498/1209/498 571/1208/571
f 572/734/572 537/726/537 611/743/611
f 539/1210/539 573/1211/573 613/1212/613
f 576/1217/576 500/1215/500 574/1214/574
f 574/1272/574 499/1273/499 575/1274/575
f 575/1213/575 539/1210/539 613/1212/613
f 577/1219/577 501/1218/501 576/1217/576
f 503/720/503 540/729/540 579/736/579
f 614/746/614 540/729/540 541/730/541
f 577/1219/577 615/1221/615 541/1220/541
f 542/946/542 616/963/616 578/958/578
f 545/949/545 502/942/502 578/958/578
f 579/736/579 617/747/617 543/731/543
f 580/1157/580 581/1160/581 504/1156/504
f 580/1285/580 543/1286/543 617/1287/617
f 582/1159/582 506/1153/506 581/1160/581
f 507/1154/507 582/1159/582 583/1161/583
f 583/959/583 584/960/584 508/943/508
f 542/946/542 584/960/584 616/963/616
f 544/948/544 618/964/618 546/950/546
f 544/948/544 545/949/545 619/965/619
f 620/966/620 547/951/547 546/950/546
f 548/952/548 547/951/547 621/967/621
f 548/952/548 622/968/622 549/953/549
f 550/954/550 549/953/549 622/968/622
f 623/969/623 585/961/585 550/954/550
f 585/961/585 624/970/624 551/955/551
f 624/970/624 552/956/552 551/955/551
f 552/956/552 625/971/625 586/962/586
f 553/957/553 586/962/586 626/972/626
f 511/445/511 553/460/553 627/466/627
f 511/445/511 627/466/627 561/467/561
f 587/1180/587 518/1181/518 593/1184/593
f 587/1288/587 628/1289/628 554/1290/554
f 554/1290/554 629/1291/629 555/1292/555
f 630/1293/630 556/1294/556 555/1292/555
f 557/1295/557 556/1294/556 631/1296/631
f 557/1295/557 632/1297/632 558/1298/558
f 588/1299/588 558/1298/558 633/1300/633
f 634/1186/634 559/1183/559 588/1182/588
f 634/1186/634 560/1187/560 559/1183/559
f 560/1187/560 635/1188/635 589/1189/589
f 515/1123/515 591/1134/591 590/1133/590
f 516/1125/516 590/1133/590 592/1135/592
f 636/1137/636 591/1134/591 561/1130/561
f 517/1185/517 592/1190/592 637/1191/637
f 593/1184/593 517/1185/517 637/1191/637
f 595/462/595 520/447/520 594/461/594
f 595/462/595 596/463/596 521/448/521
f 522/449/522 596/463/596 597/464/597
f 523/451/523 597/464/597 598/465/598
f 599/90/599 524/86/524 598/92/598
f 525/87/525 599/90/599 600/91/600
f 562/1136/562 589/1132/589 638/1138/638
f 639/1139/639 563/1140/563 562/1136/562
f 640/1443/640 564/1444/564 563/1445/563
f 565/1446/565 564/1444/564 641/1447/641
f 642/468/642 566/458/566 565/457/565
f 567/459/567 566/458/566 643/469/643
f 594/461/594 567/459/567 643/469/643
f 600/91/600 644/93/644 568/89/568
f 602/184/602 527/177/527 601/183/601
f 602/748/602 603/737/603 529/732/529
f 604/738/604 530/721/530 603/737/603
f 604/738/604 605/739/605 531/722/531
f 605/739/605 606/740/606 532/723/532
f 533/724/533 606/740/606 607/741/607
f 569/181/569 645/187/645 601/183/601
f 608/742/608 534/725/534 607/741/607
f 570/733/570 608/742/608 646/749/646
f 609/1452/609 647/1453/647 535/1454/535
f 647/188/647 610/186/610 535/180/535
f 569/181/569 610/186/610 645/187/645
f 568/274/568 648/276/648 609/275/609
f 538/727/538 612/744/612 611/743/611
f 570/733/570 646/749/646 612/744/612
f 572/734/572 649/750/649 571/745/571
f 573/751/573 571/745/571 650/752/650
f 572/734/572 611/743/611 651/753/651
f 573/751/573 652/754/652 613/755/613
f 653/1222/653 576/1217/576 574/1214/574
f 654/1275/654 574/1272/574 575/1274/575
f 655/1276/655 575/1274/575 613/1277/613
f 656/1223/656 577/1219/577 576/1217/576
f 614/1697/614 579/1225/579 540/1226/540
f 614/1224/614 541/1220/541 615/1221/615
f 657/1227/657 615/1221/615 577/1219/577
f 658/973/658 578/958/578 616/963/616
f 619/965/619 545/949/545 578/958/578
f 659/1228/659 617/1229/617 579/1225/579
f 580/1157/580 660/1162/660 581/1160/581
f 580/1157/580 617/1163/617 661/1164/661
f 582/1159/582 581/1160/581 660/1162/660
f 582/1159/582 662/1165/662 583/1161/583
f 583/959/583 662/974/662 584/960/584
f 663/975/663 616/963/616 584/960/584
f 544/948/544 619/965/619 618/964/618
f 618/964/618 620/966/620 546/950/546
f 620/966/620 621/967/621 547/951/547
f 548/952/548 621/967/621 622/968/622
f 550/954/550 622/968/622 664/976/664
f 623/969/623 665/977/665 585/961/585
f 623/969/623 550/954/550 664/976/664
f 665/977/665 624/970/624 585/961/585
f 624/970/624 625/971/625 552/956/552
f 625/971/625 626/972/626 586/962/586
f 553/1141/553 626/1142/626 627/1143/627
f 636/1137/636 561/1130/561 627/1143/627
f 587/1180/587 593/1184/593 666/1192/666
f 587/1180/587 666/1192/666 628/1193/628
f 554/1290/554 628/1289/628 629/1291/629
f 630/1293/630 555/1292/555 629/1291/629
f 630/1293/630 631/1296/631 556/1294/556
f 557/1295/557 631/1296/631 632/1297/632
f 633/1300/633 558/1298/558 632/1297/632
f 667/1301/667 588/1299/588 633/1300/633
f 667/1301/667 634/1302/634 588/1299/588
f 634/1186/634 635/1188/635 560/1187/560
f 589/1189/589 635/1188/635 668/1194/668
f 591/1195/591 669/1196/669 590/1197/590
f 670/1198/670 592/1190/592 590/1197/590
f 636/1199/636 671/1200/671 591/1195/591
f 670/1198/670 637/1191/637 592/1190/592
f 593/1184/593 637/1191/637 672/1201/672
f 595/1456/595 594/1457/594 673/1458/673
f 595/1456/595 674/1459/674 596/1460/596
f 597/1461/597 596/1460/596 675/1462/675
f 676/1463/676 598/1464/598 597/1461/597
f 599/1465/599 598/1464/598 677/1466/677
f 644/93/644 600/91/600 599/90/599
f 589/1189/589 668/1194/668 638/1202/638
f 639/1139/639 562/1136/562 638/1138/638
f 640/1443/640 563/1445/563 639/1448/639
f 640/1443/640 641/1447/641 564/1444/564
f 642/468/642 565/457/565 641/470/641
f 643/469/643 566/458/566 642/468/642
f 594/1457/594 643/1467/643 673/1458/673
f 644/1468/644 678/1469/678 568/1470/568
f 602/184/602 601/183/601 679/189/679
f 602/748/602 680/756/680 603/737/603
f 604/738/604 603/737/603 681/757/681
f 604/738/604 682/758/682 605/739/605
f 683/759/683 606/740/606 605/739/605
f 684/760/684 607/741/607 606/740/606
f 679/189/679 601/183/601 645/187/645
f 608/742/608 607/741/607 685/761/685
f 608/742/608 686/762/686 646/749/646
f 687/1455/687 647/1453/647 609/1452/609
f 647/188/647 688/190/688 610/186/610
f 689/191/689 645/187/645 610/186/610
f 648/276/648 568/274/568 678/277/678
f 648/276/648 687/278/687 609/275/609
f 611/743/611 612/744/612 690/763/690
f 691/764/691 612/744/612 646/749/646
f 572/734/572 651/753/651 649/750/649
f 571/745/571 649/750/649 650/752/650
f 573/751/573 650/752/650 652/754/652
f 651/753/651 611/743/611 690/763/690
f 655/1303/655 613/1304/613 652/1305/652
f 653/1222/653 656/1223/656 576/1217/576
f 653/1222/653 574/1214/574 692/1230/692
f 654/1275/654 692/1278/692 574/1272/574
f 654/1275/654 575/1274/575 655/1276/655
f 657/1227/657 577/1219/577 656/1223/656
f 614/1697/614 659/1228/659 579/1225/579
f 614/1224/614 615/1221/615 693/1231/693
f 694/1232/694 615/1221/615 657/1227/657
f 619/965/619 578/958/578 658/973/658
f 658/973/658 616/963/616 695/978/695
f 659/1228/659 696/1233/696 617/1229/617
f 580/1157/580 661/1164/661 660/1162/660
f 617/1229/617 696/1233/696 661/1234/661
f 582/1159/582 660/1162/660 662/1165/662
f 662/974/662 663/975/663 584/960/584
f 695/978/695 616/963/616 663/975/663
f 619/965/619 697/979/697 618/964/618
f 698/980/698 620/966/620 618/964/618
f 699/981/699 621/967/621 620/966/620
f 700/982/700 622/968/622 621/967/621
f 664/976/664 622/968/622 700/982/700
f 623/969/623 701/983/701 665/977/665
f 702/984/702 623/969/623 664/976/664
f 703/985/703 624/970/624 665/977/665
f 703/985/703 625/971/625 624/970/624
f 704/986/704 626/972/626 625/971/625
f 636/1137/636 627/1143/627 626/1142/626
f 593/1184/593 672/1201/672 666/1192/666
f 705/1306/705 628/1289/628 666/1307/666
f 706/1308/706 629/1291/629 628/1289/628
f 630/1293/630 629/1291/629 707/1309/707
f 630/1293/630 708/1310/708 631/1296/631
f 709/1311/709 632/1297/632 631/1296/631
f 710/1312/710 633/1300/633 632/1297/632
f 667/1301/667 633/1300/633 711/1313/711
f 667/1301/667 712/1314/712 634/1302/634
f 634/1302/634 712/1314/712 635/1315/635
f 713/1316/713 668/1317/668 635/1315/635
f 591/1195/591 671/1200/671 669/1196/669
f 670/1198/670 590/1197/590 669/1196/669
f 636/1199/636 714/1203/714 671/1200/671
f 670/1318/670 672/1319/672 637/1320/637
f 595/1456/595 673/1458/673 674/1459/674
f 675/1462/675 596/1460/596 674/1459/674
f 676/1463/676 597/1461/597 675/1462/675
f 676/1463/676 677/1466/677 598/1464/598
f 644/1477/644 599/1478/599 677/1479/677
f 715/1204/715 638/1202/638 668/1194/668
f 639/1139/639 638/1138/638 716/1144/716
f 640/1443/640 639/1448/639 716/1449/716
f 640/1443/640 717/1450/717 641/1447/641
f 642/468/642 641/470/641 718/471/718
f 643/469/643 642/468/642 719/472/719
f 673/473/673 643/469/643 720/474/720
f 644/1468/644 677/1466/677 678/1469/678
f 602/748/602 679/765/679 680/756/680
f 603/737/603 680/756/680 681/757/681
f 604/738/604 681/757/681 682/758/682
f 683/759/683 605/739/605 682/758/682
f 683/759/683 684/760/684 606/740/606
f 684/760/684 685/761/685 607/741/607
f 679/189/679 645/187/645 721/192/721
f 608/742/608 685/761/685 686/762/686
f 646/749/646 686/762/686 722/766/722
f 687/193/687 723/194/723 647/188/647
f 647/188/647 723/194/723 688/190/688
f 688/190/688 689/191/689 610/186/610
f 689/191/689 721/192/721 645/187/645
f 648/276/648 678/277/678 724/279/724
f 648/1471/648 724/1472/724 687/1473/687
f 691/764/691 690/763/690 612/744/612
f 691/764/691 646/749/646 722/766/722
f 651/753/651 725/767/725 649/750/649
f 650/752/650 649/750/649 726/768/726
f 727/1321/727 652/1305/652 650/1322/650
f 651/753/651 690/763/690 728/769/728
f 655/1303/655 652/1305/652 729/1323/729
f 730/1235/730 656/1223/656 653/1222/653
f 731/1236/731 653/1222/653 692/1230/692
f 654/1275/654 732/1279/732 692/1278/692
f 654/1275/654 655/1276/655 733/1280/733
f 734/1237/734 657/1227/657 656/1223/656
f 614/1480/614 693/1481/693 659/1482/659
f 694/1232/694 693/1231/693 615/1221/615
f 694/1232/694 657/1227/657 735/1238/735
f 619/965/619 658/973/658 697/979/697
f 658/973/658 695/978/695 736/987/736
f 659/1228/659 737/1239/737 696/1233/696
f 660/1162/660 661/1164/661 738/1166/738
f 696/1233/696 739/1240/739 661/1234/661
f 662/1165/662 660/1162/660 738/1166/738
f 662/974/662 738/988/738 663/975/663
f 740/989/740 695/978/695 663/975/663
f 698/980/698 618/964/618 697/979/697
f 698/980/698 699/981/699 620/966/620
f 699/981/699 700/982/700 621/967/621
f 664/976/664 700/982/700 741/990/741
f 702/984/702 701/983/701 623/969/623
f 742/991/742 665/977/665 701/983/701
f 702/984/702 664/976/664 741/990/741
f 742/991/742 703/985/703 665/977/665
f 743/992/743 625/971/625 703/985/703
f 636/1137/636 626/1142/626 704/1145/704
f 743/992/743 704/986/704 625/971/625
f 744/1324/744 666/1307/666 672/1319/672
f 705/1306/705 706/1308/706 628/1289/628
f 744/1324/744 705/1306/705 666/1307/666
f 706/1308/706 707/1309/707 629/1291/629
f 630/1293/630 707/1309/707 708/1310/708
f 708/1310/708 709/1311/709 631/1296/631
f 710/1312/710 632/1297/632 709/1311/709
f 710/1312/710 711/1313/711 633/1300/633
f 667/1301/667 711/1313/711 745/1325/745
f 667/1301/667 745/1325/745 712/1314/712
f 712/1314/712 713/1316/713 635/1315/635
f 746/1326/746 668/1317/668 713/1316/713
f 669/1327/669 671/1328/671 747/1329/747
f 670/1318/670 669/1327/669 748/1330/748
f 636/1199/636 704/1205/704 714/1203/714
f 714/1331/714 749/1332/749 671/1328/671
f 670/1318/670 748/1330/748 672/1319/672
f 673/473/673 750/475/750 674/476/674
f 675/1462/675 674/1459/674 751/1474/751
f 676/1463/676 675/1462/675 752/1475/752
f 676/1463/676 724/1472/724 677/1466/677
f 715/1204/715 716/1206/716 638/1202/638
f 715/1333/715 668/1317/668 746/1326/746
f 640/1443/640 716/1449/716 753/1451/753
f 640/1443/640 753/1451/753 717/1450/717
f 717/477/717 718/471/718 641/470/641
f 642/468/642 718/471/718 719/472/719
f 643/469/643 719/472/719 720/474/720
f 673/473/673 720/474/720 750/475/750
f 677/1466/677 724/1472/724 678/1469/678
f 679/765/679 754/770/754 680/756/680
f 755/771/755 681/757/681 680/756/680
f 756/772/756 682/758/682 681/757/681
f 683/759/683 682/758/682 757/773/757
f 683/759/683 758/774/758 684/760/684
f 759/775/759 685/761/685 684/760/684
f 679/765/679 721/776/721 754/770/754
f 685/761/685 760/777/760 686/762/686
f 686/762/686 761/778/761 722/766/722
f 687/193/687 762/195/762 723/194/723
f 688/190/688 723/194/723 763/196/763
f 688/190/688 764/197/764 689/191/689
f 689/191/689 764/197/764 721/192/721
f 687/1473/687 724/1472/724 752/1475/752
f 691/764/691 765/779/765 690/763/690
f 691/764/691 722/766/722 766/780/766
f 651/753/651 728/769/728 725/767/725
f 725/767/725 726/768/726 649/750/649
f 727/781/727 650/752/650 726/768/726
f 729/1323/729 652/1305/652 727/1321/727
f 690/763/690 765/779/765 728/769/728
f 655/1303/655 729/1323/729 733/1334/733
f 734/1237/734 656/1223/656 730/1235/730
f 731/1236/731 730/1235/730 653/1222/653
f 731/1281/731 692/1278/692 767/1282/767
f 654/1275/654 733/1280/733 732/1279/732
f 692/1278/692 732/1279/732 767/1282/767
f 734/1237/734 735/1238/735 657/1227/657
f 659/1228/659 693/1231/693 737/1239/737
f 694/1232/694 768/1241/768 693/1231/693
f 694/1232/694 735/1238/735 769/1242/769
f 658/973/658 736/987/736 697/979/697
f 695/978/695 770/993/770 736/987/736
f 696/1233/696 737/1239/737 771/1243/771
f 739/1167/739 738/1166/738 661/1164/661
f 696/1233/696 771/1243/771 739/1240/739
f 738/988/738 740/989/740 663/975/663
f 740/989/740 770/993/770 695/978/695
f 698/980/698 697/979/697 772/994/772
f 698/980/698 773/995/773 699/981/699
f 774/996/774 700/982/700 699/981/699
f 774/996/774 741/990/741 700/982/700
f 775/1483/775 701/1484/701 702/1485/702
f 742/1519/742 701/1520/701 776/1521/776
f 777/1244/777 702/1245/702 741/1246/741
f 778/997/778 703/985/703 742/991/742
f 743/992/743 703/985/703 778/997/778
f 743/1335/743 714/1331/714 704/1336/704
f 744/1324/744 672/1319/672 748/1330/748
f 779/1337/779 706/1308/706 705/1306/705
f 744/1324/744 780/1338/780 705/1306/705
f 706/1308/706 781/1339/781 707/1309/707
f 708/1310/708 707/1309/707 782/1340/782
f 708/1310/708 783/1341/783 709/1311/709
f 710/1312/710 709/1311/709 784/1342/784
f 710/1312/710 785/1343/785 711/1313/711
f 786/1344/786 745/1325/745 711/1313/711
f 712/1314/712 745/1325/745 787/1345/787
f 712/1314/712 787/1345/787 713/1316/713
f 746/1326/746 713/1316/713 788/1346/788
f 747/1329/747 671/1328/671 749/1332/749
f 669/1327/669 747/1329/747 789/1347/789
f 669/1327/669 790/1348/790 748/1330/748
f 743/1335/743 749/1332/749 714/1331/714
f 750/1476/750 751/1474/751 674/1459/674
f 675/1462/675 751/1474/751 752/1475/752
f 676/1463/676 752/1475/752 724/1472/724
f 715/1528/715 791/1529/791 716/1530/716
f 715/1333/715 746/1326/746 792/1349/792
f 753/1555/753 716/1556/716 791/1557/791
f 717/1558/717 753/1559/753 793/1560/793
f 717/477/717 794/478/794 718/471/718
f 719/472/719 718/471/718 795/479/795
f 720/474/720 719/472/719 796/480/796
f 750/475/750 720/474/720 797/481/797
f 754/770/754 755/771/755 680/756/680
f 755/771/755 756/772/756 681/757/681
f 756/772/756 757/773/757 682/758/682
f 683/759/683 757/773/757 758/774/758
f 759/775/759 684/760/684 758/774/758
f 759/1561/759 760/1562/760 685/1563/685
f 754/770/754 721/776/721 798/782/798
f 760/777/760 761/778/761 686/762/686
f 799/783/799 722/766/722 761/778/761
f 687/193/687 752/198/752 762/195/762
f 762/195/762 800/199/800 723/194/723
f 763/196/763 723/194/723 800/199/800
f 688/190/688 763/196/763 764/197/764
f 764/784/764 798/782/798 721/776/721
f 691/764/691 766/780/766 765/779/765
f 799/783/799 766/780/766 722/766/722
f 801/785/801 725/767/725 728/769/728
f 725/1350/725 802/1351/802 726/1352/726
f 727/1321/727 726/1352/726 803/1353/803
f 729/1323/729 727/1321/727 804/1354/804
f 728/769/728 765/779/765 805/786/805
f 729/1323/729 806/1355/806 733/1334/733
f 734/1237/734 730/1235/730 807/1247/807
f 731/1236/731 808/1248/808 730/1235/730
f 731/1486/731 767/1487/767 809/1488/809
f 732/1279/732 733/1280/733 810/1283/810
f 811/1284/811 767/1282/767 732/1279/732
f 734/1237/734 812/1249/812 735/1238/735
f 768/1241/768 737/1239/737 693/1231/693
f 694/1232/694 769/1242/769 768/1241/768
f 769/1242/769 735/1238/735 813/1250/813
f 772/994/772 697/979/697 736/987/736
f 814/998/814 736/987/736 770/993/770
f 771/1243/771 737/1239/737 815/1251/815
f 739/1167/739 740/1168/740 738/1166/738
f 771/1243/771 740/1252/740 739/1240/739
f 771/1243/771 770/1253/770 740/1252/740
f 698/980/698 772/994/772 773/995/773
f 774/996/774 699/981/699 773/995/773
f 774/1254/774 816/1255/816 741/1246/741
f 775/1522/775 776/1521/776 701/1520/701
f 777/1489/777 775/1483/775 702/1485/702
f 817/1573/817 742/1574/742 776/1575/776
f 777/1244/777 741/1246/741 816/1255/816
f 778/997/778 742/991/742 817/999/817
f 743/1335/743 778/1356/778 749/1332/749
f 818/1357/818 744/1324/744 748/1330/748
f 779/1337/779 781/1339/781 706/1308/706
f 780/1338/780 779/1337/779 705/1306/705
f 818/1357/818 780/1338/780 744/1324/744
f 781/1339/781 782/1340/782 707/1309/707
f 708/1310/708 782/1340/782 783/1341/783
f 783/1341/783 784/1342/784 709/1311/709
f 710/1312/710 784/1342/784 785/1343/785
f 786/1344/786 711/1313/711 785/1343/785
f 786/1344/786 819/1358/819 745/1325/745
f 819/1358/819 787/1345/787 745/1325/745
f 713/1316/713 787/1345/787 788/1346/788
f 746/1326/746 788/1346/788 820/1359/820
f 747/1329/747 749/1332/749 821/1360/821
f 747/1329/747 822/1361/822 789/1347/789
f 669/1327/669 789/1347/789 790/1348/790
f 818/1357/818 748/1330/748 790/1348/790
f 750/475/750 823/482/823 751/483/751
f 752/1576/752 751/1577/751 824/1578/824
f 715/1528/715 792/1531/792 791/1529/791
f 746/1326/746 820/1359/820 792/1349/792
f 753/1532/753 791/1529/791 825/1533/825
f 753/1579/753 825/1580/825 793/1581/793
f 717/1582/717 793/1581/793 794/1583/794
f 794/478/794 795/479/795 718/471/718
f 719/472/719 795/479/795 796/480/796
f 720/474/720 796/480/796 797/481/797
f 750/475/750 797/481/797 823/482/823
f 754/770/754 826/787/826 755/771/755
f 755/771/755 826/787/826 756/772/756
f 756/772/756 827/788/827 757/773/757
f 828/789/828 758/774/758 757/773/757
f 829/790/829 759/775/759 758/774/758
f 830/1564/830 760/1562/760 759/1561/759
f 754/770/754 798/782/798 831/791/831
f 760/777/760 832/792/832 761/778/761
f 833/793/833 799/783/799 761/778/761
f 762/195/762 752/198/752 824/200/824
f 762/195/762 834/201/834 800/199/800
f 763/196/763 800/199/800 835/202/835
f 836/203/836 764/197/764 763/196/763
f 837/204/837 798/205/798 764/197/764
f 765/779/765 766/780/766 838/794/838
f 799/1362/799 839/1363/839 766/1364/766
f 801/1365/801 802/1351/802 725/1350/725
f 801/785/801 728/769/728 805/786/805
f 803/1353/803 726/1352/726 802/1351/802
f 727/1321/727 803/1353/803 804/1354/804
f 729/1323/729 804/1354/804 806/1355/806
f 765/779/765 838/794/838 805/786/805
f 806/1355/806 810/1366/810 733/1334/733
f 808/1248/808 807/1247/807 730/1235/730
f 734/1636/734 807/1637/807 840/1638/840
f 731/1641/731 841/1642/841 808/1643/808
f 809/1488/809 767/1487/767 842/1490/842
f 731/1641/731 809/1644/809 841/1642/841
f 811/1284/811 732/1279/732 810/1283/810
f 811/1491/811 842/1490/842 767/1487/767
f 734/1636/734 840/1638/840 812/1639/812
f 813/1250/813 735/1238/735 812/1249/812
f 768/1241/768 815/1251/815 737/1239/737
f 843/1256/843 768/1241/768 769/1242/769
f 844/1257/844 769/1242/769 813/1250/813
f 814/998/814 772/994/772 736/987/736
f 814/1258/814 770/1253/770 815/1251/815
f 771/1243/771 815/1251/815 770/1253/770
f 845/1000/845 773/995/773 772/994/772
f 774/1254/774 773/1259/773 846/1260/846
f 774/1254/774 846/1260/846 816/1255/816
f 847/1523/847 776/1521/776 775/1522/775
f 777/1489/777 848/1492/848 775/1483/775
f 817/1367/817 776/1368/776 849/1369/849
f 777/1244/777 816/1255/816 850/1261/850
f 778/1356/778 817/1367/817 821/1360/821
f 778/1356/778 821/1360/821 749/1332/749
f 779/1337/779 851/1370/851 781/1339/781
f 780/1338/780 852/1371/852 779/1337/779
f 818/1357/818 853/1372/853 780/1338/780
f 781/1339/781 854/1373/854 782/1340/782
f 782/1340/782 855/1374/855 783/1341/783
f 783/1341/783 856/1375/856 784/1342/784
f 857/1376/857 785/1343/785 784/1342/784
f 786/1344/786 785/1343/785 858/1377/858
f 786/1344/786 859/1378/859 819/1358/819
f 819/1358/819 860/1379/860 787/1345/787
f 788/1346/788 787/1345/787 860/1379/860
f 820/1359/820 788/1346/788 861/1380/861
f 747/1329/747 821/1360/821 822/1361/822
f 789/1347/789 822/1361/822 862/1381/862
f 863/1382/863 790/1348/790 789/1347/789
f 818/1357/818 790/1348/790 863/1382/863
f 751/483/751 823/482/823 864/484/864
f 751/206/751 864/207/864 824/200/824
f 792/1531/792 865/1534/865 791/1529/791
f 820/1359/820 866/1383/866 792/1349/792
f 825/1533/825 791/1529/791 865/1534/865
f 825/1580/825 867/1584/867 793/1581/793
f 793/1581/793 868/1585/868 794/1583/794
f 869/485/869 795/479/795 794/478/794
f 796/480/796 795/479/795 870/486/870
f 871/487/871 797/481/797 796/480/796
f 872/488/872 823/482/823 797/481/797
f 754/770/754 831/791/831 826/787/826
f 756/772/756 826/787/826 827/788/827
f 828/789/828 757/773/757 827/788/827
f 828/789/828 829/790/829 758/774/758
f 830/1564/830 759/1561/759 829/1565/829
f 830/795/830 832/792/832 760/777/760
f 831/791/831 798/782/798 873/796/873
f 833/793/833 761/778/761 832/792/832
f 833/1384/833 874/1385/874 799/1362/799
f 762/195/762 824/200/824 834/201/834
f 834/201/834 875/208/875 800/199/800
f 875/208/875 835/202/835 800/199/800
f 836/203/836 763/196/763 835/202/835
f 836/203/836 837/204/837 764/197/764
f 837/797/837 873/796/873 798/782/798
f 838/794/838 766/780/766 839/798/839
f 799/1362/799 874/1385/874 839/1363/839
f 801/1365/801 876/1386/876 802/1351/802
f 801/1365/801 805/1387/805 877/1388/877
f 878/1389/878 803/1353/803 802/1351/802
f 804/1354/804 803/1353/803 879/1390/879
f 880/1391/880 806/1355/806 804/1354/804
f 838/1392/838 881/1393/881 805/1387/805
f 806/1355/806 882/1394/882 810/1366/810
f 808/1248/808 883/1262/883 807/1247/807
f 840/1645/840 807/1646/807 883/1647/883
f 841/1493/841 883/1494/883 808/1495/808
f 884/1496/884 809/1488/809 842/1490/842
f 885/1497/885 841/1493/841 809/1488/809
f 811/1491/811 810/1498/810 886/1499/886
f 811/1491/811 886/1499/886 842/1490/842
f 840/1638/840 887/1640/887 812/1639/812
f 813/1250/813 812/1249/812 888/1263/888
f 843/1256/843 815/1251/815 768/1241/768
f 844/1257/844 843/1256/843 769/1242/769
f 844/1257/844 813/1250/813 846/1260/846
f 814/998/814 845/1000/845 772/994/772
f 843/1256/843 814/1258/814 815/1251/815
f 844/1257/844 773/1259/773 845/1264/845
f 844/1257/844 846/1260/846 773/1259/773
f 846/1260/846 888/1263/888 816/1255/816
f 849/1500/849 776/1501/776 847/1502/847
f 847/1523/847 775/1522/775 848/1524/848
f 777/1489/777 850/1503/850 848/1492/848
f 817/1367/817 849/1369/849 821/1360/821
f 850/1261/850 816/1255/816 888/1263/888
f 779/1337/779 852/1371/852 851/1370/851
f 781/1339/781 851/1370/851 854/1373/854
f 780/1338/780 853/1372/853 852/1371/852
f 818/1357/818 863/1382/863 853/1372/853
f 782/1340/782 854/1373/854 855/1374/855
f 783/1341/783 855/1374/855 856/1375/856
f 857/1376/857 784/1342/784 856/1375/856
f 857/1376/857 858/1377/858 785/1343/785
f 786/1344/786 858/1377/858 859/1378/859
f 859/1378/859 889/1395/889 819/1358/819
f 889/1395/889 860/1379/860 819/1358/819
f 861/1380/861 788/1346/788 860/1379/860
f 820/1359/820 861/1380/861 890/1396/890
f 849/1369/849 822/1361/822 821/1360/821
f 891/1397/891 862/1381/862 822/1361/822
f 863/1382/863 789/1347/789 862/1381/862
f 823/482/823 892/489/892 864/484/864
f 824/200/824 864/207/864 893/209/893
f 792/1349/792 866/1383/866 865/1398/865
f 820/1359/820 890/1396/890 866/1383/866
f 825/1533/825 865/1534/865 894/1535/894
f 825/1580/825 894/1586/894 867/1584/867
f 793/1581/793 867/1584/867 868/1585/868
f 869/1587/869 794/1583/794 868/1585/868
f 869/485/869 870/486/870 795/479/795
f 871/487/871 796/480/796 870/486/870
f 872/488/872 797/481/797 871/487/871
f 872/488/872 892/489/892 823/482/823
f 831/791/831 895/799/895 826/787/826
f 895/799/895 827/788/827 826/787/826
f 896/800/896 828/789/828 827/788/827
f 828/789/828 897/801/897 829/790/829
f 830/1564/830 829/1565/829 898/1566/898
f 830/795/830 899/802/899 832/792/832
f 900/803/900 831/791/831 873/796/873
f 901/804/901 833/793/833 832/792/832
f 833/1384/833 902/1399/902 874/1385/874
f 834/201/834 824/200/824 893/209/893
f 834/201/834 903/210/903 875/208/875
f 875/208/875 904/211/904 835/202/835
f 836/203/836 835/202/835 905/212/905
f 836/203/836 906/213/906 837/204/837
f 837/797/837 907/805/907 873/796/873
f 908/1400/908 838/1392/838 839/1363/839
f 909/1401/909 839/1363/839 874/1385/874
f 801/1365/801 877/1388/877 876/1386/876
f 878/1389/878 802/1351/802 876/1386/876
f 877/1388/877 805/1387/805 881/1393/881
f 878/1389/878 879/1390/879 803/1353/803
f 880/1391/880 804/1354/804 879/1390/879
f 880/1391/880 882/1394/882 806/1355/806
f 908/1400/908 881/1393/881 838/1392/838
f 910/1402/910 810/1366/810 882/1394/882
f 911/1648/911 840/1649/840 883/1650/883
f 885/1497/885 883/1494/883 841/1493/841
f 885/1497/885 809/1488/809 884/1496/884
f 884/1496/884 842/1490/842 912/1504/912
f 910/1402/910 886/1403/886 810/1366/810
f 912/1504/912 842/1490/842 886/1499/886
f 911/1648/911 887/1651/887 840/1649/840
f 888/1263/888 812/1249/812 887/1265/887
f 846/1260/846 813/1250/813 888/1263/888
f 844/1257/844 845/1264/845 843/1256/843
f 843/1256/843 845/1264/845 814/1258/814
f 849/1500/849 847/1502/847 891/1505/891
f 847/1523/847 848/1524/848 913/1525/913
f 914/1506/914 848/1492/848 850/1503/850
f 850/1261/850 888/1263/888 887/1265/887
f 852/1371/852 915/1404/915 851/1370/851
f 916/1405/916 854/1373/854 851/1370/851
f 852/1371/852 853/1372/853 917/1406/917
f 863/1382/863 918/1407/918 853/1372/853
f 919/1408/919 855/1374/855 854/1373/854
f 920/1409/920 856/1375/856 855/1374/855
f 857/1376/857 856/1375/856 921/1410/921
f 857/1376/857 922/1411/922 858/1377/858
f 859/1378/859 858/1377/858 923/1412/923
f 859/1378/859 924/1413/924 889/1395/889
f 889/1395/889 925/1414/925 860/1379/860
f 861/1380/861 860/1379/860 925/1414/925
f 861/1380/861 926/1415/926 890/1396/890
f 849/1369/849 891/1397/891 822/1361/822
f 927/1416/927 862/1381/862 891/1397/891
f 863/1382/863 862/1381/862 918/1407/918
f 893/490/893 864/484/864 892/489/892
f 928/1417/928 865/1398/865 866/1383/866
f 929/1418/929 866/1383/866 890/1396/890
f 928/1536/928 894/1535/894 865/1534/865
f 930/1537/930 867/1538/867 894/1535/894
f 868/1585/868 867/1584/867 931/1588/931
f 869/1587/869 868/1585/868 932/1589/932
f 869/485/869 933/1694/933 870/486/870
f 871/487/871 870/486/870 934/492/934
f 872/488/872 871/487/871 935/493/935
f 872/488/872 936/494/936 892/489/892
f 900/803/900 895/799/895 831/791/831
f 896/800/896 827/788/827 895/799/895
f 896/800/896 897/801/897 828/789/828
f 897/1567/897 898/1566/898 829/1565/829
f 830/795/830 898/806/898 899/802/899
f 901/804/901 832/792/832 899/802/899
f 900/803/900 873/796/873 937/807/937
f 901/1419/901 902/1399/902 833/1384/833
f 874/1385/874 902/1399/902 938/1420/938
f 834/201/834 893/209/893 903/210/903
f 903/210/903 939/214/939 875/208/875
f 875/208/875 939/214/939 904/211/904
f 904/211/904 905/212/905 835/202/835
f 836/203/836 905/212/905 906/213/906
f 837/797/837 906/808/906 907/805/907
f 907/805/907 937/807/937 873/796/873
f 909/1401/909 908/1400/908 839/1363/839
f 909/1401/909 874/1385/874 938/1420/938
f 876/1386/876 877/1388/877 924/1413/924
f 878/1389/878 876/1386/876 923/1412/923
f 940/1421/940 877/1388/877 881/1393/881
f 878/1389/878 922/1411/922 879/1390/879
f 880/1391/880 879/1390/879 921/1410/921
f 920/1409/920 882/1394/882 880/1391/880
f 908/1400/908 941/1422/941 881/1393/881
f 919/1408/919 910/1402/910 882/1394/882
f 911/1507/911 883/1494/883 885/1497/885
f 885/1497/885 884/1496/884 942/1508/942
f 884/1496/884 912/1504/912 943/1509/943
f 944/1510/944 886/1499/886 910/1511/910
f 944/1510/944 912/1504/912 886/1499/886
f 911/1507/911 945/1512/945 887/1513/887
f 847/1502/847 913/1514/913 891/1505/891
f 914/1526/914 913/1525/913 848/1524/848
f 914/1506/914 850/1503/850 887/1513/887
f 852/1371/852 917/1406/917 915/1404/915
f 916/1405/916 851/1370/851 915/1404/915
f 919/1408/919 854/1373/854 916/1405/916
f 918/1407/918 917/1406/917 853/1372/853
f 919/1408/919 920/1409/920 855/1374/855
f 920/1409/920 921/1410/921 856/1375/856
f 857/1376/857 921/1410/921 922/1411/922
f 922/1411/922 923/1412/923 858/1377/858
f 859/1378/859 923/1412/923 924/1413/924
f 889/1395/889 924/1413/924 940/1421/940
f 889/1395/889 940/1421/940 925/1414/925
f 861/1380/861 925/1414/925 926/1415/926
f 890/1396/890 926/1415/926 946/1423/946
f 918/1407/918 862/1381/862 927/1416/927
f 927/1515/927 891/1505/891 913/1514/913
f 893/490/893 892/489/892 947/495/947
f 929/1418/929 928/1417/928 866/1383/866
f 929/1418/929 890/1396/890 946/1423/946
f 928/1536/928 948/1539/948 894/1535/894
f 931/1588/931 867/1584/867 930/1590/930
f 930/1537/930 894/1535/894 948/1539/948
f 932/1589/932 868/1585/868 931/1588/931
f 869/1587/869 932/1589/932 933/1591/933
f 933/1652/933 934/1653/934 870/1654/870
f 871/487/871 934/492/934 935/493/935
f 872/488/872 935/493/935 936/494/936
f 947/495/947 892/489/892 936/494/936
f 900/803/900 949/809/949 895/799/895
f 896/800/896 895/799/895 949/809/949
f 896/800/896 950/810/950 897/801/897
f 897/1567/897 951/1568/951 898/1566/898
f 898/806/898 952/811/952 899/802/899
f 953/812/953 901/804/901 899/802/899
f 900/803/900 937/807/937 954/813/954
f 901/1419/901 955/1424/955 902/1399/902
f 956/1425/956 938/1420/938 902/1399/902
f 903/496/903 893/490/893 947/495/947
f 903/210/903 957/215/957 939/214/939
f 904/211/904 939/214/939 958/216/958
f 904/211/904 959/217/959 905/212/905
f 905/212/905 960/218/960 906/213/906
f 907/805/907 906/808/906 961/814/961
f 907/805/907 962/815/962 937/807/937
f 963/1426/963 908/1400/908 909/1401/909
f 964/1427/964 909/1401/909 938/1420/938
f 940/1421/940 924/1413/924 877/1388/877
f 923/1412/923 876/1386/876 924/1413/924
f 878/1389/878 923/1412/923 922/1411/922
f 940/1421/940 881/1393/881 941/1422/941
f 922/1411/922 921/1410/921 879/1390/879
f 920/1409/920 880/1391/880 921/1410/921
f 919/1408/919 882/1394/882 920/1409/920
f 963/1426/963 941/1422/941 908/1400/908
f 919/1408/919 916/1405/916 910/1402/910
f 911/1507/911 885/1497/885 942/1508/942
f 884/1496/884 943/1509/943 942/1508/942
f 965/1516/965 943/1509/943 912/1504/912
f 944/1428/944 910/1402/910 916/1405/916
f 965/1516/965 912/1504/912 944/1510/944
f 911/1507/911 942/1508/942 945/1512/945
f 914/1506/914 887/1513/887 945/1512/945
f 914/1526/914 966/1527/966 913/1525/913
f 965/1429/965 915/1404/915 917/1406/917
f 944/1428/944 916/1405/916 915/1404/915
f 918/1407/918 967/1430/967 917/1406/917
f 940/1421/940 941/1422/941 925/1414/925
f 925/1414/925 941/1422/941 926/1415/926
f 963/1426/963 946/1423/946 926/1415/926
f 918/1407/918 927/1416/927 967/1430/967
f 927/1515/927 913/1514/913 966/1517/966
f 968/1431/968 928/1417/928 929/1418/929
f 969/1432/969 929/1418/929 946/1423/946
f 968/1540/968 948/1539/948 928/1536/928
f 931/1588/931 930/1590/930 970/1592/970
f 930/1537/930 948/1539/948 971/1541/971
f 972/1593/972 932/1589/932 931/1588/931
f 973/1594/973 933/1591/933 932/1589/932
f 974/497/974 934/492/934 933/491/933
f 975/498/975 935/493/935 934/492/934
f 935/493/935 976/499/976 936/494/936
f 947/495/947 936/494/936 977/500/977
f 900/803/900 954/813/954 949/809/949
f 896/800/896 949/809/949 950/810/950
f 897/1567/897 950/1569/950 951/1568/951
f 898/806/898 951/816/951 952/811/952
f 953/812/953 899/802/899 952/811/952
f 953/1433/953 955/1424/955 901/1419/901
f 937/807/937 978/817/978 954/813/954
f 956/1425/956 902/1399/902 955/1424/955
f 979/1434/979 938/1420/938 956/1425/956
f 903/496/903 947/495/947 957/501/957
f 957/215/957 980/219/980 939/214/939
f 980/219/980 958/216/958 939/214/939
f 904/211/904 958/216/958 981/220/981
f 904/211/904 981/220/981 959/217/959
f 905/212/905 959/217/959 960/218/960
f 906/808/906 960/818/960 961/814/961
f 907/805/907 961/814/961 962/815/962
f 937/807/937 962/815/962 978/817/978
f 963/1426/963 909/1401/909 964/1427/964
f 964/1427/964 938/1420/938 979/1434/979
f 963/1426/963 926/1415/926 941/1422/941
f 966/1517/966 942/1508/942 943/1509/943
f 965/1516/965 967/1518/967 943/1509/943
f 965/1429/965 944/1428/944 915/1404/915
f 966/1517/966 945/1512/945 942/1508/942
f 914/1506/914 945/1512/945 966/1517/966
f 965/1429/965 917/1406/917 967/1430/967
f 963/1426/963 964/1427/964 946/1423/946
f 927/1515/927 966/1517/966 967/1518/967
f 969/1432/969 968/1431/968 929/1418/929
f 969/1432/969 946/1423/946 964/1427/964
f 968/1540/968 982/1542/982 948/1539/948
f 970/1592/970 930/1590/930 983/1595/983
f 972/1593/972 931/1588/931 970/1592/970
f 982/1542/982 971/1541/971 948/1539/948
f 930/1537/930 971/1541/971 983/1543/983
f 972/1593/972 973/1594/973 932/1589/932
f 974/1596/974 933/1591/933 973/1594/973
f 975/498/975 934/492/934 974/497/974
f 975/498/975 976/499/976 935/493/935
f 976/499/976 977/500/977 936/494/936
f 957/501/957 947/495/947 977/500/977
f 949/809/949 954/813/954 984/819/984
f 949/809/949 984/819/984 950/810/950
f 950/1569/950 985/1570/985 951/1568/951
f 986/820/986 952/811/952 951/816/951
f 953/812/953 952/811/952 986/820/986
f 953/812/953 987/821/987 955/822/955
f 978/817/978 988/823/988 954/813/954
f 989/1435/989 956/1425/956 955/1424/955
f 989/1435/989 979/1434/979 956/1425/956
f 957/501/957 990/502/990 980/503/980
f 991/221/991 958/216/958 980/219/980
f 991/221/991 981/220/981 958/216/958
f 981/220/981 992/222/992 959/217/959
f 960/218/960 959/217/959 993/223/993
f 961/814/961 960/818/960 994/824/994
f 961/814/961 995/825/995 962/815/962
f 996/826/996 978/817/978 962/815/962
f 969/1432/969 964/1427/964 979/1434/979
f 967/1518/967 966/1517/966 943/1509/943
f 969/1432/969 997/1436/997 968/1431/968
f 968/1431/968 997/1436/997 982/1437/982
f 970/1592/970 983/1595/983 998/1597/998
f 972/1593/972 970/1592/970 999/1598/999
f 1000/1544/1000 971/1541/971 982/1542/982
f 1000/1544/1000 983/1543/983 971/1541/971
f 972/1593/972 1001/1599/1001 973/1594/973
f 974/1596/974 973/1594/973 1002/1600/1002
f 975/498/975 974/497/974 1003/504/1003
f 975/498/975 1004/505/1004 976/499/976
f 1005/506/1005 977/500/977 976/499/976
f 957/501/957 977/500/977 990/502/990
f 984/819/984 954/813/954 988/823/988
f 1006/1601/1006 950/1602/950 984/1603/984
f 950/1569/950 1007/1571/1007 985/1570/985
f 985/827/985 986/820/986 951/816/951
f 953/812/953 986/820/986 987/821/987
f 955/1424/955 987/1438/987 1008/1439/1008
f 978/817/978 1009/828/1009 988/823/988
f 989/1435/989 955/1424/955 1008/1439/1008
f 989/1435/989 997/1436/997 979/1434/979
f 1010/507/1010 980/503/980 990/502/990
f 991/221/991 980/219/980 1010/224/1010
f 991/221/991 1011/225/1011 981/220/981
f 981/220/981 1011/225/1011 992/222/992
f 993/223/993 959/217/959 992/222/992
f 994/824/994 960/818/960 993/829/993
f 961/814/961 994/824/994 995/825/995
f 996/826/996 962/815/962 995/825/995
f 996/826/996 1009/828/1009 978/817/978
f 969/1432/969 979/1434/979 997/1436/997
f 1012/1440/1012 982/1437/982 997/1436/997
f 1006/1601/1006 998/1597/998 983/1595/983
f 970/1592/970 998/1597/998 999/1598/999
f 972/1593/972 999/1598/999 1001/1599/1001
f 1000/1544/1000 982/1542/982 1012/1545/1012
f 1000/1544/1000 1013/1546/1013 983/1543/983
f 973/1594/973 1001/1599/1001 1002/1600/1002
f 974/1596/974 1002/1600/1002 1003/1604/1003
f 975/498/975 1003/504/1003 1004/505/1004
f 1005/506/1005 976/499/976 1004/505/1004
f 990/502/990 977/500/977 1005/506/1005
f 1006/1601/1006 984/1603/984 988/1605/988
f 1006/1572/1006 1007/1571/1007 950/1569/950
f 1007/1547/1007 1014/1548/1014 985/1549/985
f 985/1549/985 1015/1550/1015 986/1551/986
f 986/1551/986 1015/1550/1015 987/1552/987
f 1015/1441/1015 1008/1439/1008 987/1438/987
f 1006/1601/1006 988/1605/988 1009/1606/1009
f 989/1435/989 1008/1439/1008 1012/1440/1012
f 989/1435/989 1012/1440/1012 997/1436/997
f 1010/507/1010 990/502/990 1016/508/1016
f 991/221/991 1010/224/1010 1017/226/1017
f 991/221/991 1017/226/1017 1011/225/1011
f 1011/225/1011 1018/227/1018 992/222/992
f 993/223/993 992/222/992 1019/228/1019
f 994/824/994 993/829/993 1020/830/1020
f 994/824/994 1021/831/1021 995/825/995
f 996/826/996 995/825/995 1022/832/1022
f 996/826/996 1023/833/1023 1009/828/1009
f 1006/1601/1006 1009/1606/1009 998/1597/998
f 1006/1553/1006 983/1543/983 1013/1546/1013
f 1024/1607/1024 999/1598/999 998/1597/998
f 1025/1608/1025 1001/1599/1001 999/1598/999
f 1000/1544/1000 1012/1545/1012 1026/1554/1026
f 1000/1544/1000 1026/1554/1026 1013/1546/1013
f 1027/1609/1027 1002/1600/1002 1001/1599/1001
f 1028/1610/1028 1003/1604/1003 1002/1600/1002
f 1003/504/1003 1029/509/1029 1004/505/1004
f 1005/506/1005 1004/505/1004 1030/510/1030
f 1016/508/1016 990/502/990 1005/506/1005
f 1006/1553/1006 1013/1546/1013 1007/1547/1007
f 1007/1547/1007 1013/1546/1013 1014/1548/1014
f 985/1549/985 1014/1548/1014 1015/1550/1015
f 1015/1441/1015 1026/1442/1026 1008/1439/1008
f 1012/1440/1012 1008/1439/1008 1026/1442/1026
f 1010/507/1010 1016/508/1016 1031/511/1031
f 1010/1655/1010 1031/1656/1031 1017/1657/1017
f 1032/229/1032 1011/225/1011 1017/226/1017
f 1032/229/1032 1018/227/1018 1011/225/1011
f 1018/227/1018 1019/228/1019 992/222/992
f 993/829/993 1019/834/1019 1020/830/1020
f 994/824/994 1020/830/1020 1021/831/1021
f 995/825/995 1021/831/1021 1022/832/1022
f 996/826/996 1022/832/1022 1023/833/1023
f 1023/1611/1023 1024/1607/1024 1009/1606/1009
f 1024/1607/1024 998/1597/998 1009/1606/1009
f 1025/1608/1025 999/1598/999 1024/1607/1024
f 1027/1609/1027 1001/1599/1001 1025/1608/1025
f 1013/1546/1013 1026/1554/1026 1014/1548/1014
f 1027/1609/1027 1028/1610/1028 1002/1600/1002
f 1028/1610/1028 1029/1612/1029 1003/1604/1003
f 1029/509/1029 1030/510/1030 1004/505/1004
f 1016/508/1016 1005/506/1005 1030/510/1030
f 1015/1550/1015 1014/1548/1014 1026/1554/1026
f 1016/508/1016 1033/512/1033 1031/511/1031
f 1031/1656/1031 1034/1658/1034 1017/1657/1017
f 1032/1659/1032 1017/1657/1017 1034/1658/1034
f 1032/229/1032 1035/230/1035 1018/227/1018
f 1018/227/1018 1036/231/1036 1019/228/1019
f 1037/835/1037 1020/830/1020 1019/834/1019
f 1021/831/1021 1020/830/1020 1038/836/1038
f 1021/831/1021 1039/837/1039 1022/832/1022
f 1023/833/1023 1022/832/1022 1040/838/1040
f 1023/1611/1023 1041/1613/1041 1024/1607/1024
f 1041/1613/1041 1025/1608/1025 1024/1607/1024
f 1027/1609/1027 1025/1608/1025 1042/1614/1042
f 1027/1609/1027 1043/1615/1043 1028/1610/1028
f 1028/1610/1028 1044/1616/1044 1029/1612/1029
f 1029/509/1029 1045/513/1045 1030/510/1030
f 1016/508/1016 1030/510/1030 1033/512/1033
f 1046/514/1046 1031/511/1031 1033/512/1033
f 1046/1660/1046 1034/1658/1034 1031/1656/1031
f 1047/1661/1047 1032/1659/1032 1034/1658/1034
f 1047/1661/1047 1035/1662/1035 1032/1659/1032
f 1035/230/1035 1036/231/1036 1018/227/1018
f 1037/835/1037 1019/834/1019 1036/839/1036
f 1037/835/1037 1038/836/1038 1020/830/1020
f 1021/831/1021 1038/836/1038 1039/837/1039
f 1039/837/1039 1040/838/1040 1022/832/1022
f 1023/1611/1023 1040/1617/1040 1041/1613/1041
f 1041/1613/1041 1042/1614/1042 1025/1608/1025
f 1027/1609/1027 1042/1614/1042 1043/1615/1043
f 1028/1610/1028 1043/1615/1043 1044/1616/1044
f 1029/509/1029 1044/515/1044 1045/513/1045
f 1033/512/1033 1030/510/1030 1045/513/1045
f 1046/514/1046 1033/512/1033 1048/516/1048
f 1046/1660/1046 1049/1663/1049 1034/1658/1034
f 1047/1661/1047 1034/1658/1034 1049/1663/1049
f 1047/1661/1047 1050/1664/1050 1035/1662/1035
f 1050/1664/1050 1036/1665/1036 1035/1662/1035
f 1037/835/1037 1036/839/1036 1051/840/1051
f 1037/835/1037 1052/841/1052 1038/836/1038
f 1038/836/1038 1053/842/1053 1039/837/1039
f 1039/1678/1039 1054/1679/1054 1040/1680/1040
f 1041/1613/1041 1040/1617/1040 1055/1618/1055
f 1041/1613/1041 1055/1618/1055 1042/1614/1042
f 1043/1615/1043 1042/1614/1042 1056/1619/1056
f 1043/1615/1043 1057/1620/1057 1044/1616/1044
f 1045/513/1045 1044/515/1044 1058/517/1058
f 1033/512/1033 1045/513/1045 1048/516/1048
f 1046/1660/1046 1048/1666/1048 1059/1667/1059
f 1046/1660/1046 1059/1667/1059 1049/1663/1049
f 1047/1661/1047 1049/1663/1049 1060/1668/1060
f 1047/1661/1047 1060/1668/1060 1050/1664/1050
f 1050/1664/1050 1051/1669/1051 1036/1665/1036
f 1037/835/1037 1051/840/1051 1052/841/1052
f 1038/836/1038 1052/841/1052 1053/842/1053
f 1039/837/1039 1053/842/1053 1054/843/1054
f 1040/1680/1040 1054/1679/1054 1061/1681/1061
f 1040/1680/1040 1061/1681/1061 1055/1682/1055
f 1042/1614/1042 1055/1618/1055 1056/1619/1056
f 1043/1615/1043 1056/1619/1056 1057/1620/1057
f 1044/1616/1044 1057/1620/1057 1058/1621/1058
f 1045/513/1045 1058/517/1058 1048/516/1048
f 1048/516/1048 1058/517/1058 1059/518/1059
f 1059/1667/1059 1062/1670/1062 1049/1663/1049
f 1060/1668/1060 1049/1663/1049 1062/1670/1062
f 1060/1668/1060 1063/1671/1063 1050/1664/1050
f 1050/1664/1050 1063/1671/1063 1051/1669/1051
f 1051/840/1051 1064/844/1064 1052/841/1052
f 1052/841/1052 1065/845/1065 1053/842/1053
f 1054/843/1054 1053/842/1053 1066/846/1066
f 1061/1681/1061 1054/1679/1054 1067/1683/1067
f 1068/1622/1068 1055/1618/1055 1061/1623/1061
f 1068/1622/1068 1056/1619/1056 1055/1618/1055
f 1057/1620/1057 1056/1619/1056 1069/1624/1069
f 1070/1625/1070 1058/1621/1058 1057/1620/1057
f 1059/1626/1059 1058/1621/1058 1070/1625/1070
f 1059/1626/1059 1070/1625/1070 1062/1627/1062
f 1060/1668/1060 1062/1670/1062 1071/1672/1071
f 1060/1668/1060 1071/1672/1071 1063/1671/1063
f 1051/1669/1051 1063/1671/1063 1064/1673/1064
f 1064/844/1064 1065/845/1065 1052/841/1052
f 1066/846/1066 1053/842/1053 1065/845/1065
f 1054/843/1054 1066/846/1066 1067/847/1067
f 1072/1628/1072 1061/1623/1061 1067/1629/1067
f 1068/1622/1068 1061/1623/1061 1072/1628/1072
f 1068/1622/1068 1069/1624/1069 1056/1619/1056
f 1070/1625/1070 1057/1620/1057 1069/1624/1069
f 1070/1674/1070 1073/1675/1073 1062/1670/1062
f 1073/1675/1073 1071/1672/1071 1062/1670/1062
f 1071/1672/1071 1074/1676/1074 1063/1671/1063
f 1074/1676/1074 1064/1673/1064 1063/1671/1063
f 1064/844/1064 1075/848/1075 1065/845/1065
f 1076/849/1076 1066/846/1066 1065/845/1065
f 1077/1684/1077 1067/1685/1067 1066/1686/1066
f 1072/1628/1072 1067/1629/1067 1076/1630/1076
f 1068/1622/1068 1072/1628/1072 1078/1631/1078
f 1068/1622/1068 1078/1631/1078 1069/1624/1069
f 1070/1625/1070 1069/1624/1069 1073/1632/1073
f 1073/1675/1073 1074/1676/1074 1071/1672/1071
f 1074/1676/1074 1075/1677/1075 1064/1673/1064
f 1076/1687/1076 1065/1688/1065 1075/1689/1075
f 1076/849/1076 1077/850/1077 1066/846/1066
f 1076/1630/1076 1067/1629/1067 1077/1633/1077
f 1072/1628/1072 1076/1630/1076 1075/1634/1075
f 1078/1631/1078 1072/1628/1072 1075/1634/1075
f 1073/1632/1073 1069/1624/1069 1078/1631/1078
f 1073/1632/1073 1078/1631/1078 1074/1635/1074
f 1074/1635/1074 1078/1631/1078 1075/1634/1075
