<?xml version="1.0"?>
<COLLADA xmlns="http://www.collada.org/2005/11/COLLADASchema" version="1.4.1">
  <asset>
    <contributor>
      <author>Assimp</author>
      <authoring_tool>Assimp Exporter</authoring_tool>
    </contributor>
    <created>2018-06-25T02:32:22</created>
    <modified>2018-06-25T02:32:22</modified>
    <unit name="meter" meter="0.01" />
    <up_axis>Y_UP</up_axis>
  </asset>
  <library_effects>
    <effect id="SM_GroundPebbles_01-fx" name="SM_GroundPebbles_01">
      <profile_COMMON>
        <technique sid="standard">
          <phong>
            <diffuse>
              <color sid="diffuse">0.5   0.5   0.5   1</color>
            </diffuse>
          </phong>
        </technique>
      </profile_COMMON>
    </effect>
  </library_effects>
  <library_materials>
    <material id="SM_GroundPebbles_01" name="SM_GroundPebbles_01">
      <instance_effect url="#SM_GroundPebbles_01-fx"/>
    </material>
  </library_materials>
  <library_geometries>
    <geometry id="meshId0" name="meshId0_name" >
      <mesh>
        <source id="meshId0-positions" name="meshId0-positions">
          <float_array id="meshId0-positions-array" count="4650"> 0.0596502 0.0325812 -0.172647 0.049652 0.0363348 -0.135916 0.0787173 0.0456346 -0.135239 0.0810608 0.037355 -0.181346 0.0694044 0.0247544 -0.228631 0.0454847 0.0214954 -0.196902 0.0245464 0.022085 -0.14667 0.0165539 0.0393365 0.00293719 0.0208375 0.0414231 -0.0350134 -0.0156182 0.028392 -0.0243904 -0.00954758 0.0289248 0.0281261 0.0488927 0.0409434 0.0124047 0.0590672 0.0483894 -0.0352902 0.0316706 0.0269595 0.0596257 0.154787 0.0425258 0.0175291 0.155967 0.053252 -0.0371432 0.104841 0.0521576 -0.03472 0.098289 0.0421617 0.0185122 0.0899621 0.0267867 0.0758222 0.154069 0.0270168 0.0778951 0.158719 0.0427713 -0.188304 0.157932 0.0263602 -0.241536 0.10749 0.0256667 -0.238776 0.115315 0.0411829 -0.18616 0.115279 0.0514535 -0.13648 0.158345 0.0535243 -0.138417 0.153883 -0.0703727 -0.398209 0.0694287 -0.0722127 -0.385989 0.0652162 -0.0555194 -0.396378 0.153883 -0.0550608 -0.412581 0.0679022 -0.0360321 -0.388926 0.153883 -0.0345556 -0.404578 0.0752535 -0.0140664 -0.367557 0.153883 -0.00947246 -0.384182 0.0881909 0.00623645 -0.299709 0.154903 0.00604571 -0.301945 0.0440804 0.00988767 -0.28725 0.0212745 -0.0123905 -0.326832 0.00122624 -0.0175477 -0.269372 0.0232908 0.00484975 -0.233203 0.000125098 -0.0362019 -0.346288 -0.0153341 -0.0415562 -0.279667 -0.0361976 -0.0470085 -0.19192 -0.0239165 -0.02121 -0.179643 -0.00709925 -0.0550779 -0.352358 -0.0248908 -0.0589697 -0.284569 -0.0457702 -0.0632783 -0.195145 -0.0937943 -0.061262 -0.0919798 -0.0835139 -0.0449523 -0.0910527 -0.0202678 -0.0749077 -0.279871 -0.0400888 -0.0779124 -0.193435 -0.086749 -0.0766 -0.0928221 -0.125965 -0.0745763 0.00842455 -0.132389 -0.0584927 0.0107799 -0.0169882 -0.0729571 0.159384 0.0731587 -0.0711674 0.197453 0.0690476 -0.0575751 0.211642 -0.0241425 -0.0576253 0.168541 -0.0973962 -0.0580784 0.0988688 -0.0904676 -0.0738145 0.0940438 -0.0224639 -0.0385066 0.164965 -0.0929786 -0.0408963 0.0956444 -0.123807 -0.0419611 0.00844672 -0.0817933 -0.0190519 0.0877606 -0.106075 -0.0195269 0.0036768 -0.0621003 -0.0206443 -0.0891408 -0.0593149 0.0089749 -0.00846559 -0.0321143 0.00479754 -0.0869757 -0.00132638 0.00274209 -0.163031 0.00157875 0.0251973 -0.086149 0.0343674 0.0400597 -0.0857664 0.0696926 0.0497132 -0.0856016 0.110897 0.0553725 -0.0862108 0.157309 0.0572122 -0.0885863 -0.0512388 0.0119991 0.0652394 0.00825158 0.00741501 0.112232 -0.0136796 -0.0177327 0.154444 0.0743795 -0.0171886 0.198357 0.0806509 0.00730686 0.138543 0.0699506 -0.038024 0.21026 0.153883 -0.0401212 0.227911 0.153883 -0.0183832 0.213205 0.153883 -0.0593737 0.229174 0.153883 -0.0711608 0.212568 0.153795 0.00784987 0.144965 -0.00229366 -0.0727363 -0.345054 0.280608 0.0341476 -0.182556 0.248894 0.0383529 -0.187408 0.248903 0.0460131 -0.144723 0.290481 0.037051 -0.149935 0.305952 0.0247058 -0.208365 0.26419 0.0263378 -0.232645 0.334136 0.0232085 -0.164467 0.299027 0.0367224 -0.0227999 0.323242 0.0254781 -0.00196216 0.348577 0.0276769 -0.0541031 0.303463 0.0400171 -0.059076 0.258452 0.0471688 -0.0524793 0.263346 0.0390854 -0.00718862 0.277398 0.0248846 0.0374707 0.211931 0.0412689 0.00836574 0.208491 0.051504 -0.0435861 0.2183 0.0259121 0.0649761 0.205427 0.0416405 -0.188927 0.212352 0.0263119 -0.240042 0.204224 0.0516043 -0.141214 0.242549 -0.0555194 -0.396378 0.238337 -0.0722127 -0.385989 0.239863 -0.0360321 -0.388926 0.232922 -0.0141659 -0.368668 0.223888 0.00675586 -0.299418 0.29312 0.0133028 -0.294432 0.312841 -0.0100317 -0.332277 0.350207 0.0141279 -0.250363 0.382047 -0.0133511 -0.269504 0.324687 -0.0352545 -0.346317 0.394577 -0.0375836 -0.279792 0.431738 -0.0202188 -0.191297 0.444714 -0.0416398 -0.194521 0.399243 -0.0552689 -0.284685 0.328953 -0.0542949 -0.352383 0.44969 -0.0580397 -0.196421 0.463409 -0.0425641 -0.108197 0.469679 -0.0587713 -0.1057 0.440582 -0.0728401 -0.194452 0.391858 -0.0713604 -0.279983 0.460827 -0.0740793 -0.105169 0.453386 -0.0599077 -0.0118231 0.446523 -0.0758014 -0.0119267 0.324754 -0.0733622 0.15513 0.331908 -0.058067 0.163903 0.238718 -0.0575751 0.211642 0.234607 -0.0711674 0.197453 0.398233 -0.0753438 0.0779859 0.405162 -0.0597727 0.0810778 0.400744 -0.0429347 0.0742408 0.330229 -0.039156 0.158146 0.447713 -0.0435928 -0.0181336 0.433991 -0.0214693 -0.0285126 0.389559 -0.0215676 0.0613457 0.448759 -0.0205851 -0.11254 0.418581 0.0101555 -0.118243 0.407219 0.0111773 -0.0431248 0.391001 0.00228954 -0.184691 0.351482 0.0266691 -0.111245 0.30049 0.0400821 -0.105413 0.253817 0.0493834 -0.0992306 0.205946 0.055133 -0.0931642 0.357539 0.00651675 0.0291337 0.29753 0.00539137 0.088777 0.321445 -0.0186867 0.144426 0.226564 0.00666742 0.128955 0.233386 -0.0171886 0.198357 0.237815 -0.038024 0.21026 0.323805 -0.0719723 -0.345078 -0.802309 0.0183063 0.45467 -0.808902 0.0221599 0.502134 -0.775386 0.0307522 0.506374 -0.774847 0.0224918 0.444301 -0.782104 0.00996416 0.387456 -0.817084 0.00804434 0.424732 -0.836332 0.00952247 0.486105 -0.811158 0.0338955 0.696647 -0.813858 0.0306079 0.640007 -0.844933 0.0158734 0.64764 -0.832784 0.0230172 0.728412 -0.782777 0.044636 0.722713 -0.779242 0.0416679 0.649716 -0.792036 0.0391807 0.802796 -0.695253 0.0582962 0.756827 -0.69209 0.0553688 0.672375 -0.737864 0.0501834 0.661981 -0.740894 0.0551082 0.742891 -0.737238 0.0525867 0.828146 -0.69189 0.0455946 0.842369 -0.685933 0.0340808 0.43555 -0.682839 0.0218382 0.355201 -0.735087 0.014731 0.364777 -0.733452 0.0280289 0.436796 -0.734204 0.0376983 0.508933 -0.688204 0.0435106 0.513124 -0.671009 -0.0772395 0.153528 -0.745394 -0.0799032 0.155802 -0.748019 -0.0635608 0.146091 -0.669206 -0.0618182 0.139578 -0.746409 -0.0474515 0.162287 -0.670176 -0.0420233 0.14897 -0.742074 -0.0297773 0.200207 -0.67259 -0.0206686 0.178865 -0.738494 -0.00351712 0.287316 -0.678601 0.00596964 0.267177 -0.795012 -0.00749034 0.325829 -0.813132 -0.0293577 0.259438 -0.857143 -0.0270222 0.34419 -0.836053 -0.00821743 0.385638 -0.825242 -0.0481198 0.220731 -0.869058 -0.0451653 0.32067 -0.908967 -0.0440628 0.422959 -0.888153 -0.0260834 0.44247 -0.828586 -0.0634356 0.202947 -0.878948 -0.0616429 0.302929 -0.923123 -0.0610006 0.411733 -0.946875 -0.061156 0.546402 -0.931987 -0.0446273 0.549837 -0.889778 -0.0771389 0.283472 -0.936956 -0.0775735 0.399239 -0.955963 -0.0767227 0.542773 -0.940587 -0.0768765 0.687148 -0.946556 -0.0610795 0.691842 -0.820103 -0.076907 0.896769 -0.73346 -0.073617 0.95191 -0.73536 -0.0595858 0.971695 -0.825743 -0.0614666 0.910257 -0.898231 -0.0624275 0.813846 -0.892284 -0.0780098 0.806065 -0.824506 -0.0430407 0.904764 -0.894419 -0.045901 0.808264 -0.940843 -0.0466092 0.687141 -0.883743 -0.0280302 0.795224 -0.926867 -0.0296301 0.677711 -0.910087 -0.0263746 0.554099 -0.880263 -0.00581714 0.662169 -0.877511 -0.00624441 0.558988 -0.864157 -0.00718282 0.463305 -0.845308 0.0122421 0.563859 -0.813326 0.0265316 0.569222 -0.777428 0.0370018 0.576323 -0.735856 0.0448392 0.584042 -0.690083 0.0505061 0.591616 -0.86158 -0.00635431 0.769413 -0.802644 0.00883963 0.856459 -0.817445 -0.0234229 0.888988 -0.733441 -0.0215977 0.953154 -0.738707 0.0112966 0.902881 -0.734648 -0.040396 0.969709 -0.657565 -0.0436564 0.998353 -0.667802 -0.0284711 0.978733 -0.655005 -0.0610665 1 -0.658449 -0.0737523 0.97771 -0.692652 0.00116763 0.919972 -0.824572 -0.0799379 0.206234 -0.56176 0.0416173 0.478202 -0.593627 0.0417058 0.458495 -0.594968 0.0494299 0.528567 -0.552733 0.0464703 0.534397 -0.541283 0.0314112 0.445834 -0.582025 0.030791 0.389778 -0.52237 0.0281436 0.526732 -0.567886 0.0479461 0.745121 -0.544469 0.026349 0.780586 -0.517121 0.0284241 0.703889 -0.557605 0.0464264 0.68582 -0.596693 0.0608985 0.683391 -0.599291 0.0548036 0.761519 -0.583212 0.0281545 0.823272 -0.641034 0.0611303 0.762277 -0.643189 0.0589142 0.679265 -0.635245 0.033311 0.835449 -0.637641 0.039217 0.442309 -0.630483 0.02881 0.359911 -0.64075 0.0477994 0.519887 -0.595998 -0.0625816 0.181103 -0.60103 -0.0793517 0.190065 -0.599286 -0.0431462 0.187714 -0.607389 -0.018081 0.203596 -0.61973 0.0197092 0.257327 -0.564401 0.0165939 0.299962 -0.545018 -0.0170431 0.27661 -0.512908 0.0128795 0.397708 -0.491414 -0.0207845 0.379679 -0.533257 -0.0426282 0.266185 -0.47943 -0.0449659 0.373116 -0.449013 -0.0266488 0.503344 -0.436717 -0.0483105 0.501645 -0.474801 -0.0626206 0.369717 -0.528819 -0.0616287 0.261512 -0.431893 -0.064809 0.500037 -0.413359 -0.0468483 0.636284 -0.407102 -0.0633331 0.637584 -0.440789 -0.0797053 0.497932 -0.481961 -0.0787625 0.371546 -0.416227 -0.078867 0.63307 -0.409351 -0.0623258 0.763673 -0.416796 -0.078525 0.75863 -0.506586 -0.0754456 0.927647 -0.497665 -0.0599325 0.940607 -0.580495 -0.0611083 0.984244 -0.587725 -0.0754007 0.965118 -0.44866 -0.0772852 0.856911 -0.440691 -0.061428 0.864625 -0.445746 -0.0443228 0.859506 -0.500493 -0.0412607 0.935786 -0.416181 -0.0461038 0.758948 -0.440731 -0.0253977 0.745106 -0.459834 -0.0235723 0.846924 -0.427824 -0.0244883 0.631804 -0.471503 0.0025044 0.621533 -0.481074 0.00154293 0.723477 -0.488417 0.00440738 0.51222 -0.510834 0.028791 0.615238 -0.547741 0.0479755 0.610375 -0.59449 0.0558853 0.604775 -0.642199 0.0543633 0.598585 -0.497794 0.00180805 0.820873 -0.549436 0.000832258 0.888936 -0.515537 -0.0240481 0.920886 -0.621587 -7.87739e-05 0.905904 -0.600853 -0.0306828 0.966497 -0.585434 -0.0444844 0.982405 -0.534252 -0.0793606 0.267047 0.623578 0.0584788 0.0940675 0.612322 0.0617919 0.11845 0.65417 0.064441 0.122249 0.657274 0.0571722 0.0918866 0.651195 0.0415523 0.065398 0.605883 0.0458829 0.0771652 0.572478 0.0513685 0.106973 0.614683 0.0488114 0.220063 0.608128 0.0545226 0.191864 0.569291 0.0460975 0.197546 0.593133 0.040583 0.237451 0.646436 0.0513429 0.227938 0.64867 0.0597548 0.193846 0.63572 0.0389389 0.260282 0.732373 0.0534214 0.233498 0.734469 0.0623538 0.197391 0.69186 0.0625136 0.196603 0.688663 0.0536393 0.233082 0.683856 0.0392772 0.26944 0.731946 0.0376843 0.269461 0.74635 0.0477419 0.0944029 0.749314 0.030908 0.0636358 0.70121 0.0363968 0.0619422 0.701739 0.0529911 0.0920716 0.698871 0.0629182 0.124766 0.742293 0.0592986 0.127085 0.757327 -0.0738873 -0.0364819 0.688978 -0.0750417 -0.0307993 0.683011 -0.0551465 -0.0241594 0.750093 -0.0552189 -0.0247176 0.685458 -0.0341978 -0.0123513 0.749584 -0.0346985 -0.0104303 0.692108 -0.0102375 0.00856942 0.750708 -0.0123334 0.00976969 0.697722 0.0144448 0.0337313 0.750814 0.0102619 0.0349908 0.640087 0.0180381 0.038616 0.626925 -0.00978372 0.0139286 0.560925 -0.0133512 0.033339 0.581432 0.0209783 0.0502462 0.609816 -0.0356702 -0.012868 0.551311 -0.0375836 0.0266494 0.512842 -0.0416583 0.0837053 0.522755 -0.0196895 0.0875239 0.602203 -0.0543811 -0.0201977 0.547731 -0.055269 0.023468 0.509024 -0.0584323 0.0816478 0.493687 -0.0651718 0.14974 0.498498 -0.0469712 0.150111 0.553397 -0.0713605 0.0265256 0.516013 -0.0729061 0.0827155 0.50048 -0.0790344 0.14898 0.511455 -0.0738654 0.214041 0.506189 -0.0577819 0.215575 0.604884 -0.0729571 0.312213 0.674051 -0.0711674 0.336967 0.670896 -0.0575751 0.346192 0.599395 -0.0576253 0.318168 0.54319 -0.0580784 0.272865 0.548506 -0.0738146 0.269727 0.600683 -0.0385067 0.315842 0.546579 -0.0408963 0.270768 0.510542 -0.0410641 0.214052 0.555161 -0.019052 0.265642 0.52107 -0.018407 0.210945 0.509739 -0.021109 0.150136 0.540328 0.0146597 0.205288 0.530551 0.0151142 0.150307 0.541826 0.0149246 0.0952009 0.556975 0.0481741 0.151933 0.605373 0.059796 0.154614 0.650297 0.0647407 0.15745 0.695089 0.0659291 0.160047 0.738004 0.0643812 0.161616 0.571583 0.0152851 0.254884 0.621791 0.0164156 0.294545 0.607423 -0.0177327 0.309001 0.674988 -0.0171886 0.337554 0.678801 0.0175414 0.306704 0.671589 -0.038024 0.345294 0.735988 -0.0401213 0.356771 0.735988 -0.0180978 0.346802 0.735988 -0.0593737 0.357592 0.735988 -0.0711609 0.346795 0.733207 0.0143077 0.306014 0.605763 -0.0719965 -0.0157019 0.835364 0.0365186 0.107853 0.816571 0.0391008 0.103092 0.812422 0.0495274 0.129424 0.836546 0.0422917 0.127707 0.846503 0.0249795 0.0953992 0.82444 0.0242239 0.0797623 0.856 0.0292766 0.120281 0.825694 0.043956 0.208732 0.83742 0.0321997 0.21843 0.85078 0.0335718 0.186839 0.830506 0.0469651 0.185789 0.805489 0.0545526 0.190401 0.805167 0.0473086 0.218942 0.812333 0.0327929 0.242669 0.772548 0.0508511 0.228471 0.773158 0.059506 0.195162 0.776081 0.0350462 0.260166 0.785708 0.0428396 0.098262 0.791273 0.0264265 0.0695247 0.780843 0.0547535 0.128847 0.805328 -0.0558255 -0.0184602 0.804264 -0.0741671 -0.0407418 0.803909 -0.0357711 -0.00149528 0.801119 -0.0144571 0.018359 0.796731 0.00682445 0.0424541 0.833832 0.005552 0.0570097 0.84288 -0.0152127 0.0362764 0.860306 0.00711158 0.0795411 0.874153 -0.013856 0.0641977 0.850507 -0.0363542 0.0188735 0.886862 -0.0355374 0.0511905 0.892729 -0.0110593 0.101374 0.909471 -0.0337689 0.0935645 0.899791 -0.0564124 0.0396454 0.857302 -0.0567889 0.00329575 0.927306 -0.0556894 0.086619 0.916101 -0.0321592 0.14325 0.93367 -0.0542406 0.140258 0.955963 -0.0772444 0.0782997 0.918578 -0.0761253 0.0251509 0.955635 -0.0738458 0.133148 0.925128 -0.0546352 0.200347 0.946045 -0.0757149 0.204594 0.867091 -0.0729571 0.312213 0.857633 -0.0558512 0.305425 0.801082 -0.0575703 0.346161 0.797925 -0.0711674 0.336967 0.92347 -0.0765434 0.269875 0.901311 -0.0555679 0.257888 0.886464 -0.0336602 0.250358 0.848753 -0.035329 0.29689 0.908405 -0.0322294 0.197359 0.890557 -0.00856948 0.19396 0.870705 -0.0101932 0.241469 0.897902 -0.00875516 0.145703 0.877917 0.0138269 0.148683 0.870903 0.0143185 0.190146 0.874745 0.0107801 0.110667 0.85689 0.0329434 0.152233 0.834721 0.0467105 0.155948 0.808655 0.0552106 0.159335 0.776418 0.0607455 0.161433 0.853539 0.0129057 0.230305 0.824051 0.0120608 0.264564 0.837191 -0.0120489 0.283506 0.782849 0.0127584 0.290355 0.790864 -0.0137799 0.317694 0.797305 -0.0372933 0.334586 0.866364 -0.0770309 -0.0174015 0.622012 0.0155836 -0.45138 0.598419 0.0180757 -0.435995 0.626719 0.0139915 -0.412986 0.647421 0.0124387 -0.438234 0.656201 0.0102115 -0.466565 0.616138 0.0130208 -0.473718 0.575368 0.0166696 -0.461564 0.530795 0.0279909 -0.363567 0.544613 0.0264684 -0.385793 0.513135 0.0245058 -0.400507 0.505986 0.0243665 -0.362308 0.549851 0.0263363 -0.3408 0.574651 0.023424 -0.363101 0.520967 0.0225944 -0.32397 0.613995 0.0277898 -0.283079 0.639216 0.0266665 -0.308946 0.606348 0.0227747 -0.336406 0.579342 0.0258982 -0.311771 0.54998 0.0215845 -0.287175 0.587344 0.0210181 -0.255043 0.705653 0.0104844 -0.386148 0.725573 0.00640118 -0.41465 0.693305 0.00772856 -0.4455 0.677202 0.00984792 -0.415435 0.656232 0.0117186 -0.387419 0.684918 0.0145706 -0.359129 0.782983 -0.0703726 -0.490428 0.729277 -0.0722126 -0.525242 0.727012 -0.0583256 -0.524523 0.780164 -0.0577165 -0.48736 0.723479 -0.0397233 -0.516698 0.774495 -0.039909 -0.480732 0.716535 -0.0182128 -0.500249 0.762464 -0.0195883 -0.465925 0.706212 -0.000670085 -0.475272 0.745066 -0.00277463 -0.442644 0.659482 0.00104022 -0.496308 0.660499 -0.0171658 -0.522444 0.597801 -0.0181237 -0.529985 0.607035 0.0019187 -0.502214 0.66126 -0.0386893 -0.541032 0.592952 -0.0404408 -0.549144 0.528473 -0.0418312 -0.528321 0.533124 -0.020582 -0.519317 0.662235 -0.0567066 -0.552563 0.592746 -0.0574155 -0.553513 0.527106 -0.058123 -0.532231 0.472106 -0.0574759 -0.490107 0.475321 -0.0409433 -0.486606 0.596238 -0.0713603 -0.546537 0.531725 -0.0727586 -0.526865 0.477549 -0.0729144 -0.486236 0.442943 -0.0738652 -0.428519 0.438003 -0.0577571 -0.430666 0.449126 -0.0729569 -0.293835 0.484852 -0.0711673 -0.23106 0.481129 -0.056335 -0.232339 0.441144 -0.0576251 -0.292714 0.428484 -0.0580782 -0.363136 0.434506 -0.0738144 -0.362195 0.44818 -0.0383846 -0.29442 0.432386 -0.0408962 -0.36261 0.442252 -0.0410639 -0.429088 0.447145 -0.0174035 -0.360932 0.452158 -0.0184069 -0.42483 0.483425 -0.0184792 -0.479129 0.481333 0.00973708 -0.412881 0.508512 0.0084 -0.458323 0.553534 0.0040405 -0.489794 0.538051 0.0216087 -0.435481 0.569021 0.0223712 -0.41231 0.600631 0.0180786 -0.38772 0.631991 0.0165788 -0.361276 0.662797 0.020805 -0.333714 0.475865 0.0089843 -0.360678 0.490857 0.00802845 -0.309283 0.465458 -0.0155731 -0.299262 0.49789 -0.0149004 -0.245261 0.521001 0.00730391 -0.263542 0.484801 -0.0372975 -0.235496 0.529531 -0.0374935 -0.190129 0.540985 -0.015824 -0.203435 0.525988 -0.0561533 -0.185932 0.524862 -0.0711607 -0.184357 0.561493 0.00564369 -0.226702 0.662862 -0.0719722 -0.54617 0.770989 0.0239618 -0.301458 0.755047 0.0201583 -0.322989 0.739845 0.0295535 -0.302913 0.764568 0.0324201 -0.282584 0.78906 0.0150659 -0.304154 0.77514 0.00998255 -0.339368 0.788424 0.0241979 -0.272313 0.7116 0.0415699 -0.226912 0.712968 0.0323059 -0.208006 0.747149 0.0376435 -0.219925 0.730669 0.0451322 -0.240028 0.704401 0.0415837 -0.259647 0.685974 0.0371413 -0.238074 0.673045 0.0251872 -0.212771 0.650836 0.0316025 -0.257757 0.672559 0.033807 -0.282818 0.629598 0.0213951 -0.229579 0.731911 0.0145127 -0.353683 0.752962 0.00704482 -0.37774 0.712868 0.0217022 -0.329846 0.82081 -0.0576432 -0.438812 0.826361 -0.0722127 -0.443367 0.812786 -0.0402607 -0.433246 0.79735 -0.021128 -0.42099 0.775863 -0.00434679 -0.401354 0.798926 -0.00419847 -0.35532 0.821753 -0.0220425 -0.368516 0.812464 -0.0011777 -0.309189 0.834542 -0.0209167 -0.313579 0.838584 -0.0406529 -0.376445 0.850482 -0.0400594 -0.315644 0.831574 -0.0153206 -0.26118 0.844934 -0.0362997 -0.256761 0.859799 -0.0568037 -0.315982 0.848401 -0.0574383 -0.3797 0.852366 -0.0549208 -0.253243 0.818485 -0.0288447 -0.205612 0.823642 -0.050468 -0.198355 0.8613 -0.0727586 -0.248923 0.869802 -0.0713604 -0.31583 0.830396 -0.0729144 -0.188667 0.775445 -0.049147 -0.157595 0.779347 -0.0738653 -0.144818 0.645551 -0.072957 -0.128183 0.646981 -0.0552462 -0.135779 0.581665 -0.0558193 -0.15424 0.577648 -0.0711673 -0.152802 0.715398 -0.0738145 -0.125308 0.714059 -0.052459 -0.136193 0.713602 -0.0310742 -0.145503 0.648805 -0.0362678 -0.143685 0.772628 -0.0260665 -0.166978 0.76731 -0.00264073 -0.180642 0.713229 -0.00848861 -0.161323 0.808784 -0.0061267 -0.215505 0.793592 0.0166185 -0.228303 0.758923 0.0201568 -0.199207 0.81179 0.00655626 -0.266146 0.773886 0.034235 -0.243129 0.750613 0.0416433 -0.260239 0.723316 0.0381463 -0.281305 0.693416 0.0292779 -0.306394 0.713236 0.0140683 -0.183786 0.661884 0.00649371 -0.184867 0.653394 -0.0153098 -0.160045 0.609641 0.00408426 -0.2001 0.593964 -0.017117 -0.174953 0.58514 -0.0377011 -0.159659 0.858197 -0.0719722 -0.381437 -0.28883 0.02951 0.325244 -0.292349 0.0264491 0.349918 -0.266477 0.0278882 0.349544 -0.268293 0.0306665 0.318857 -0.277096 0.023691 0.291985 -0.30337 0.0217273 0.312728 -0.317728 0.0190156 0.345691 -0.288613 0.0224316 0.440403 -0.292636 0.0227078 0.416218 -0.319609 0.0186998 0.424826 -0.304171 0.018837 0.457201 -0.268935 0.023348 0.447585 -0.266906 0.0235476 0.415993 -0.27872 0.0207421 0.480474 -0.211344 0.0216357 0.452466 -0.211226 0.0209678 0.417489 -0.239494 0.0227513 0.417382 -0.241326 0.0233551 0.452612 -0.245602 0.022086 0.492409 -0.210556 0.0200032 0.491901 -0.207145 0.0202294 0.31793 -0.204997 0.0165249 0.282925 -0.242213 0.0218299 0.282136 -0.23885 0.0264494 0.316136 -0.238169 0.0245214 0.34971 -0.20909 0.0199115 0.351344 -0.206385 -0.0703729 0.20186 -0.257865 -0.0722129 0.209343 -0.259398 -0.0551486 0.207676 -0.206342 -0.0547123 0.196639 -0.257873 -0.0367944 0.212804 -0.206279 -0.0354059 0.202625 -0.253748 -0.0159236 0.225869 -0.205654 -0.0143846 0.217917 -0.247567 0.00622032 0.250232 -0.204155 0.00490575 0.247491 -0.289302 0.00646378 0.266503 -0.300144 -0.0165318 0.248305 -0.338038 -0.0171385 0.286894 -0.322136 0.0047385 0.29851 -0.307176 -0.0370616 0.238497 -0.347956 -0.0377704 0.279154 -0.376169 -0.0392383 0.331284 -0.364414 -0.0179684 0.335323 -0.310092 -0.0548251 0.234373 -0.352499 -0.0553757 0.274796 -0.380822 -0.0569301 0.328792 -0.392987 -0.0572516 0.389446 -0.388592 -0.0396579 0.389965 -0.351444 -0.0713606 0.27426 -0.381144 -0.0727588 0.327162 -0.393484 -0.0729146 0.388804 -0.384765 -0.0738655 0.450864 -0.38379 -0.0575724 0.450146 -0.31054 -0.0729572 0.543324 -0.255591 -0.0711675 0.566637 -0.258097 -0.0575752 0.575326 -0.312506 -0.0571987 0.545772 -0.355607 -0.0576448 0.503377 -0.35533 -0.0738146 0.50331 -0.311078 -0.0383716 0.543704 -0.352907 -0.0395912 0.50137 -0.380189 -0.0397353 0.448942 -0.344214 -0.0173294 0.494917 -0.369908 -0.0171049 0.445508 -0.376258 -0.0176231 0.390123 -0.349095 0.00682302 0.437326 -0.353873 0.00506081 0.388744 -0.34401 0.00385008 0.340424 -0.323346 0.018095 0.385426 -0.294102 0.0234769 0.3833 -0.266563 0.0244684 0.382845 -0.238624 0.0225746 0.383432 -0.210458 0.0198706 0.384228 -0.32659 0.00740534 0.480135 -0.293519 0.0112392 0.516606 -0.305195 -0.0159611 0.536076 -0.255183 -0.0158014 0.563979 -0.251393 0.0158729 0.537689 -0.25765 -0.0380613 0.573328 -0.206385 -0.0401213 0.585289 -0.206385 -0.0183833 0.576283 -0.206385 -0.0593738 0.586062 -0.206385 -0.0711609 0.575893 -0.208256 0.0157166 0.538392 -0.309962 -0.0719724 0.234397 -0.134262 0.0149588 0.33819 -0.151772 0.0154127 0.330976 -0.155559 0.0159221 0.357152 -0.132622 0.0145782 0.358493 -0.119791 0.0117061 0.325536 -0.141582 0.0123412 0.305785 -0.108816 0.0102869 0.35324 -0.13955 0.0118276 0.432434 -0.126096 0.00568183 0.444903 -0.112089 0.00516341 0.418262 -0.135696 0.0126409 0.412471 -0.158462 0.0162505 0.413344 -0.157226 0.0149422 0.439684 -0.148795 0.00920408 0.465099 -0.182404 0.0185028 0.447545 -0.183757 0.0187444 0.415825 -0.177466 0.0150177 0.481953 -0.177275 0.0164098 0.323345 -0.170814 0.0132713 0.291338 -0.181134 0.0170254 0.3541 -0.152338 -0.0555196 0.202981 -0.154906 -0.0722129 0.209343 -0.154215 -0.0356343 0.20959 -0.158098 -0.0131733 0.224423 -0.163601 0.00372714 0.256943 -0.127344 0.00339008 0.277028 -0.110094 -0.0102874 0.243555 -0.0980182 0.00136523 0.306375 -0.0673072 -0.0133512 0.280677 -0.102271 -0.0352546 0.233638 -0.0596696 -0.0375837 0.274377 -0.0419821 -0.0273128 0.330573 -0.029766 -0.0424124 0.327931 -0.0568253 -0.055269 0.27138 -0.0996706 -0.0542951 0.229923 -0.0260748 -0.0579343 0.326111 -0.0214521 -0.0466462 0.389032 -0.014745 -0.0587791 0.389124 -0.0316267 -0.0727588 0.327162 -0.0613267 -0.0713606 0.27426 -0.0195137 -0.0732608 0.388753 -0.023822 -0.0577574 0.452306 -0.0280058 -0.0738655 0.450864 -0.10223 -0.0729572 0.543324 -0.0978695 -0.0576254 0.548932 -0.154674 -0.0575752 0.575326 -0.15718 -0.0711675 0.566637 -0.0574408 -0.0738146 0.50331 -0.0532174 -0.0580785 0.506265 -0.0559103 -0.0408964 0.50429 -0.104495 -0.0381033 0.54029 -0.0273064 -0.0411036 0.450868 -0.0383279 -0.022499 0.447339 -0.0785189 -0.0203568 0.485008 -0.0376303 -0.0352352 0.387843 -0.075243 -0.0087422 0.386623 -0.0799683 -0.00644324 0.429482 -0.0803262 -0.00477973 0.343861 -0.10703 0.00679314 0.385971 -0.13308 0.0133305 0.385569 -0.157451 0.0161224 0.385228 -0.183135 0.017762 0.384827 -0.104519 -0.00474597 0.463478 -0.134815 -0.000386771 0.493577 -0.11828 -0.0176 0.522268 -0.168291 0.010326 0.523017 -0.157924 -0.0171887 0.56719 -0.155224 -0.0380241 0.57448 -0.102809 -0.0719724 0.234397 0.325249 0.0349077 0.30353 0.320701 0.0360472 0.319338 0.342968 0.0421982 0.313915 0.34285 0.0380164 0.29636 0.340889 0.0239725 0.279451 0.317475 0.0236648 0.296003 0.304005 0.0223653 0.320119 0.324648 0.0315652 0.385552 0.320086 0.0347186 0.365132 0.302971 0.0215871 0.379183 0.315752 0.0228779 0.404372 0.341009 0.0345019 0.386728 0.342356 0.0394251 0.35747 0.337788 0.0247547 0.422793 0.377109 0.033736 0.381312 0.381118 0.0368116 0.353266 0.363563 0.0394433 0.354384 0.360216 0.0358151 0.383189 0.358494 0.0289872 0.421341 0.376749 0.0303824 0.417973 0.392856 0.0382099 0.292141 0.394925 0.0284508 0.274758 0.367646 0.0279096 0.275796 0.368607 0.0398208 0.292026 0.368442 0.043527 0.310076 0.390169 0.0419247 0.308813 0.396164 -0.0712988 0.19943 0.360088 -0.0712485 0.204668 0.358288 -0.0554626 0.200368 0.396164 -0.0578889 0.19391 0.359436 -0.0399399 0.206285 0.396164 -0.042469 0.200983 0.362401 -0.0238503 0.21953 0.396164 -0.0258127 0.216026 0.366029 0.00244211 0.250222 0.396164 0.00421967 0.250759 0.336686 0.000595857 0.255752 0.328261 -0.0214895 0.236355 0.298698 -0.0252089 0.265089 0.307967 -0.000503044 0.27912 0.323201 -0.0389032 0.225643 0.293346 -0.0441337 0.258087 0.271928 -0.0500851 0.300601 0.277447 -0.0331391 0.305179 0.321379 -0.0546647 0.221267 0.291352 -0.0586318 0.254584 0.269802 -0.063186 0.297808 0.261263 -0.0624882 0.346835 0.263942 -0.0492922 0.348502 0.294507 -0.0726654 0.256064 0.273693 -0.0756154 0.297742 0.265045 -0.0755078 0.345545 0.271159 -0.0743337 0.39296 0.268226 -0.059992 0.394737 0.323333 -0.0745866 0.464193 0.36192 -0.0742085 0.482309 0.36016 -0.0605443 0.48906 0.320271 -0.0591511 0.468551 0.288885 -0.0585226 0.435622 0.291849 -0.0737943 0.433127 0.320978 -0.0398628 0.466856 0.290769 -0.0427352 0.434618 0.270651 -0.0459968 0.394616 0.295542 -0.0235318 0.431875 0.276512 -0.0275367 0.393887 0.2702 -0.0316228 0.350626 0.287233 -0.000398926 0.391526 0.281787 -0.00403685 0.353226 0.288065 -0.00499769 0.31321 0.296348 0.0198346 0.350545 0.317383 0.0356657 0.342216 0.342509 0.0417684 0.334727 0.36642 0.0426908 0.331082 0.385888 0.0405192 0.330031 0.304668 0.0047407 0.424647 0.332674 0.0090891 0.450274 0.324713 -0.0196036 0.462149 0.361939 -0.0194376 0.482739 0.36106 0.0139769 0.461177 0.360532 -0.0407468 0.488403 0.394417 -0.0433707 0.496802 0.391612 -0.0211429 0.489805 0.395771 -0.0628493 0.497403 0.395867 -0.0746905 0.489502 0.383837 0.0163114 0.461819 0.323577 -0.071211 0.224327 0.443655 0.0240793 0.303069 0.432031 0.0278127 0.296422 0.426467 0.0299421 0.312455 0.442349 0.0243995 0.316656 0.452296 0.0157006 0.297462 0.438244 0.0166258 0.282056 0.456567 0.0166251 0.317714 0.423744 0.0266536 0.375624 0.429904 0.0236975 0.392371 0.443558 0.0226049 0.367599 0.430666 0.0263697 0.356987 0.414207 0.0278733 0.353037 0.409989 0.0276321 0.379521 0.412593 0.0237167 0.413754 0.393218 0.030075 0.379962 0.397174 0.031517 0.352713 0.394313 0.0275505 0.416091 0.413957 0.0335116 0.292156 0.418225 0.0232639 0.277046 0.408773 0.0359006 0.309648 0.434041 -0.0613332 0.202617 0.432241 -0.0749978 0.20557 0.432893 -0.0475132 0.209813 0.429928 -0.0310419 0.223553 0.424589 -0.00138381 0.253756 0.44904 -0.00605681 0.261974 0.462879 -0.0314254 0.242597 0.466798 -0.00480878 0.284974 0.484418 -0.0302279 0.269245 0.469128 -0.0483388 0.230301 0.494751 -0.0474244 0.25956 0.493139 -0.0275839 0.303368 0.50464 -0.0454523 0.297797 0.499236 -0.0609932 0.254481 0.47095 -0.061792 0.223763 0.51112 -0.0603636 0.295122 0.498539 -0.0419094 0.3447 0.506844 -0.058515 0.344241 0.510147 -0.0749238 0.295752 0.497078 -0.0747996 0.255208 0.507897 -0.0739485 0.343833 0.493403 -0.058131 0.3934 0.496375 -0.0741297 0.392271 0.454861 -0.0755938 0.464193 0.454294 -0.0603487 0.468551 0.425722 -0.0609526 0.48906 0.425231 -0.0745653 0.482309 0.478163 -0.075133 0.433101 0.475803 -0.0595832 0.435397 0.467847 -0.0425498 0.433863 0.448038 -0.0412325 0.466849 0.484862 -0.0415473 0.392295 0.472314 -0.0188016 0.390043 0.456623 -0.0206205 0.430111 0.485915 -0.0199376 0.345609 0.4695 0.00689688 0.346932 0.457559 0.00957516 0.382379 0.474425 -0.000871929 0.3138 0.455518 0.0193885 0.342703 0.438358 0.0249028 0.336507 0.420284 0.0287843 0.331901 0.402946 0.0343202 0.330183 0.441775 0.00802908 0.417065 0.424069 0.00779585 0.445524 0.438787 -0.0202098 0.461842 0.404446 0.0121583 0.458665 0.415805 -0.0199916 0.482739 0.421916 -0.0412377 0.488403 0.468751 -0.0759941 0.224971 0.185926 0.0600221 -0.761666 0.181161 0.0631993 -0.734194 0.214571 0.0716818 -0.734416 0.213857 0.0608168 -0.7688 0.207193 0.0435966 -0.799427 0.171774 0.0446568 -0.777384 0.155317 0.0439114 -0.741003 0.187619 0.062651 -0.634562 0.182288 0.0651903 -0.661345 0.156278 0.0435987 -0.657594 0.173712 0.0440484 -0.622286 0.21587 0.0683326 -0.626292 0.216127 0.0775228 -0.65945 0.208025 0.047152 -0.598548 0.306796 0.0642211 -0.623896 0.305551 0.074238 -0.661384 0.258713 0.0799379 -0.658625 0.258588 0.0695869 -0.621799 0.255417 0.0481218 -0.587802 0.307435 0.0439211 -0.588383 0.301997 0.0507429 -0.775887 0.303008 0.0337503 -0.81247 0.252936 0.0388607 -0.810132 0.255169 0.0567249 -0.773899 0.256323 0.0707203 -0.736178 0.30244 0.0647305 -0.738202 0.308241 -0.0703725 -0.90268 0.241131 -0.0722125 -0.894677 0.237783 -0.0555192 -0.901481 0.308241 -0.0550606 -0.912093 0.239918 -0.036032 -0.896601 0.307988 -0.034314 -0.903123 0.245045 -0.01006 -0.878558 0.306893 -0.00997828 -0.878962 0.249665 0.0169318 -0.845491 0.305007 0.0137634 -0.847419 0.196537 0.0202115 -0.83049 0.181927 -0.0096041 -0.85978 0.133875 -0.0111341 -0.814101 0.15172 0.0197531 -0.798568 0.172514 -0.0352543 -0.868696 0.120818 -0.0365907 -0.822998 0.0986398 -0.0357144 -0.763101 0.111377 -0.0111077 -0.758336 0.169124 -0.0542948 -0.872668 0.113269 -0.0552687 -0.828331 0.0903779 -0.0553576 -0.765966 0.0807474 -0.0555735 -0.70269 0.0908133 -0.0357083 -0.702321 0.119137 -0.0713603 -0.825252 0.0804189 -0.0727585 -0.768676 0.064332 -0.0729143 -0.702753 0.0756985 -0.0738652 -0.636383 0.0903658 -0.0562131 -0.64029 0.172461 -0.0729569 -0.537502 0.244095 -0.0711672 -0.512569 0.240828 -0.0575749 -0.503277 0.166775 -0.0576251 -0.531504 0.118819 -0.057043 -0.58229 0.114071 -0.0738143 -0.580294 0.168109 -0.0385064 -0.533847 0.124852 -0.0376824 -0.585483 0.0996212 -0.0363649 -0.642507 0.135802 -0.0140019 -0.592113 0.112135 -0.0122516 -0.64575 0.1039 -0.0114573 -0.701605 0.131445 0.0161769 -0.651357 0.123176 0.0166826 -0.700544 0.129957 0.0176812 -0.750867 0.150393 0.0437363 -0.699053 0.179617 0.0652811 -0.69762 0.214968 0.0778805 -0.696758 0.257536 0.07949 -0.697292 0.303894 0.0736511 -0.699805 0.155028 0.0161269 -0.606829 0.194837 0.0172011 -0.571382 0.17509 -0.0177325 -0.540737 0.243424 -0.0120059 -0.52976 0.249901 0.0190352 -0.556609 0.24055 -0.0370407 -0.513184 0.307713 -0.0363648 -0.512367 0.307445 -0.0116742 -0.529562 0.308034 -0.0561039 -0.504675 0.308241 -0.0711606 -0.50267 0.30756 0.0168602 -0.556076 0.173214 -0.0719721 -0.867884 0.421029 0.035707 -0.765129 0.392092 0.0402344 -0.770784 0.39259 0.0474225 -0.741631 0.428279 0.036613 -0.743173 0.435416 0.0249938 -0.777202 0.39972 0.0275921 -0.796189 0.455853 0.0219201 -0.748505 0.425164 0.0283605 -0.657483 0.439305 0.0138386 -0.645069 0.457989 0.0132884 -0.677785 0.430803 0.0315315 -0.681699 0.395622 0.0475831 -0.676184 0.397023 0.0391959 -0.645661 0.40476 0.0225492 -0.619197 0.354807 0.0529645 -0.632648 0.352554 0.0625657 -0.667934 0.358852 0.0343667 -0.59944 0.349482 0.0451035 -0.774826 0.353513 0.0300382 -0.807827 0.349226 0.0566106 -0.740144 0.377092 -0.0548331 -0.896723 0.375351 -0.0722125 -0.894677 0.373483 -0.0339029 -0.885931 0.367393 -0.0105838 -0.865829 0.360141 0.0115425 -0.838827 0.411261 0.0100506 -0.820053 0.423411 -0.0113909 -0.840601 0.452972 0.00762089 -0.791435 0.469745 -0.0135785 -0.804196 0.433554 -0.0338528 -0.855653 0.482997 -0.0352529 -0.813773 0.500883 -0.0177738 -0.758914 0.516476 -0.0381657 -0.762367 0.491254 -0.0545765 -0.819935 0.439935 -0.0541057 -0.864285 0.526451 -0.0562739 -0.765043 0.528595 -0.0416593 -0.705786 0.539527 -0.0580029 -0.703885 0.536063 -0.0727585 -0.768676 0.497345 -0.0713603 -0.825252 0.55215 -0.0729143 -0.702753 0.527357 -0.0598206 -0.643508 0.540783 -0.0747399 -0.636988 0.444021 -0.0729569 -0.537502 0.43804 -0.0578181 -0.547396 0.373865 -0.0560817 -0.51889 0.372387 -0.0711672 -0.512569 0.502411 -0.0751273 -0.581203 0.4916 -0.0598166 -0.590116 0.483265 -0.0441331 -0.598659 0.432962 -0.0409698 -0.556657 0.516887 -0.0444099 -0.64966 0.501872 -0.0268882 -0.658392 0.471396 -0.0262889 -0.611488 0.512251 -0.0230563 -0.708828 0.49017 -0.00274383 -0.712058 0.481785 -0.00703013 -0.668776 0.480154 0.00316537 -0.754245 0.463515 0.0172289 -0.713821 0.432368 0.0349557 -0.712914 0.394593 0.0500735 -0.709213 0.350735 0.0632139 -0.704194 0.455973 -0.00609627 -0.628122 0.415062 0.000900481 -0.593886 0.425144 -0.0212924 -0.572069 0.363881 0.0100493 -0.568977 0.368765 -0.0152862 -0.543885 0.372413 -0.0376613 -0.52722 0.443268 -0.0719721 -0.867884 -0.683043 0.0199378 -0.129836 -0.704337 0.0256856 -0.114825 -0.648442 0.0409297 -0.110698 -0.633989 0.0263906 -0.129209 -0.636495 0.00631105 -0.162325 -0.70184 0.00497436 -0.147372 -0.74749 0.00621212 -0.127853 -0.701943 0.021413 -0.0196597 -0.712767 0.0266094 -0.0483131 -0.753402 0.00608 -0.0438854 -0.72309 0.00583686 -0.0049785 -0.659991 0.0290045 -0.00794224 -0.658961 0.0422698 -0.0464549 -0.668603 0.00677249 0.0264525 -0.53196 0.0412038 -0.000412426 -0.531425 0.054833 -0.0436621 -0.596433 0.0525574 -0.0430263 -0.598545 0.0382136 -0.00219709 -0.603259 0.0154262 0.035886 -0.532143 0.0195591 0.0388107 -0.50332 0.0383718 -0.125837 -0.513157 0.0151623 -0.176543 -0.573189 0.0127348 -0.16781 -0.565056 0.0331409 -0.123113 -0.581755 0.0500313 -0.106234 -0.512272 0.0514444 -0.101071 -0.533165 -0.0775695 -0.276361 -0.617937 -0.0772038 -0.275497 -0.622198 -0.0659815 -0.282129 -0.533201 -0.0673588 -0.285143 -0.619484 -0.0529207 -0.277356 -0.533183 -0.0535654 -0.280234 -0.611385 -0.0363111 -0.265357 -0.533032 -0.036149 -0.268838 -0.591318 -0.0116558 -0.216155 -0.523502 -0.0103414 -0.22244 -0.656867 -0.0153016 -0.205297 -0.688087 -0.0364409 -0.235959 -0.761569 -0.0380118 -0.200504 -0.731396 -0.0169339 -0.177539 -0.70483 -0.0523004 -0.250852 -0.776254 -0.0537082 -0.209629 -0.827104 -0.0562755 -0.154335 -0.814001 -0.0416991 -0.150599 -0.709699 -0.0649236 -0.255399 -0.780987 -0.0655772 -0.212714 -0.832151 -0.067366 -0.156363 -0.852423 -0.0670585 -0.0912845 -0.846064 -0.0559631 -0.0907043 -0.773497 -0.0763766 -0.209749 -0.822913 -0.077315 -0.155281 -0.843445 -0.0774196 -0.0918136 -0.828938 -0.0780577 -0.0279163 -0.835899 -0.0672472 -0.0264317 -0.70544 -0.0774482 0.0672807 -0.614013 -0.0762471 0.0912845 -0.618182 -0.067125 0.10023 -0.712696 -0.0671587 0.0730548 -0.78699 -0.0674627 0.0291248 -0.779963 -0.0780236 0.0260825 -0.710993 -0.0543277 0.0707999 -0.782509 -0.0559315 0.0270917 -0.830145 -0.0560441 -0.027906 -0.771165 -0.0412713 0.0221209 -0.816228 -0.0408384 -0.030918 -0.831206 -0.040887 -0.0902314 -0.790772 -0.0186466 -0.0364037 -0.803696 -0.0183416 -0.0897187 -0.788762 -0.0184773 -0.143116 -0.769127 0.00388092 -0.0881525 -0.719184 0.027941 -0.0850907 -0.659525 0.046498 -0.084166 -0.59508 0.0572421 -0.082026 -0.524532 0.0581633 -0.0757296 -0.749458 -0.0182269 0.011689 -0.683092 -0.0174682 0.0501481 -0.702084 -0.0403859 0.0641659 -0.612775 -0.0400207 0.0918542 -0.607549 -0.0134242 0.0693148 -0.617267 -0.0540038 0.0993591 -0.532143 -0.0554113 0.110488 -0.532143 -0.0408225 0.101216 -0.532143 -0.0683321 0.111285 -0.532143 -0.0762427 0.100815 -0.532143 -0.0101071 0.0740882 -0.704478 -0.0767872 -0.250793 -0.358115 0.0231366 -0.146037 -0.390589 0.0285502 -0.143726 -0.38875 0.0316174 -0.116803 -0.348556 0.0231163 -0.125248 -0.344188 0.00954542 -0.168747 -0.394849 0.0122203 -0.190294 -0.313265 0.00704009 -0.132663 -0.355669 0.00676694 -0.0377347 -0.337018 -0.0033293 -0.0162906 -0.306557 -0.00341464 -0.055603 -0.344214 0.0105781 -0.0680976 -0.39732 0.0247047 -0.0681322 -0.398106 0.0154227 -0.0247038 -0.393691 0.00240264 0.0210596 -0.462294 0.0306504 -0.011531 -0.462916 0.0417228 -0.0563975 -0.460574 0.0144348 0.0346625 -0.44268 0.0347006 -0.13609 -0.452175 0.0193248 -0.188756 -0.44287 0.0399143 -0.106071 -0.443388 -0.0678709 -0.274054 -0.447617 -0.0789961 -0.267837 -0.446093 -0.0547584 -0.269501 -0.452982 -0.0375969 -0.259976 -0.455495 -0.00943857 -0.225853 -0.390983 -0.0106766 -0.226871 -0.371105 -0.0352527 -0.241615 -0.322745 -0.0140274 -0.191073 -0.300738 -0.0374453 -0.203142 -0.359112 -0.0525067 -0.250029 -0.288031 -0.0537082 -0.209629 -0.250284 -0.0416991 -0.150599 -0.237181 -0.0562755 -0.154335 -0.283298 -0.0655772 -0.212714 -0.354782 -0.0652791 -0.253879 -0.232134 -0.067366 -0.156363 -0.218221 -0.0559631 -0.0907043 -0.211862 -0.0670585 -0.0912844 -0.241372 -0.077315 -0.155281 -0.290788 -0.0763766 -0.209749 -0.22084 -0.0774196 -0.0918135 -0.228386 -0.0672472 -0.0264317 -0.235347 -0.0780577 -0.0279163 -0.358845 -0.0774482 0.0672807 -0.351589 -0.0671587 0.0730548 -0.446103 -0.067125 0.10023 -0.450272 -0.0762471 0.0912845 -0.284322 -0.0780236 0.0260825 -0.277295 -0.0674627 0.0291248 -0.281776 -0.0559315 0.0270917 -0.353292 -0.0543277 0.0707999 -0.23414 -0.0560441 -0.027906 -0.248057 -0.0408384 -0.030918 -0.29312 -0.0412713 0.0221209 -0.233079 -0.040887 -0.0902314 -0.260562 -0.0184006 -0.0897916 -0.272667 -0.0205039 -0.0386957 -0.275493 -0.0184689 -0.143155 -0.29335 -8.64478e-05 -0.0930487 -0.339936 0.0166067 -0.0990785 -0.3941 0.0309327 -0.0965192 -0.454494 0.0447187 -0.0843726 -0.314017 -0.020003 0.00949717 -0.381193 -0.0174683 0.0501481 -0.362201 -0.0403859 0.0641659 -0.456736 -0.0134242 0.0693148 -0.45151 -0.0400207 0.0918542 -0.447018 -0.0540038 0.0993591 -0.36 -0.0771373 -0.249297 -0.381675 0.0709886 -0.815812 -0.394279 0.0685612 -0.769101 -0.335897 0.0753293 -0.778176 -0.334254 0.0736216 -0.833955 -0.338015 0.0573481 -0.885215 -0.398866 0.0553895 -0.839089 -0.435413 0.0421416 -0.776173 -0.368564 0.0606298 -0.609147 -0.386449 0.0651316 -0.651901 -0.426168 0.0402467 -0.638748 -0.384432 0.0432015 -0.582375 -0.322795 0.0613866 -0.600725 -0.329649 0.0700974 -0.658889 -0.324011 0.0380857 -0.562811 -0.214821 0.0595578 -0.597893 -0.220008 0.0690672 -0.664562 -0.273347 0.0714136 -0.662381 -0.268045 0.0605343 -0.597845 -0.266289 0.0357233 -0.555964 -0.210778 0.0363693 -0.543892 -0.220357 0.070635 -0.851495 -0.213861 0.0626845 -0.908595 -0.275085 0.0611533 -0.899404 -0.276914 0.0724912 -0.845742 -0.277997 0.0773384 -0.78665 -0.222931 0.0744909 -0.791045 -0.206889 -0.0745099 -0.981842 -0.275423 -0.0749479 -0.962635 -0.276792 -0.0577859 -0.970186 -0.206231 -0.058423 -0.994787 -0.276369 -0.0387905 -0.963007 -0.206766 -0.038584 -0.98651 -0.273858 -0.0148078 -0.95128 -0.207984 -0.0146548 -0.970632 -0.272595 0.0266638 -0.930745 -0.210713 0.0299133 -0.943198 -0.339987 0.0248209 -0.919058 -0.352922 -0.00943947 -0.936679 -0.433786 -0.0107725 -0.888083 -0.417204 0.0252863 -0.869382 -0.359523 -0.0349056 -0.948696 -0.441731 -0.0360103 -0.898393 -0.502864 -0.0448498 -0.810574 -0.493554 -0.0254688 -0.804449 -0.361119 -0.0542167 -0.955168 -0.443852 -0.0539527 -0.903289 -0.505807 -0.0601337 -0.813881 -0.523141 -0.057346 -0.710573 -0.518979 -0.0431886 -0.709549 -0.439403 -0.070207 -0.898587 -0.49955 -0.074439 -0.812193 -0.517267 -0.0716042 -0.711478 -0.486614 -0.0727032 -0.612001 -0.490876 -0.0573466 -0.609782 -0.337588 -0.0705685 -0.517293 -0.257478 -0.0765638 -0.492533 -0.25856 -0.0630538 -0.480357 -0.340296 -0.0555704 -0.512509 -0.424011 -0.0565353 -0.522299 -0.420475 -0.071836 -0.526713 -0.340209 -0.0380765 -0.517505 -0.421977 -0.0400265 -0.525857 -0.487743 -0.0419852 -0.612169 -0.415847 -0.0193387 -0.534147 -0.478646 -0.0217806 -0.616845 -0.508005 -0.0246424 -0.708614 -0.459053 0.00796028 -0.625082 -0.484377 0.00387716 -0.707481 -0.472151 0.00562107 -0.792249 -0.450895 0.0350988 -0.705271 -0.399733 0.065647 -0.707246 -0.335702 0.0727005 -0.71832 -0.27711 0.0768477 -0.725305 -0.222715 0.0739307 -0.728882 -0.402306 0.0123426 -0.552266 -0.326784 0.00874839 -0.537433 -0.33643 -0.019954 -0.526444 -0.256575 -0.0268435 -0.499111 -0.263258 0.00650765 -0.521755 -0.258175 -0.0451073 -0.485214 -0.202717 -0.0477474 -0.43568 -0.20299 -0.0296421 -0.455747 -0.202597 -0.0651927 -0.430994 -0.202668 -0.0779687 -0.449265 -0.203759 0.00785021 -0.495479 -0.35898 -0.0721109 -0.949711 -0.103561 0.0542657 -0.826299 -0.130451 0.0602726 -0.841176 -0.132121 0.0628775 -0.787131 -0.09834 0.0529642 -0.783305 -0.0874653 0.0423995 -0.851218 -0.122109 0.0481162 -0.895984 -0.0693066 0.036797 -0.791096 -0.102117 0.0460363 -0.621693 -0.0852342 0.0325697 -0.592246 -0.0662831 0.0340935 -0.653164 -0.0974099 0.0486249 -0.667072 -0.131303 0.0577756 -0.667851 -0.128786 0.0500858 -0.608085 -0.119279 0.0319397 -0.543615 -0.167967 0.0557494 -0.6009 -0.172244 0.0645663 -0.666362 -0.160255 0.0393512 -0.531481 -0.170503 0.0666295 -0.849636 -0.162251 0.0584583 -0.908576 -0.173708 0.0698733 -0.790861 -0.148329 -0.0579878 -1 -0.150832 -0.075423 -0.990352 -0.150195 -0.0393477 -0.992457 -0.154669 -0.0159838 -0.977836 -0.159579 0.0247259 -0.949469 -0.115216 0.0186649 -0.935964 -0.102395 -0.0137199 -0.955933 -0.0727829 0.0137705 -0.878458 -0.0586174 -0.0162337 -0.893319 -0.094678 -0.0373481 -0.967465 -0.0504672 -0.0380441 -0.90146 -0.0272372 -0.0204445 -0.810147 -0.0188599 -0.0395018 -0.814022 -0.0474093 -0.0546301 -0.905367 -0.0918452 -0.0554974 -0.972788 -0.0156087 -0.0547325 -0.816223 -0.00713444 -0.0382735 -0.713799 -0.00305236 -0.053118 -0.713574 -0.021357 -0.0696305 -0.814498 -0.0520652 -0.0707921 -0.900622 -0.00863308 -0.0684563 -0.714346 -0.0134116 -0.054413 -0.611406 -0.0177191 -0.0701807 -0.61353 -0.0947637 -0.0730661 -0.464209 -0.0902398 -0.0575135 -0.45498 -0.149103 -0.0616171 -0.420312 -0.151743 -0.0761137 -0.43539 -0.0482909 -0.0713528 -0.528718 -0.0439356 -0.0558642 -0.52406 -0.0468655 -0.0406068 -0.52859 -0.0914439 -0.0404611 -0.459889 -0.0171266 -0.0395365 -0.614977 -0.026047 -0.0204004 -0.622142 -0.0541859 -0.022297 -0.538871 -0.0166272 -0.0191414 -0.715309 -0.0342188 0.00806091 -0.718831 -0.0423661 0.00620177 -0.635226 -0.0433894 0.00861768 -0.802603 -0.0611865 0.0330906 -0.722039 -0.0953129 0.0504486 -0.725574 -0.131785 0.0614892 -0.728429 -0.173974 0.0690016 -0.72976 -0.0681984 0.00520858 -0.56005 -0.109605 0.00358205 -0.499981 -0.0972501 -0.023432 -0.472822 -0.156751 0.00471568 -0.477527 -0.152852 -0.0269541 -0.439995 -0.149803 -0.0440317 -0.424096 -0.0950123 -0.0735308 -0.96566 0.0466854 -0.00710791 0.572594 0.0370361 -0.00527288 0.595001 0.0725366 0.00315038 0.591459 0.0745222 -0.00205282 0.564505 0.0713571 -0.00913728 0.541421 0.0357226 -0.0123648 0.558098 0.00958076 -0.0118055 0.586226 0.053331 0.00320142 0.670278 0.0421856 0.00646199 0.647962 0.0144362 -0.00639691 0.654706 0.0411239 -0.007896 0.684478 0.0807886 0.00950797 0.679618 0.0767528 0.0182046 0.648966 0.0787696 -0.00664978 0.711043 0.153883 0.0224579 0.689981 0.153883 0.0289429 0.647526 0.113049 0.0282326 0.650136 0.115884 0.0191865 0.687293 0.115921 0.000997487 0.721058 0.153883 0.00394027 0.722486 0.153883 0.00490016 0.551756 0.153883 -0.00357795 0.530227 0.111848 -0.00508565 0.5329 0.112468 0.00299579 0.555545 0.111966 0.00944372 0.581676 0.153883 0.0113906 0.577326 0.153883 -0.0676868 0.469829 0.108073 -0.0686455 0.467575 0.105928 -0.06 0.464805 0.153883 -0.0597694 0.46356 0.105973 -0.0496955 0.475049 0.153883 -0.0489945 0.473648 0.107782 -0.03532 0.490986 0.153883 -0.0342718 0.490121 0.110189 -0.0184841 0.511292 0.153883 -0.0175688 0.50969 0.0657838 -0.0220408 0.517841 0.0590453 -0.0382978 0.497458 0.0100613 -0.0385543 0.522948 0.0228318 -0.0231639 0.538447 0.0536515 -0.0520968 0.484329 0.00343695 -0.0518088 0.516553 -0.0326009 -0.0549676 0.56425 -0.026169 -0.0430755 0.567271 0.0509934 -0.0623363 0.477518 0.00163048 -0.0612901 0.513948 -0.0346876 -0.0638551 0.56264 -0.0489084 -0.0624721 0.61771 -0.0460018 -0.0536593 0.618043 0.00572207 -0.0700627 0.516263 -0.0294452 -0.0718178 0.563551 -0.0437942 -0.0709201 0.617246 -0.0315228 -0.072183 0.672792 -0.0355365 -0.0636169 0.67371 0.0608627 -0.0706862 0.750224 0.111113 -0.0709108 0.76371 0.108942 -0.0635825 0.77043 0.0573167 -0.0625448 0.754585 0.0042723 -0.0620879 0.719577 0.00802103 -0.0703915 0.717376 0.0580413 -0.0525584 0.752441 0.00635029 -0.0529713 0.717889 -0.0329122 -0.0546182 0.672698 0.012288 -0.0415209 0.713419 -0.02579 -0.0421532 0.67063 -0.0384307 -0.0415108 0.618167 -0.0106319 -0.0245094 0.66498 -0.0231999 -0.022777 0.618593 -0.0126405 -0.0242096 0.573685 -0.0014226 -0.00715312 0.619522 0.0331589 0.000727053 0.62252 0.0722941 0.0112745 0.623476 0.111819 0.0184328 0.612521 0.153883 0.0199483 0.607493 0.0252088 -0.0246128 0.702166 0.0718659 -0.0242578 0.734089 0.0623981 -0.0418033 0.746713 0.111779 -0.042558 0.759956 0.114476 -0.0219699 0.74333 0.109429 -0.0533386 0.76792 0.153883 -0.0544511 0.770188 0.153883 -0.0432576 0.760108 0.153883 -0.0645544 0.773076 0.153883 -0.0710195 0.764832 0.153883 -0.0196224 0.74082 0.052788 -0.0716389 0.479483 0.26108 -0.00710791 0.572594 0.233243 -0.00205282 0.564505 0.235229 0.00315038 0.591459 0.270729 -0.00527288 0.595001 0.272043 -0.0123648 0.558098 0.236408 -0.00913731 0.541421 0.298185 -0.0118055 0.586226 0.254434 0.00320142 0.670278 0.266642 -0.007896 0.684478 0.293329 -0.00639691 0.654706 0.26558 0.00646199 0.647962 0.231013 0.0182046 0.648966 0.226977 0.00950797 0.679618 0.228996 -0.00664978 0.711043 0.191881 0.0191865 0.687293 0.194716 0.0282326 0.650136 0.191844 0.000997487 0.721058 0.195297 0.00299583 0.555545 0.195918 -0.00508565 0.5329 0.1958 0.00944372 0.581676 0.201838 -0.06 0.464805 0.199692 -0.0686455 0.467575 0.201792 -0.0496956 0.475049 0.199984 -0.03532 0.490986 0.197576 -0.0184841 0.511292 0.241982 -0.0220408 0.517841 0.24872 -0.0382979 0.497458 0.284934 -0.0231639 0.538447 0.297704 -0.0385543 0.522948 0.254114 -0.0520968 0.484329 0.304329 -0.0518088 0.516553 0.333934 -0.0430755 0.567271 0.340366 -0.0549676 0.56425 0.306135 -0.0612901 0.513948 0.256772 -0.0623363 0.477518 0.342453 -0.0638551 0.56264 0.353767 -0.0536593 0.618043 0.356674 -0.0624721 0.61771 0.337211 -0.0718178 0.563551 0.302043 -0.0700627 0.516263 0.35156 -0.0709201 0.617246 0.343302 -0.0636169 0.67371 0.339288 -0.072183 0.672792 0.246903 -0.0706862 0.750224 0.250449 -0.0625448 0.754585 0.198824 -0.0635825 0.77043 0.196652 -0.0709108 0.76371 0.299744 -0.0703915 0.717376 0.303493 -0.0620879 0.719577 0.301415 -0.0529713 0.717889 0.249724 -0.0525584 0.752441 0.340678 -0.0546182 0.672698 0.333555 -0.0421532 0.67063 0.295477 -0.0415209 0.713419 0.346196 -0.0415108 0.618167 0.330965 -0.022777 0.618593 0.318397 -0.0245094 0.66498 0.320406 -0.0242096 0.573685 0.309188 -0.00715312 0.619522 0.274607 0.000727053 0.62252 0.235471 0.0112745 0.623476 0.195946 0.0184328 0.612521 0.282557 -0.0246128 0.702166 0.2359 -0.0242578 0.734089 0.245367 -0.0418033 0.746713 0.193289 -0.0219699 0.74333 0.195987 -0.042558 0.759956 0.198337 -0.0533386 0.76792 0.254977 -0.0716389 0.479483 </float_array>
          <technique_common>
            <accessor count="1550" offset="0" source="#meshId0-positions-array" stride="3">
              <param name="X" type="float" />
              <param name="Y" type="float" />
              <param name="Z" type="float" />
            </accessor>
          </technique_common>
        </source>
        <source id="meshId0-normals" name="meshId0-normals">
          <float_array id="meshId0-normals-array" count="4650"> -0.323346 0.924291 -0.202815 -0.359149 0.915105 -0.183287 -0.223163 0.963046 -0.150802 -0.195937 0.960966 -0.195328 -0.18922 0.964522 -0.184098 -0.386413 0.904179 -0.182059 -0.457501 0.863997 -0.210244 -0.17139 0.978896 0.1113 -0.264526 0.963315 -0.0452873 -0.393721 0.916693 -0.0682488 -0.244533 0.957337 0.153978 -0.07187 0.977181 0.199882 -0.126732 0.990017 0.0616874 -0.111454 0.95486 0.275356 0.0275687 0.974498 0.222696 0.0180012 0.990342 0.137476 -0.0474873 0.991712 0.11938 -0.0252349 0.975084 0.220398 -0.0412114 0.96112 0.273039 0.0287697 0.964459 0.262663 -0.0127283 0.966946 -0.254664 -0.00956479 0.951595 -0.307206 -0.0582991 0.957968 -0.280889 -0.0887182 0.967423 -0.237111 -0.10328 0.984132 -0.144283 -0.00930733 0.989622 -0.143392 3.71432e-06 -0.684384 -0.729122 -0.260094 -0.556659 -0.788975 -0.348945 -0.0904625 -0.932767 -8.50067e-09 -0.175075 -0.984555 -0.291069 0.592644 -0.751034 -2.68917e-06 0.528721 -0.848796 -0.18665 0.903583 -0.385615 -0.00198893 0.929893 -0.367824 -0.00578185 0.955944 -0.293494 -0.00319303 0.969884 -0.243547 -0.255631 0.939042 -0.229897 -0.454288 0.834081 -0.31294 -0.671925 0.722459 -0.163005 -0.516098 0.845002 -0.140051 -0.610609 0.66398 -0.431609 -0.810263 0.566275 -0.151019 -0.805107 0.522001 -0.281634 -0.722504 0.647355 -0.242734 -0.778731 0.0303778 -0.626623 -0.962674 0.143807 -0.229298 -0.933586 0.13384 -0.332421 -0.914684 0.115148 -0.387421 -0.731407 0.594116 -0.334767 -0.911574 -0.334771 -0.238666 -0.872315 -0.375268 -0.313433 -0.855826 -0.373437 -0.357921 -0.929236 -0.369257 -0.0129933 -0.997619 0.0660263 -0.0199148 -0.419728 -0.601743 0.67951 -0.19418 -0.735858 0.648696 -0.302907 -0.368871 0.878738 -0.546974 -0.2179 0.808294 -0.820984 -0.0900379 0.563807 -0.71209 -0.472717 0.519102 -0.531381 0.402723 0.745284 -0.758144 0.440085 0.481188 -0.83205 0.552048 -0.0541874 -0.614948 0.697137 0.368563 -0.630344 0.772475 -0.0771302 -0.651468 0.697541 -0.298373 -0.490294 0.865502 -0.102557 -0.559385 0.792845 -0.241836 -0.565741 0.79631 -0.214072 -0.456836 0.867954 -0.194825 -0.334184 0.931687 -0.142411 -0.196125 0.978387 -0.0655276 -0.0857896 0.99619 -0.0157004 0.00271774 0.999993 0.00273334 -0.396732 0.887717 0.233585 -0.164581 0.92025 0.355038 -0.354939 0.79756 0.487766 -0.174629 0.843876 0.507325 -0.0766312 0.941507 0.328164 -0.31417 0.333818 0.888742 -4.85617e-08 0.363009 0.931785 -1.56415e-06 0.865641 0.500665 1.8937e-05 -0.443118 0.896463 -2.56874e-06 -0.815445 0.578835 0.0250335 0.947749 0.318033 -0.684145 -0.429901 -0.589178 0.173946 0.971789 -0.159274 0.113808 0.973562 -0.198052 0.152038 0.97965 -0.131039 0.227351 0.964714 -0.132809 0.162755 0.979091 -0.122028 0.082648 0.977395 -0.194599 0.276779 0.949321 -0.14894 0.203612 0.963333 0.174731 0.27005 0.932879 0.238348 0.256055 0.963618 0.0766582 0.211936 0.976317 0.0434533 0.135013 0.986152 0.0963123 0.126886 0.96872 0.213266 0.175989 0.946724 0.269708 0.0812892 0.971716 0.221722 0.0781726 0.988379 0.130368 0.102744 0.959359 0.262819 0.0498875 0.968545 -0.243785 0.0250589 0.954498 -0.297162 0.0721993 0.987581 -0.139537 0.324194 -0.0901159 -0.941689 0.243269 -0.556022 -0.79477 0.265435 0.578597 -0.771213 0.136199 0.903051 -0.407368 -0.0333844 0.95181 -0.304866 0.0664232 0.947304 -0.313374 0.342945 0.780877 -0.522131 0.314796 0.930476 -0.187396 0.557738 0.716745 -0.418575 0.501724 0.502479 -0.704122 0.698216 0.479102 -0.531935 0.593981 0.774733 -0.216738 0.837275 0.441155 -0.323038 0.788611 -0.0600418 -0.611954 0.579994 -0.041361 -0.81357 0.922651 -0.122988 -0.365497 0.877693 0.479128 -0.00961056 0.996281 -0.0836134 -0.0207886 0.787659 -0.527127 -0.318951 0.693586 -0.476253 -0.540482 0.864556 -0.501227 -0.0362688 0.944781 0.0280365 0.326499 0.876002 -0.380213 0.296747 0.46444 -0.594014 0.656843 0.607303 -0.165741 0.776989 0.322437 -0.368172 0.872057 0.207284 -0.73572 0.644786 0.726671 -0.42978 0.535947 0.822589 0.00196983 0.568634 0.712197 0.5291 0.461334 0.57039 0.480897 0.665878 0.804001 0.526049 0.277227 0.720948 0.646667 0.249109 0.535677 0.774633 0.336146 0.762583 0.646867 -0.00553785 0.433338 0.894995 -0.10584 0.441445 0.87369 0.204431 0.36399 0.917419 -0.160791 0.237864 0.968748 -0.0703477 0.218712 0.973751 -0.0630442 0.153546 0.987737 -0.0282834 0.0806 0.996743 -0.00248186 0.331075 0.889703 0.314354 0.220979 0.931622 0.288528 0.357053 0.853416 0.379728 0.13016 0.947668 0.291521 0.187572 0.871508 0.45309 0.345159 0.334064 0.877078 0.508786 -0.451157 -0.733208 -0.258611 0.954765 -0.146781 -0.298517 0.949473 -0.0968897 -0.192728 0.974964 -0.110911 -0.178555 0.970894 -0.159636 -0.225902 0.952831 -0.202686 -0.344451 0.920352 -0.185218 -0.405058 0.907704 -0.109557 -0.397413 0.917618 -0.00629038 -0.363769 0.930274 -0.0475535 -0.486013 0.873718 -0.0202105 -0.561222 0.824915 0.0674183 -0.284068 0.958769 -0.0081641 -0.232969 0.970684 -0.0591351 -0.447685 0.878162 0.168551 -0.0711623 0.995815 0.0573411 -0.0827646 0.995338 -0.0495166 -0.137603 0.988134 -0.0682363 -0.148965 0.988747 -0.0137458 -0.16466 0.95075 0.262605 0.15317 0.933428 0.324423 -0.106996 0.984531 -0.138748 -0.139185 0.975744 -0.168971 -0.179397 0.963777 -0.197358 -0.142683 0.977577 -0.15487 -0.135143 0.984179 -0.114576 -0.0945171 0.98979 -0.106688 0.173494 -0.671756 -0.720169 -0.26833 -0.523586 -0.808614 -0.3655 0.171437 -0.914887 0.22333 -0.130349 -0.965988 -0.259775 0.831724 -0.490665 0.10337 0.691288 -0.715147 -0.234181 0.921752 -0.309083 -0.0705395 0.922467 -0.379578 -0.232155 0.941384 -0.244744 -0.244452 0.939326 -0.240644 -0.26941 0.936965 -0.22252 -0.308873 0.913631 -0.26434 -0.501864 0.836324 -0.220668 -0.389493 0.899514 -0.197915 -0.456079 0.811693 -0.364892 -0.63052 0.725595 -0.275603 -0.616722 0.768348 -0.171158 -0.550152 0.823022 -0.141306 -0.738259 0.266712 -0.619547 -0.615886 0.733532 -0.287427 -0.682229 0.705546 -0.191749 -0.792361 0.606459 -0.0661154 -0.676817 0.732362 -0.0746031 -0.536864 0.779743 -0.322147 -0.686231 0.705694 -0.176304 -0.862311 0.506234 -0.0121005 -0.891195 -0.400193 0.213582 -0.983832 -0.00829082 0.178903 -0.493588 -0.667413 0.557611 -0.25611 -0.799932 0.542694 -0.416809 -0.440823 0.79495 -0.671235 -0.251833 0.697154 -0.871502 -0.0909474 0.481885 -0.750097 -0.501547 0.43105 -0.632213 0.478555 0.609337 -0.751715 0.529469 0.393175 -0.8159 0.565309 0.121382 -0.584782 0.761151 0.280497 -0.538918 0.839874 0.0646477 -0.565031 0.821123 -0.0806036 -0.474946 0.879261 0.036415 -0.506267 0.861101 -0.046892 -0.487287 0.86405 -0.126369 -0.446527 0.892831 -0.0588793 -0.330532 0.941228 -0.0695555 -0.214776 0.973391 -0.0798876 -0.137902 0.986893 -0.0838162 -0.0891188 0.993096 -0.0762792 -0.576996 0.798809 0.170234 -0.531336 0.752208 0.389699 -0.542528 0.68341 0.488481 -0.329091 0.737146 0.590182 -0.231551 0.833504 0.501653 -0.444676 0.410906 0.795876 -0.0574984 0.529576 0.846312 0.00999579 0.869956 0.493029 -0.0722593 -0.562721 0.823483 -0.0559217 -0.864011 0.500358 0.0735983 0.881759 0.465922 -0.635798 -0.296589 -0.712598 0.156858 0.976798 -0.145814 0.0302524 0.991017 -0.130268 0.0308867 0.994877 -0.0962589 0.278785 0.957371 -0.075623 0.336742 0.932768 -0.128641 0.103271 0.985171 -0.137016 0.525725 0.846751 -0.0814006 0.420106 0.897826 0.131981 0.371327 0.904993 0.207615 0.463187 0.87975 0.10723 0.365155 0.929333 0.0547936 0.143533 0.989582 0.0112256 0.219436 0.954429 0.202269 0.248366 0.923037 0.293799 0.0280727 0.986666 0.160319 -0.0531123 0.997752 -0.040866 0.209101 0.909501 0.359284 -0.0517943 0.991299 -0.121009 -0.0505746 0.99269 -0.109581 -0.046928 0.994105 -0.0977444 0.653697 -0.0803465 -0.752479 0.542037 -0.516779 -0.662673 0.57103 0.482039 -0.664502 0.398527 0.735879 -0.547411 -0.00635672 0.957551 -0.288195 0.38493 0.888533 -0.249678 0.671982 0.600537 -0.433353 0.597059 0.784257 -0.168704 0.764927 0.570128 -0.299733 0.756507 0.438986 -0.484756 0.845013 0.415657 -0.336427 0.687849 0.707295 -0.163088 0.883073 0.415136 -0.218734 0.924948 -0.0517808 -0.376551 0.840761 -0.0354317 -0.540246 0.96495 -0.0962833 -0.244132 0.884412 0.460717 -0.0745397 0.993193 -0.0805062 -0.0841807 0.851642 -0.478333 -0.214253 0.84392 -0.413116 -0.342248 0.869337 -0.488058 -0.0777975 0.989007 -0.0201886 0.146482 0.884623 -0.447428 0.131342 0.425391 -0.711676 0.55907 0.622873 -0.284564 0.728733 0.312621 -0.481144 0.819004 0.171295 -0.819169 0.547375 0.728008 -0.558972 0.396931 0.88832 -0.113573 0.444959 0.761073 0.547515 0.347843 0.530186 0.595676 0.603384 0.733264 0.672731 0.0987801 0.561172 0.823825 0.0799918 0.546541 0.80625 0.226391 0.650759 0.758832 -0.0262163 0.541185 0.840871 -0.00740975 0.546949 0.833795 0.0750574 0.582484 0.809805 -0.0701986 0.513944 0.857664 -0.0165593 0.306937 0.951675 0.0101637 0.0763404 0.99442 -0.0728055 -0.0464297 0.996449 -0.070248 0.399223 0.90118 0.168807 0.218349 0.915392 0.338203 0.319197 0.846156 0.426771 0.0925244 0.904092 0.417202 0.143477 0.883848 0.445227 0.282936 0.617455 0.73396 0.769442 -0.392931 -0.503551 -0.10676 0.933258 -0.342974 -0.145755 0.987161 -0.0653281 -0.00452646 0.993337 -0.115156 0.0553476 0.92521 -0.375398 -0.0136842 0.807923 -0.589129 -0.179248 0.825978 -0.534445 -0.4493 0.834309 -0.319467 -0.14993 0.958195 0.243686 -0.158233 0.969863 0.185279 -0.44902 0.85314 0.265581 -0.313228 0.847577 0.42837 -0.111037 0.95432 0.277387 -0.10353 0.978159 0.180238 -0.135327 0.89719 0.420401 0.0492396 0.944432 0.324999 0.0392414 0.987352 0.153611 -0.0365596 0.985997 0.162707 -0.0424243 0.953178 0.299421 -0.0299443 0.899059 0.436803 0.0877168 0.877161 0.472117 0.138841 0.909584 -0.391638 0.137132 0.842398 -0.521114 0.0799946 0.829113 -0.553328 0.107936 0.917322 -0.383236 0.0671617 0.981332 -0.180214 0.107682 0.968095 -0.226265 -0.0777675 0.509771 -0.856788 -0.126983 0.279536 -0.951701 -0.0255521 0.409651 -0.911884 0.0416957 0.558828 -0.828235 0.0100303 0.58761 -0.809082 0.079528 0.623993 -0.777373 -0.0101703 0.689053 -0.724639 0.0903806 0.706566 -0.701852 0.0310492 0.750042 -0.660661 0.114367 0.77615 -0.62009 -0.0577147 0.720314 -0.691243 -0.144211 0.725917 -0.672493 -0.520638 0.535673 -0.664823 -0.364948 0.716673 -0.594301 -0.223378 0.667432 -0.710378 -0.668606 0.363247 -0.648858 -0.867491 0.359585 -0.343741 -0.813511 0.482613 -0.324475 -0.330156 0.109963 -0.937499 -0.736268 -0.0430189 -0.675321 -0.914091 -0.0801501 -0.397509 -0.997925 -0.0609151 -0.0208388 -0.93939 0.342371 -0.0181383 -0.687207 -0.361694 -0.630019 -0.821115 -0.424575 -0.381452 -0.898216 -0.438209 -0.0343706 -0.875148 -0.321095 0.36196 -0.926988 -0.0258939 0.374195 -0.413095 -0.454402 0.789222 -0.200007 -0.581606 0.7885 -0.271235 -0.253437 0.928548 -0.491844 -0.150339 0.857606 -0.738567 -0.064452 0.671092 -0.675061 -0.35678 0.645755 -0.495238 0.288016 0.819626 -0.710141 0.332669 0.620508 -0.870185 0.367457 0.328258 -0.667122 0.462088 0.584314 -0.81648 0.48554 0.312426 -0.888425 0.45871 -0.016907 -0.737252 0.611032 0.28827 -0.826081 0.563465 -0.00988551 -0.726735 0.600035 -0.334387 -0.513809 0.857315 0.0318124 -0.179106 0.979991 0.0868244 -0.0716773 0.995642 0.0596629 0.00383156 0.999975 0.00601634 0.06417 0.997282 -0.0362074 -0.585664 0.619819 0.522323 -0.320818 0.704453 0.633105 -0.459803 0.469099 0.754008 -0.229255 0.575133 0.78528 -0.050593 0.772109 0.633473 -0.279453 0.227796 0.932746 0.0806703 0.252092 0.964335 0.104162 0.681126 0.724719 0.000230105 -0.306 0.952031 1.64322e-06 -0.675469 0.737388 0.127601 0.807579 0.57579 -0.37839 -0.299979 -0.87569 0.316784 0.873233 -0.370286 0.192449 0.892412 -0.408124 0.207073 0.94783 -0.24236 0.381516 0.905299 -0.186759 0.434 0.788196 -0.436338 0.257613 0.824528 -0.503774 0.562751 0.798258 -0.214699 0.408206 0.861107 0.303088 0.539954 0.749867 0.382294 0.605236 0.77384 0.18671 0.425047 0.897244 0.11953 0.233467 0.962065 0.14115 0.245685 0.905892 0.344961 0.359163 0.804564 0.472948 0.146454 0.927995 0.342601 0.122681 0.980763 0.151835 0.213583 0.847415 0.486077 0.160794 0.901339 -0.40216 0.183775 0.842065 -0.507102 0.141797 0.957658 -0.250568 0.189479 0.702714 -0.685778 0.13286 0.762095 -0.633687 0.219214 0.661031 -0.717624 0.212786 0.718786 -0.661868 0.200356 0.783839 -0.587753 0.321795 0.765245 -0.557537 0.374895 0.701136 -0.606516 0.507695 0.729603 -0.458176 0.567572 0.670767 -0.477423 0.406016 0.650227 -0.64215 0.592445 0.639561 -0.489867 0.71509 0.653088 -0.249243 0.722485 0.643401 -0.253081 0.533839 0.710894 -0.457871 0.380487 0.693706 -0.611557 0.624584 0.747407 -0.226444 0.786011 0.618211 -0.00109915 0.726497 0.687128 0.0075371 0.549457 0.809825 -0.20562 0.468546 0.767824 -0.436934 0.673128 0.738221 0.0439233 0.722614 0.659772 0.206229 0.68121 0.711041 0.174277 0.418409 0.525374 0.740888 0.554023 0.531069 0.641112 0.391359 0.0716394 0.917445 0.200288 -0.580292 0.789396 0.527029 0.766513 0.367012 0.59987 0.696714 0.393377 0.673217 0.606937 0.422382 0.554467 0.564685 0.611308 0.765273 0.60486 0.220228 0.742595 0.632437 0.2204 0.650607 0.637603 0.41252 0.769408 0.638757 0.000840194 0.713208 0.700945 0.00324317 0.691946 0.689361 0.214457 0.660266 0.712524 -0.237398 0.605315 0.795977 -0.00391259 0.415337 0.909173 -0.0299809 0.228885 0.971951 -0.0540707 0.126726 0.990339 -0.0562956 0.602449 0.690555 0.400237 0.444881 0.725199 0.525517 0.509211 0.650131 0.563946 0.282455 0.765962 0.577513 0.362479 0.673754 0.643945 0.367895 0.565615 0.73806 0.344217 0.742131 -0.575115 0.110258 0.9906 -0.0809593 0.0943226 0.994531 -0.0448373 0.113843 0.993484 -0.00546984 0.109666 0.99392 -0.00977278 0.127573 0.977933 -0.165449 0.0596117 0.959456 -0.275483 -0.0122413 0.969986 -0.242851 -0.0490768 0.998758 0.0086586 0.0591145 0.995903 -0.0684256 -0.203021 0.971091 -0.125556 -0.323821 0.944416 0.0567284 0.00832476 0.999434 0.0325871 0.10674 0.992527 -0.0591402 -0.213286 0.963704 0.160573 -0.091641 0.995661 0.0161447 -0.0304412 0.985771 -0.165313 0.056363 0.990365 -0.12649 -0.0218546 0.999761 -0.000893463 -0.161994 0.970567 0.178206 -0.161716 0.960445 0.226702 0.0439215 0.992523 -0.113884 0.152094 0.980555 -0.124011 0.134785 0.98499 -0.107829 0.060345 0.997726 -0.0300316 0.0589946 0.995478 -0.0744559 0.0127798 0.983022 -0.18304 0.612406 0.312472 -0.726168 0.416911 0.114645 -0.901688 0.463282 0.3018 -0.833239 0.61974 0.389526 -0.681316 0.397516 0.548834 -0.735365 0.553971 0.588324 -0.58906 0.333455 0.751408 -0.569381 0.445028 0.788363 -0.424774 0.246162 0.912135 -0.327742 0.307967 0.919458 -0.244443 0.139335 0.893436 -0.427034 0.163735 0.740742 -0.65153 -0.036326 0.74725 -0.66355 -0.00490498 0.875583 -0.483043 0.189841 0.600193 -0.777 -0.0935624 0.520311 -0.848836 -0.440149 0.35436 -0.825044 -0.290576 0.703489 -0.64859 0.209399 0.159001 -0.964817 -0.14705 -0.0986118 -0.984201 -0.463303 -0.0901844 -0.881599 -0.750474 -0.0599177 -0.658179 -0.698518 0.374433 -0.609814 -0.125887 -0.468913 -0.874227 -0.405631 -0.424764 -0.809345 -0.679828 -0.394636 -0.61814 -0.895496 -0.316372 -0.313042 -0.945395 -0.0255446 -0.324924 -0.828177 -0.45508 0.327147 -0.811243 -0.155035 0.56378 -0.780967 0.0799658 0.619432 -0.927417 -0.0190398 0.373544 -0.997693 -0.0639456 0.0227765 -0.933903 -0.354649 0.0452665 -0.799495 0.511329 0.315199 -0.909115 0.415334 0.0317501 -0.880785 0.362097 -0.305128 -0.753462 0.654265 0.065052 -0.734116 0.638469 -0.231151 -0.561431 0.662154 -0.496333 -0.517834 0.836729 -0.178135 -0.333181 0.864296 -0.376806 -0.146513 0.876637 -0.458303 -0.0733829 0.977007 -0.200181 0.100515 0.993225 -0.0583101 0.131527 0.990054 -0.0499426 0.0771066 0.987344 -0.138587 0.00461261 0.973096 -0.230352 -0.576523 0.814376 0.0664281 -0.476934 0.846588 0.236268 -0.662085 0.697004 0.275372 -0.547086 0.716344 0.433069 -0.351907 0.877307 0.326334 -0.704069 0.454868 0.545327 -0.522467 0.495492 0.693914 -0.382151 0.745771 0.545698 -0.599769 0.215305 0.770663 -0.639423 0.127518 0.758207 -0.254379 0.880467 0.400086 0.144005 -0.377255 -0.914845 0.322344 0.882041 -0.343655 0.192871 0.930095 -0.31261 0.103697 0.93949 -0.326505 0.268702 0.926203 -0.264476 0.461632 0.84481 -0.27054 0.318334 0.91285 -0.255674 0.512452 0.847434 -0.13874 -0.155957 0.943689 0.291768 -0.0889687 0.83828 0.537933 0.20465 0.891634 0.403866 0.0430719 0.997686 0.0526098 -0.128005 0.987896 -0.087618 -0.243441 0.954706 0.171091 -0.221732 0.885017 0.409366 -0.179605 0.980181 0.0835845 -0.113918 0.9826 -0.146694 -0.195753 0.932013 0.305012 0.0916558 0.971082 -0.220452 0.211369 0.959772 -0.184829 0.0244953 0.959765 -0.279733 0.746215 0.467232 -0.474191 0.741826 0.440682 -0.505465 0.666459 0.625873 -0.405111 0.521369 0.79991 -0.297183 0.367902 0.90534 -0.212151 0.45973 0.862328 -0.212222 0.599134 0.772896 -0.208972 0.587145 0.789247 -0.17986 0.701761 0.704132 -0.108302 0.738403 0.631054 -0.237765 0.814074 0.577203 -0.0641847 0.774534 0.622982 0.109501 0.850999 0.486455 0.197895 0.850257 0.525058 -0.0371159 0.799921 0.541998 -0.257613 0.864664 0.440179 0.242073 0.721056 0.446541 0.529792 0.722873 0.409421 0.556623 0.835037 0.482382 0.264615 0.824134 0.56617 -0.0159391 0.699316 0.450092 0.555315 0.440062 0.427872 0.789475 0.423714 0.467841 0.775623 -0.171995 0.39999 0.900236 -0.133893 0.395762 0.90854 -0.370884 0.265404 0.889947 -0.411843 0.19129 0.890951 0.112792 0.456828 0.882375 0.131508 0.427989 0.894165 0.121209 0.494289 0.860806 -0.119861 0.529505 0.839796 0.434162 0.459818 0.774642 0.382512 0.602069 0.700855 0.065722 0.645706 0.760753 0.673531 0.590612 0.444447 0.596272 0.735609 0.321465 0.308512 0.738727 0.599252 0.676004 0.736885 -0.00438488 0.43538 0.893023 0.113819 0.183895 0.972347 -0.143956 0.0047723 0.96444 -0.264258 -0.0350573 0.960173 -0.277196 -0.00876811 0.752952 0.658017 -0.166488 0.811007 0.560847 -0.13053 0.708177 0.693864 -0.203865 0.857822 0.471784 -0.243392 0.744457 0.621727 -0.313792 0.523622 0.792057 0.783019 0.56012 -0.270457 -0.237944 0.969853 -0.0526139 -0.176225 0.980593 0.0859247 0.0357613 0.994797 0.095389 0.0461658 0.995634 -0.0811247 -0.178166 0.91846 -0.353111 -0.436666 0.862643 -0.255283 -0.390522 0.918543 -0.0614153 -0.109868 0.991961 0.0627823 -0.0871502 0.99584 0.0266032 -0.250608 0.966411 0.0569598 -0.236048 0.961872 0.138146 -0.0293399 0.998844 0.0380818 -0.00119603 0.99985 0.0172542 -0.130334 0.983417 0.126108 0.0831026 0.996467 0.012163 0.0709906 0.997167 -0.0248729 0.0465477 0.998871 -0.00944331 0.0287492 0.999524 0.011229 -0.00382511 0.996186 0.0871659 0.112726 0.991547 0.0642515 0.165252 0.985484 -0.0388936 0.142448 0.968417 -0.204637 0.0569668 0.952288 -0.299838 0.167322 0.984672 -0.0492289 0.135677 0.989142 0.0564775 0.12942 0.99152 0.011802 9.54817e-06 -0.316289 -0.948663 -0.295884 -0.119168 -0.947761 -0.340455 0.09136 -0.935812 -0.0437465 0.0220105 -0.9988 -0.307736 0.436427 -0.845476 -0.0326294 0.466831 -0.883744 -0.241216 0.669272 -0.702772 -0.0314802 0.744226 -0.667186 -0.1051 0.835636 -0.539136 0.0610496 0.901177 -0.42913 -0.355202 0.77352 -0.524879 -0.472271 0.605881 -0.64021 -0.645472 0.60457 -0.466756 -0.54984 0.743495 -0.380646 -0.544265 0.408055 -0.732985 -0.72498 0.441441 -0.52871 -0.857462 0.412618 -0.307418 -0.742628 0.611944 -0.272082 -0.579225 0.140511 -0.802966 -0.790778 0.167883 -0.58863 -0.928812 0.177824 -0.325096 -0.988961 0.146317 -0.0233978 -0.920686 0.389163 -0.0298186 -0.792814 -0.0319197 -0.608627 -0.937615 0.0544523 -0.343383 -0.99904 0.0328861 -0.028949 -0.946192 0.0704913 0.315834 -0.940194 0.143444 0.308966 -0.52213 -0.194176 0.830467 -0.239763 -0.553896 0.797316 -0.35097 -0.206411 0.913354 -0.593628 -0.0180578 0.804537 -0.798645 0.0902489 0.594997 -0.779638 -0.0159651 0.626027 -0.58109 0.282489 0.763239 -0.764387 0.332018 0.552699 -0.895628 0.340093 0.286684 -0.664401 0.583218 0.467364 -0.779632 0.579753 0.236771 -0.789696 0.611906 -0.0441686 -0.535855 0.832856 0.1386 -0.561987 0.825328 -0.0548122 -0.578996 0.788758 -0.206457 -0.294725 0.955577 -0.00319585 -0.108862 0.992504 0.0555469 0.0160716 0.997739 0.0652612 0.0809738 0.996333 0.0276448 0.0867386 0.996145 -0.0130897 -0.477642 0.829795 0.288616 -0.382342 0.844374 0.375295 -0.520181 0.543803 0.658551 -0.303284 0.549571 0.778454 -0.159974 0.881126 0.445001 -0.351764 0.268139 0.896863 -0.0110202 0.232032 0.972646 -0.0161103 0.642733 0.765921 1.40859e-05 -0.289735 0.957107 2.5937e-06 -0.653236 0.757154 0.131889 0.904731 0.405052 -0.570012 -0.00543687 -0.821618 0.107537 0.993198 -0.0446563 0.0526646 0.997087 -0.0551782 0.0510874 0.998664 -0.00770329 0.122175 0.992023 0.0310555 0.246997 0.960395 -0.128974 0.13514 0.978334 -0.156844 0.347823 0.937556 0.00277203 0.26338 0.956289 0.12705 0.304622 0.939326 0.157705 0.291156 0.950085 0.112099 0.225805 0.972175 0.0623569 0.127389 0.991632 0.0209231 0.18688 0.977465 0.098172 0.281927 0.94729 0.15218 0.132701 0.990215 0.0431845 0.0880681 0.996033 -0.012773 0.20057 0.977289 0.0683911 0.0967671 0.994353 -0.0435625 0.122891 0.979157 -0.16171 0.0758967 0.997008 -0.0146676 0.29786 0.000813357 -0.954609 0.272008 -0.378975 -0.884528 0.252468 0.464227 -0.848972 0.132569 0.774978 -0.617927 0.148652 0.929008 -0.33889 0.212793 0.947919 -0.237001 0.322856 0.791745 -0.51856 0.338892 0.932563 -0.124414 0.556881 0.780853 -0.28311 0.531805 0.362968 -0.765139 0.763592 0.315869 -0.563164 0.596785 0.8024 -0.00139423 0.845496 0.474821 -0.244299 0.79297 -0.0368347 -0.608146 0.582095 -0.0253145 -0.812727 0.940066 -0.0491043 -0.337438 0.717487 0.696232 -0.0217794 0.997183 0.0728345 -0.0178982 0.877403 -0.351734 -0.326263 0.751916 -0.314069 -0.57964 0.949617 -0.31192 -0.0305635 0.949839 -0.0203228 0.312079 0.9158 -0.264872 0.301916 0.478867 -0.418483 0.771724 0.559784 0.107908 0.821583 0.317991 -0.236046 0.91824 0.239789 -0.553873 0.797324 0.739747 -0.310622 0.5969 0.792502 -0.0549401 0.607389 0.580207 0.658922 0.47873 0.454504 0.642653 0.616785 0.88413 0.398191 0.244455 0.521878 0.848289 0.0897152 0.365951 0.868759 0.333674 0.576799 0.815251 -0.0516612 0.517661 0.855464 0.0144504 0.324287 0.943021 0.0744981 0.483197 0.875098 -0.0269267 0.353615 0.93094 0.0911485 0.181089 0.98241 0.0455765 0.0882105 0.996101 -0.00123656 0.0709704 0.997171 -0.0247681 0.335306 0.920646 0.199951 0.40161 0.892757 0.204194 0.428654 0.818445 0.382626 0.354606 0.898645 0.258248 0.355551 0.724532 0.590455 0.391323 0.211864 0.895533 0.546379 -0.295334 -0.783739 -0.453827 0.811587 -0.367922 -0.464858 0.87831 -0.111707 -0.172438 0.980195 -0.0973836 -0.216749 0.868327 -0.446126 -0.31014 0.722132 -0.618335 -0.585091 0.634065 -0.505599 -0.741223 0.625658 -0.243189 -0.252392 0.933729 0.253866 -0.340776 0.928894 0.14501 -0.64197 0.74296 0.189432 -0.475055 0.819824 0.319705 -0.102119 0.972099 0.211177 -0.0737686 0.987969 0.135924 -0.260303 0.907789 0.32888 0.180687 0.977446 0.109325 0.234169 0.957783 0.166786 0.0817296 0.986782 0.139934 0.0445509 0.986525 0.157428 -0.104991 0.957343 0.269205 0.0692667 0.976204 0.205495 0.130112 0.928043 -0.349009 0.0865472 0.773229 -0.628193 -0.118767 0.743821 -0.657743 -0.0384129 0.909678 -0.413535 -0.00214264 0.997298 -0.0734267 0.185482 0.982309 -0.0257874 -0.00822442 -0.380647 -0.924684 -0.311507 -0.282591 -0.907252 -0.341682 0.0413723 -0.938905 0.0338075 0.0537704 -0.997981 -0.24925 0.525479 -0.813478 0.0975928 0.564913 -0.819359 -0.155668 0.722525 -0.673591 0.117609 0.724288 -0.679393 -0.10101 0.736876 -0.668439 0.0885799 0.732542 -0.674933 -0.348738 0.693967 -0.629914 -0.459546 0.632309 -0.623701 -0.744236 0.475525 -0.469031 -0.655035 0.567318 -0.499078 -0.572433 0.434897 -0.695115 -0.800792 0.33256 -0.498133 -0.91192 0.30055 -0.279414 -0.88208 0.38973 -0.264662 -0.629903 0.0242932 -0.776294 -0.82957 0.00581634 -0.558372 -0.949881 -0.0308286 -0.311087 -0.999074 -0.0403432 -0.0149278 -0.959412 0.280876 -0.0252468 -0.796749 -0.237669 -0.555612 -0.908387 -0.282714 -0.308069 -0.96066 -0.276869 -0.0218354 -0.93022 -0.22607 0.289106 -0.953854 -0.0345441 0.298278 -0.544371 -0.326179 0.772831 -0.294163 -0.453582 0.841268 -0.358772 -0.181643 0.915581 -0.598608 -0.101558 0.794578 -0.815694 -0.055999 0.575767 -0.782507 -0.245361 0.572259 -0.602541 0.193071 0.774383 -0.810129 0.212633 0.546332 -0.930837 0.244776 0.271342 -0.786693 0.338694 0.516139 -0.904956 0.345901 0.247805 -0.928591 0.369622 -0.0331266 -0.834895 0.510949 0.20465 -0.890954 0.452658 -0.0360632 -0.837073 0.474048 -0.273106 -0.745139 0.666896 -0.0042744 -0.423312 0.90575 0.0206007 -0.127914 0.989893 0.0612307 0.0390547 0.994618 0.0959665 0.224272 0.961912 0.156292 -0.693823 0.566004 0.445252 -0.482925 0.656493 0.579482 -0.576652 0.382352 0.721997 -0.338065 0.421823 0.841295 -0.243965 0.754751 0.60896 -0.366478 0.156899 0.917102 0.00143919 0.179384 0.983778 0.00520855 0.506376 0.862297 -0.00140424 -0.227081 0.973875 -0.00312995 -0.555088 0.831786 0.0673813 0.817269 0.572303 -0.598494 -0.221865 -0.769793 0.513894 0.849597 -0.118734 0.374459 0.893884 -0.246479 0.308833 0.948051 0.0763031 0.398329 0.916346 0.040549 0.629292 0.706707 -0.323351 0.46067 0.735955 -0.496139 0.609348 0.785591 -0.10743 0.144795 0.986412 0.0776314 0.382534 0.893529 0.235104 0.424801 0.894159 0.141502 0.167726 0.985659 0.0185487 0.144803 0.987919 0.0552141 0.121091 0.990099 0.0709983 0.253924 0.939894 0.228304 0.185766 0.980116 0.0697404 0.259324 0.956688 0.132282 0.201088 0.960956 0.190073 0.274678 0.920696 -0.277256 0.303479 0.745484 -0.593425 0.306528 0.949389 0.0685649 0.373427 0.132883 -0.918093 0.308441 -0.239574 -0.920581 0.34641 0.564743 -0.749043 0.319093 0.683176 -0.656849 0.275648 0.704063 -0.654456 0.464737 0.691946 -0.552476 0.476443 0.660799 -0.579955 0.633518 0.675202 -0.377833 0.660139 0.653681 -0.370023 0.524978 0.544989 -0.653747 0.730606 0.547635 -0.407814 0.808068 0.581512 -0.0941766 0.86698 0.493327 -0.0705191 0.860188 0.150585 -0.487238 0.615879 0.140976 -0.775125 0.978041 0.188869 -0.0881111 0.869652 0.466052 0.16279 0.947966 0.272455 0.16471 0.990182 -0.0713668 -0.120189 0.853207 -0.159515 -0.496581 0.988038 0.0637087 0.140438 0.896778 0.316627 0.30909 0.937127 0.15196 0.314166 0.668542 -0.181288 0.721239 0.726837 0.0917101 0.68066 0.44315 -0.118408 0.888593 0.35113 -0.42618 0.833714 0.864154 0.0573054 0.499954 0.853488 0.259645 0.451822 0.802166 0.448378 0.394319 0.713614 0.374626 0.591955 0.832876 0.471351 0.290077 0.820271 0.493997 0.288309 0.770104 0.519777 0.369827 0.852208 0.499998 0.154087 0.783715 0.613123 0.0993502 0.714906 0.644054 0.27222 0.735463 0.659217 -0.156613 0.494204 0.868995 0.0247092 0.250345 0.967827 0.0252452 0.235045 0.964527 0.120177 0.30901 0.934192 0.178318 0.634753 0.685835 0.355975 0.527104 0.750563 0.398519 0.664899 0.546506 0.509157 0.358932 0.810691 0.462545 0.420343 0.542588 0.727262 0.465504 0.243994 0.850749 0.600402 -0.159615 -0.783608 -0.279989 0.902706 -0.326693 -0.41108 0.904351 -0.114731 -0.102891 0.968264 -0.227769 -0.0258633 0.918759 -0.393971 -0.147319 0.844673 -0.514612 -0.466353 0.779459 -0.418279 -0.625683 0.763111 -0.161809 -0.442415 0.825762 0.349837 -0.48844 0.867063 0.0981293 -0.659965 0.724864 0.197529 -0.573326 0.676842 0.461718 -0.163149 0.891405 0.422824 -0.192367 0.972105 0.134188 -0.28722 0.753394 0.591525 0.198541 0.906941 0.371536 0.191742 0.974828 0.113777 0.0391526 0.990811 0.129466 0.0303936 0.911232 0.410772 -0.0365477 0.792067 0.609339 0.17088 0.808721 0.562823 0.109347 0.917679 -0.381981 0.0881672 0.886367 -0.454511 0.0233956 0.873042 -0.487083 0.0726102 0.914764 -0.397409 0.0633112 0.956112 -0.28608 0.131692 0.948285 -0.288814 1.41746e-06 -0.523701 -0.851902 -0.223546 -0.406013 -0.886104 -0.272473 -0.0601798 -0.96028 0.0341939 -0.0120179 -0.999343 -0.220828 0.467051 -0.856212 0.0547633 0.592378 -0.803797 -0.106222 0.700526 -0.705677 0.070819 0.756999 -0.649566 -0.0417443 0.81504 -0.577899 0.0736156 0.835204 -0.54499 -0.254297 0.775824 -0.577434 -0.393686 0.630957 -0.668509 -0.67733 0.572043 -0.462591 -0.569128 0.68546 -0.454133 -0.490013 0.368246 -0.790115 -0.713669 0.493491 -0.497134 -0.866405 0.448897 -0.218709 -0.819566 0.530372 -0.216834 -0.506356 -0.0287252 -0.861846 -0.802579 0.0771698 -0.591534 -0.86133 0.457056 -0.221837 -0.814718 0.579844 0.00387454 -0.885533 0.464475 0.00970932 -0.677361 -0.36883 -0.636511 -0.789717 0.505989 -0.346875 -0.726038 0.687359 -0.0201554 -0.7034 0.648736 0.290465 -0.79485 0.549204 0.25805 -0.403025 -0.459115 0.791697 -0.194253 -0.584987 0.787437 -0.186567 -0.00170331 0.982441 -0.537409 -0.155822 0.828801 -0.775992 0.310383 0.549089 -0.688461 0.274807 0.671195 -0.507796 0.293307 0.810009 -0.766215 0.414393 0.491114 -0.853191 0.454321 0.256236 -0.693832 0.565807 0.445488 -0.809469 0.532127 0.248197 -0.850894 0.52522 0.0110697 -0.732306 0.632379 0.252635 -0.765123 0.643536 0.0211741 -0.73585 0.648773 -0.193953 -0.652777 0.757479 0.0103642 -0.466892 0.884152 -0.0169346 -0.178623 0.981225 -0.0727424 0.0430917 0.991932 -0.119224 0.161447 0.978593 -0.127637 -0.605631 0.640752 0.471857 -0.343652 0.715925 0.607746 -0.395594 0.636152 0.662432 -0.0941593 0.619317 0.779474 -0.0938642 0.70108 0.706878 -0.138928 0.503477 0.852766 0.0947171 0.487452 0.867997 0.103143 0.631414 0.768556 0.1093 0.268357 0.957099 1.53081e-05 0.131958 0.991255 0.130706 0.720534 0.680989 -0.468607 -0.330195 -0.819377 0.287019 0.923339 -0.255078 0.165676 0.933608 -0.31769 0.236116 0.95801 -0.162683 0.366856 0.927911 -0.0663227 0.410283 0.826873 -0.38464 0.22015 0.867602 -0.445872 0.518396 0.845777 -0.126201 0.490162 0.823985 0.284237 0.525673 0.772875 0.355433 0.548476 0.803124 0.232735 0.478498 0.862485 0.164803 0.386352 0.911474 0.141239 0.409713 0.857548 0.311041 0.443604 0.787471 0.427908 0.325908 0.884389 0.334126 0.299643 0.946657 0.11855 0.33279 0.803257 0.493993 0.128111 0.925897 -0.355392 0.131084 0.88679 -0.443194 0.173595 0.953211 -0.247493 0.331003 0.225326 -0.916332 0.245628 -0.13755 -0.959556 0.283624 0.589989 -0.755957 0.220913 0.732403 -0.644037 0.167526 0.825895 -0.538361 0.304624 0.790501 -0.53133 0.38749 0.691284 -0.6099 0.495336 0.748905 -0.440209 0.572161 0.656676 -0.491334 0.460636 0.559999 -0.688633 0.639468 0.544004 -0.543269 0.703211 0.666634 -0.247172 0.774137 0.560812 -0.293602 0.67676 0.453334 -0.580073 0.516101 0.37813 -0.768542 0.799221 0.510404 -0.317384 0.785758 0.617738 0.0313685 0.798013 0.602527 0.0116302 0.7774 0.528505 -0.341075 0.659733 0.433821 -0.613638 0.7638 0.645211 -0.0176646 0.68481 0.664519 0.299081 0.65003 0.706891 0.278866 0.385453 0.606686 0.69524 0.438977 0.56844 0.695827 0.292939 0.382892 0.876116 0.236638 0.355642 0.904169 0.535451 0.674186 0.50869 0.568638 0.641376 0.515061 0.571346 0.657444 0.491255 0.456695 0.603063 0.654021 0.68203 0.665166 0.303955 0.621625 0.729573 0.285143 0.539501 0.722289 0.432709 0.705787 0.70612 0.0570952 0.630186 0.772303 0.0800878 0.583338 0.766644 0.268279 0.623308 0.757741 -0.193174 0.543407 0.835102 0.0855173 0.43259 0.899811 0.0566136 0.325413 0.945412 -0.0173974 0.241722 0.966086 -0.0908217 0.529741 0.751956 0.392347 0.449161 0.742705 0.496633 0.446673 0.693535 0.565237 0.319679 0.734101 0.599084 0.302829 0.657781 0.689651 0.300795 0.525303 0.795977 0.476462 0.25819 -0.840429 -0.118663 0.83357 -0.539518 -0.251452 0.897 -0.363543 -0.140349 0.872061 -0.46884 -0.0598126 0.822616 -0.565442 -0.124517 0.885447 -0.447749 -0.156106 0.851761 -0.500134 -0.333537 0.870088 -0.362905 -0.30824 0.884392 0.350484 -0.347425 0.919615 0.183316 -0.460714 0.855906 0.234877 -0.378953 0.809256 0.448887 -0.212863 0.889275 0.404821 -0.221897 0.950661 0.216807 -0.249234 0.802162 0.542603 0.077754 0.916411 0.392613 0.10141 0.968355 0.228043 -0.100398 0.968809 0.226561 -0.11046 0.902944 0.415319 -0.127664 0.811709 0.569939 0.0105762 0.823501 0.567217 -0.0572682 0.900054 -0.432 -0.122577 0.896338 -0.426091 -0.111826 0.907324 -0.405287 -0.064377 0.849558 -0.523552 -0.0289885 0.852798 -0.521436 0.0686909 0.937475 -0.341206 0.027229 -0.651801 -0.757901 -0.126667 -0.539875 -0.83216 -0.166707 -0.0857803 -0.982268 0.0428604 -0.159132 -0.986326 -0.139792 0.525406 -0.839289 0.0450132 0.462387 -0.885535 -0.111793 0.847013 -0.519683 0.026909 0.79834 -0.601606 -0.0875795 0.903326 -0.419919 -0.0484098 0.877375 -0.477358 -0.148633 0.896866 -0.416581 -0.213052 0.856049 -0.470945 -0.344508 0.819647 -0.457705 -0.22969 0.86663 -0.442939 -0.293385 0.680736 -0.671211 -0.498583 0.619707 -0.606117 -0.702869 0.587195 -0.401469 -0.599472 0.714901 -0.35993 -0.400554 -0.00795328 -0.916239 -0.626322 -0.0720757 -0.776225 -0.851765 -0.147025 -0.502872 -0.992403 -0.119679 -0.0285226 -0.776264 0.630097 -0.0198197 -0.525276 -0.543958 -0.654366 -0.652314 -0.648327 -0.392631 -0.756132 -0.65322 -0.0395909 -0.745241 -0.534586 0.398539 -0.87768 -0.0483266 0.476804 -0.283119 -0.613381 0.737297 -0.126301 -0.72341 0.678768 -0.195512 -0.35978 0.912323 -0.377655 -0.227321 0.897609 -0.624569 -0.107336 0.773559 -0.514072 -0.535154 0.670328 -0.367569 0.421016 0.829239 -0.552991 0.510253 0.658668 -0.708781 0.592885 0.382252 -0.482979 0.658938 0.576656 -0.611889 0.719065 0.32945 -0.663639 0.747843 -0.0177274 -0.534998 0.795242 0.285249 -0.584678 0.811207 -0.00973596 -0.458856 0.810172 -0.364791 -0.478711 0.877377 -0.0323369 -0.359943 0.931137 -0.0585289 -0.228053 0.971943 -0.0576103 -0.0822877 0.994869 -0.058856 0.0882111 0.99567 -0.0293277 -0.42805 0.737406 0.522499 -0.284126 0.713708 0.640229 -0.31568 0.634342 0.70566 -0.16693 0.612205 0.772878 -0.143373 0.715149 0.68411 -0.202942 0.325856 0.923381 -6.38732e-08 0.343702 0.939079 3.58244e-07 0.626329 0.779559 4.49179e-06 -0.421173 0.90698 2.62559e-06 -0.79786 0.602843 -2.06968e-05 0.718689 0.695331 -0.346153 -0.468003 -0.813112 0.238241 0.933681 -0.26736 0.100479 0.959905 -0.2617 0.167869 0.985106 -0.037242 0.311741 0.950099 0.0114177 0.348702 0.838738 -0.418241 0.158999 0.892601 -0.421879 0.449757 0.872485 -0.191022 0.259081 0.941238 0.216677 0.292713 0.919336 0.262946 0.312602 0.924785 0.216917 0.261274 0.940363 0.217836 0.267716 0.938595 0.217642 0.265061 0.937911 0.223755 0.268383 0.902786 0.336078 0.229593 0.93393 0.273975 0.250547 0.945191 0.209378 0.167237 0.87041 0.463053 0.0452893 0.968162 -0.246192 -0.0285331 0.898618 -0.437802 0.13682 0.977886 -0.158176 0.172954 -0.078269 -0.981815 0.133023 -0.521538 -0.842795 0.149513 0.455487 -0.877598 0.114402 0.701346 -0.703581 -0.0189025 0.781116 -0.624099 0.188417 0.762869 -0.61849 0.274609 0.617331 -0.737219 0.417189 0.755494 -0.505156 0.466455 0.67524 -0.571377 0.30443 0.49731 -0.812407 0.526919 0.5478 -0.649824 0.607518 0.71682 -0.342186 0.70288 0.587185 -0.401464 0.620006 -0.0712672 -0.781353 0.358017 -0.0406539 -0.93283 0.851764 -0.147022 -0.502875 0.776264 0.630097 -0.0198175 0.992403 -0.119681 -0.0285257 0.652312 -0.64833 -0.39263 0.521307 -0.542416 -0.658805 0.756158 -0.653193 -0.0395621 0.877681 -0.0483249 0.476803 0.745241 -0.534587 0.398539 0.283118 -0.613382 0.737297 0.377656 -0.227325 0.897608 0.195512 -0.35978 0.912323 0.1263 -0.72341 0.678768 0.514072 -0.535155 0.670328 0.62457 -0.10733 0.773559 0.552992 0.510253 0.658667 0.367571 0.421017 0.829238 0.708781 0.592886 0.382252 0.59271 0.739432 0.319273 0.465232 0.689416 0.555216 0.66332 0.748126 -0.0177225 0.560556 0.828116 0.000995654 0.443496 0.859929 0.252654 0.531855 0.794818 -0.292224 0.393087 0.915094 0.0899216 0.283362 0.941018 0.184906 0.25617 0.949725 0.18 0.211729 0.976052 0.0499273 0.361345 0.83606 0.412836 0.274264 0.775175 0.569107 0.315699 0.634315 0.705676 0.141897 0.728013 0.670717 0.166931 0.612205 0.772877 0.202907 0.325822 0.9234 0.315223 -0.459564 -0.830322 -0.255994 0.952912 -0.16256 -0.316473 0.948583 -0.00597835 -0.0742039 0.997218 0.00700733 -0.0610506 0.984539 -0.164185 -0.266304 0.843795 -0.465932 -0.50547 0.79262 -0.340961 -0.603522 0.789007 -0.115018 -0.186513 0.935384 0.30045 -0.267225 0.954313 0.133706 -0.543873 0.803776 0.241137 -0.341437 0.806724 0.482303 -0.0348235 0.947536 0.317745 -0.045875 0.993863 0.100655 -0.0929132 0.768407 0.633181 0.0540045 0.964819 0.257307 0.0713044 0.991961 0.104539 0.0158333 0.991924 0.12584 0.00773179 0.948225 0.317504 -0.0846921 0.809906 0.580413 -0.135858 0.87842 0.458171 0.0512519 0.994072 -0.0958809 -0.0112529 0.913447 -0.406801 -0.126989 0.870388 -0.475708 0.00408515 0.989861 -0.141984 0.00330182 0.999342 -0.0361328 0.0703624 0.997197 -0.0254404 -0.173786 -0.613076 -0.770672 -0.194858 -0.407977 -0.891956 -0.248195 -0.0164761 -0.96857 -0.224503 -0.124838 -0.966444 -0.210432 0.405678 -0.889463 -0.198979 0.467383 -0.861371 -0.189364 0.442861 -0.876365 -0.181137 0.518125 -0.835904 -0.173899 0.553469 -0.814513 -0.118487 0.615818 -0.778928 -0.310667 0.622715 -0.718131 -0.306927 0.50172 -0.808748 -0.614078 0.524746 -0.589534 -0.566659 0.662181 -0.490321 -0.325752 0.411173 -0.851365 -0.654789 0.382249 -0.652026 -0.855945 0.393729 -0.335166 -0.773437 0.570757 -0.275739 -0.371265 0.0199109 -0.928313 -0.697078 -0.0433752 -0.715682 -0.921138 -0.0823307 -0.380429 -0.995165 -0.0649418 0.0736804 -0.907145 0.416058 0.063124 -0.646546 -0.369947 -0.667172 -0.841165 -0.409583 -0.353105 -0.92138 -0.383546 0.0628603 -0.845551 -0.2986 0.442584 -0.884394 -0.0299488 0.465779 -0.202873 -0.330671 0.921683 -0.374594 -0.637109 0.673626 -0.509125 -0.205735 0.835742 -0.246202 -0.013541 0.969124 -0.541595 -0.0481764 0.839258 -0.499937 -0.344764 0.794481 -0.212153 0.375952 0.902026 -0.510437 0.360679 0.780618 -0.824575 0.368733 0.429082 -0.459279 0.531456 0.711771 -0.754954 0.532597 0.382603 -0.805672 0.590038 0.0524227 -0.66653 0.675379 0.315596 -0.723362 0.688865 0.0470382 -0.700064 0.685558 -0.199804 -0.588808 0.806679 0.0507336 -0.305038 0.951119 0.0482076 -0.0838196 0.995322 0.0480417 -0.00639466 0.998834 0.0478582 0.0775121 0.996151 0.0409263 -0.409272 0.677171 0.611503 -0.157223 0.548286 0.821379 -0.174938 0.427601 0.886879 -0.373047 0.511333 0.774192 -0.246385 0.630547 0.736006 -0.438555 0.432165 0.787974 -0.425427 0.513932 0.744906 -0.36284 0.679305 0.637881 -0.44346 -0.368064 0.817235 -0.293169 -0.78297 0.548643 -0.234526 0.768045 0.595907 -0.353532 -0.311258 -0.882119 0.365393 0.926902 -0.085676 0.217914 0.969585 -0.11144 0.219656 0.975546 -0.00785601 0.383651 0.923471 0.00357483 0.612445 0.757345 -0.226582 0.419297 0.854159 -0.307574 0.612068 0.787897 -0.0677523 0.322162 0.935012 0.148206 0.509354 0.819539 0.262515 0.566805 0.816703 0.108298 0.329285 0.94222 0.0615938 0.20835 0.974167 0.0871132 0.199204 0.963096 0.181006 0.339357 0.884455 0.320276 0.127845 0.976896 0.171257 0.12914 0.987018 0.0954886 0.0436158 0.92458 0.378484 0.123608 0.988781 -0.0838634 0.194472 0.91188 -0.361462 0.127558 0.991702 -0.0159719 0.189985 -0.0605511 -0.979918 0.128684 -0.494249 -0.859743 0.141949 0.478623 -0.86647 0.108877 0.564773 -0.818032 0.134799 0.682256 -0.718579 0.516207 0.675287 -0.526799 0.551055 0.553334 -0.624628 0.721435 0.601424 -0.34325 0.777643 0.502593 -0.377718 0.607312 0.424338 -0.671647 0.834484 0.371348 -0.407108 0.85467 0.48167 -0.193733 0.913832 0.347217 -0.210596 0.897814 -0.0549902 -0.436927 0.684167 -0.0426439 -0.728077 0.971525 -0.0769704 -0.224086 0.928728 0.370675 -0.00802701 0.998722 -0.049402 -0.0106382 0.904644 -0.372934 -0.206249 0.842188 -0.360383 -0.401054 0.939877 -0.341041 -0.0179407 0.977501 -0.00894958 0.210743 0.938864 -0.282933 0.196169 0.579813 -0.533893 0.615448 0.697343 -0.16346 0.697849 0.218542 -0.335778 0.916238 0.126587 -0.72606 0.675879 0.831648 -0.360768 0.422147 0.897086 -0.0433959 0.439721 0.816195 0.422943 0.39363 0.625343 0.458984 0.631094 0.896984 0.395539 0.197403 0.823529 0.536295 0.1849 0.727377 0.585005 0.358737 0.863577 0.504186 -0.00558604 0.760461 0.649366 0.00472355 0.743694 0.646342 0.170769 0.768217 0.618972 -0.16345 0.56977 0.821796 0.00361573 0.370544 0.928273 0.0317206 0.227333 0.972993 0.0400435 0.135273 0.989976 0.0406179 0.643925 0.688639 0.333372 0.432141 0.77066 0.468336 0.497914 0.687031 0.529216 0.0645897 0.810498 0.582169 0.0643178 0.741355 0.668024 0.152645 0.500429 0.852215 0.632103 -0.378346 -0.67624 -0.225575 0.958175 -0.176117 -0.209875 0.955599 -0.206839 -0.225898 0.948313 -0.222875 -0.205458 0.951545 -0.228802 -0.2041 0.913123 -0.352916 -0.237771 0.932368 -0.272315 -0.256677 0.937552 -0.234764 -0.34387 0.877253 0.334935 -0.35705 0.92842 0.102718 -0.415936 0.864452 0.282348 -0.358795 0.836831 0.413499 -0.321845 0.875306 0.360909 -0.294945 0.952598 0.0746003 -0.323197 0.827125 0.459791 -4.44808e-08 0.948616 0.316429 9.74617e-09 0.999544 -0.0302121 -0.137943 0.990437 -0.00248314 -0.211861 0.909439 0.35782 -0.199561 0.792151 0.576778 6.86379e-06 0.770326 0.63765 -2.31535e-07 0.953024 -0.302896 1.20536e-07 0.882067 -0.471124 -0.118463 0.89568 -0.42863 -0.128675 0.95051 -0.282797 -0.141975 0.955019 -0.260351 -1.65629e-07 0.965449 -0.260592 8.1313e-06 -0.620793 -0.783975 -0.0775477 -0.321567 -0.943706 -0.134471 0.350621 -0.926813 -1.85723e-05 0.200141 -0.979767 -0.0949117 0.727703 -0.679294 -7.49462e-07 0.721432 -0.692485 -0.0821477 0.759893 -0.644837 4.54221e-07 0.753725 -0.657189 -0.0945361 0.811735 -0.576323 3.31707e-07 0.794134 -0.607742 -0.201043 0.841317 -0.501764 -0.223122 0.764467 -0.604819 -0.466968 0.714426 -0.521091 -0.314674 0.856739 -0.40863 -0.291433 0.666661 -0.686025 -0.605931 0.476779 -0.636812 -0.817875 0.422396 -0.39072 -0.731104 0.583103 -0.35423 -0.416572 0.236084 -0.877913 -0.702034 -0.0766018 -0.708011 -0.888408 -0.148385 -0.434412 -0.991939 -0.126502 -0.00731233 -0.894442 0.447165 -0.00401257 -0.634317 -0.459803 -0.621469 -0.754229 -0.5394 -0.374415 -0.855759 -0.517062 -0.0180031 -0.80439 -0.421706 0.418474 -0.884339 -0.0674703 0.461944 -0.343259 -0.555304 0.757503 -0.114734 -0.689638 0.715007 -0.187206 -0.245784 0.951075 -0.432232 -0.17547 0.884526 -0.653868 -0.0848454 0.751836 -0.572141 -0.441515 0.691173 -0.397274 0.409117 0.82146 -0.599215 0.434801 0.672228 -0.803028 0.424634 0.418128 -0.498085 0.649639 0.574353 -0.698103 0.611908 0.37178 -0.80445 0.594016 -0.00235007 -0.548613 0.7662 0.334607 -0.68062 0.73243 0.0173823 -0.528855 0.791026 -0.307554 -0.381808 0.923104 -0.0458313 -0.228563 0.954934 -0.189369 -0.241374 0.942985 -0.229168 -0.1522 0.953716 -0.259347 1.08023e-06 0.970131 -0.24258 -0.41031 0.771022 0.487002 -0.297525 0.744724 0.597381 -0.326639 0.621391 0.712165 -0.103494 0.623884 0.774634 -0.0982977 0.66806 0.737586 -0.153207 0.457152 0.876094 7.21262e-08 0.520073 0.854122 9.5249e-07 0.644643 0.764483 2.36634e-06 -0.307587 0.95152 3.39436e-06 -0.786897 0.617084 -9.03803e-07 0.623319 0.781968 -0.41138 -0.263692 -0.872487 0.225575 0.958175 -0.176117 0.205458 0.951545 -0.228802 0.225879 0.948327 -0.222832 0.209797 0.955626 -0.206795 0.237772 0.932368 -0.272314 0.204101 0.913123 -0.352916 0.256676 0.937554 -0.234757 0.34387 0.877252 0.334936 0.358794 0.836831 0.413498 0.415935 0.864452 0.282348 0.35705 0.928421 0.102715 0.294944 0.952598 0.0746006 0.321845 0.875306 0.36091 0.3232 0.827123 0.459792 0.211862 0.90944 0.357818 0.137943 0.990437 -0.00248347 0.19956 0.792153 0.576775 0.128675 0.95051 -0.282797 0.118497 0.89566 -0.428662 0.141974 0.955019 -0.260351 0.134477 0.35062 -0.926813 0.0775478 -0.321567 -0.943706 0.0949153 0.727703 -0.679293 0.0821478 0.759893 -0.644837 0.0945233 0.811708 -0.576363 0.201044 0.841317 -0.501763 0.223144 0.764436 -0.604851 0.314677 0.85674 -0.408626 0.466964 0.714427 -0.521094 0.291426 0.666661 -0.686028 0.605932 0.476778 -0.636812 0.731104 0.583103 -0.35423 0.817875 0.422395 -0.390721 0.702034 -0.0766021 -0.708012 0.416577 0.236083 -0.877911 0.888406 -0.148383 -0.434415 0.894443 0.447165 -0.00400728 0.991939 -0.126502 -0.00730866 0.754227 -0.539401 -0.374417 0.634317 -0.459804 -0.621468 0.855759 -0.517062 -0.0180031 0.884339 -0.067471 0.461943 0.80439 -0.421706 0.418474 0.343259 -0.555304 0.757503 0.432232 -0.175469 0.884526 0.187205 -0.245786 0.951075 0.114783 -0.689631 0.715007 0.572141 -0.441514 0.691173 0.653868 -0.0848465 0.751837 0.599219 0.4348 0.672225 0.397252 0.409079 0.82149 0.803029 0.424633 0.418129 0.698103 0.611908 0.37178 0.49809 0.649639 0.574348 0.80445 0.594016 -0.00235085 0.680619 0.732431 0.017384 0.548614 0.766201 0.334603 0.528855 0.791026 -0.307554 0.381808 0.923105 -0.0458305 0.22856 0.954935 -0.189368 0.241375 0.942984 -0.229169 0.152199 0.953716 -0.259347 0.410311 0.771022 0.487001 0.297521 0.744725 0.597382 0.326638 0.621391 0.712166 0.098297 0.668062 0.737584 0.103494 0.623884 0.774634 0.153207 0.457152 0.876094 0.41138 -0.263693 -0.872487 </float_array>
          <technique_common>
            <accessor count="1550" offset="0" source="#meshId0-normals-array" stride="3">
              <param name="X" type="float" />
              <param name="Y" type="float" />
              <param name="Z" type="float" />
            </accessor>
          </technique_common>
        </source>
        <source id="meshId0-tangents" name="meshId0-tangents">
          <float_array id="meshId0-tangents-array" count="4650"> -0.667287 -0.374682 -0.643694 -0.646919 -0.385656 -0.657849 -0.6919 -0.265468 -0.671417 -0.700834 -0.276549 -0.657535 -0.718903 -0.263785 -0.643114 -0.665085 -0.409918 -0.624203 -0.604252 -0.475536 -0.639332 -0.717208 -0.0465161 -0.695305 -0.677117 -0.218964 -0.702543 -0.629157 -0.322865 -0.707051 -0.711664 -0.0693391 -0.69909 -0.736389 0.0831793 -0.671425 -0.719062 -0.0488524 -0.693227 -0.744421 0.103338 -0.659666 -0.726806 0.172491 -0.664831 -0.726801 0.107385 -0.678402 -0.728301 0.047418 -0.683615 -0.733365 0.13177 -0.666943 -0.735853 0.155661 -0.659007 -0.72748 0.200414 -0.656207 -0.726722 -0.183881 -0.661863 -0.72924 -0.216845 -0.648989 -0.726746 -0.23363 -0.645954 -0.716298 -0.22738 -0.659708 -0.71475 -0.174309 -0.67731 -0.72616 -0.105274 -0.679418 -0.678642 -0.535519 0.502657 -0.209134 -0.765225 0.608846 -0.418694 -0.875419 0.241533 -0.744515 -0.657295 0.116881 -0.619894 -0.71477 -0.323784 -0.718742 -0.590149 -0.367606 -0.728439 -0.39066 -0.562815 -0.75021 -0.244592 -0.614296 -0.739726 -0.201582 -0.642005 -0.735044 -0.167406 -0.657028 -0.716558 -0.343669 -0.60699 -0.657232 -0.550932 -0.514316 -0.564226 -0.641911 -0.519229 -0.644465 -0.490796 -0.586331 -0.550133 -0.747678 -0.371928 -0.462136 -0.775818 -0.429577 -0.336736 -0.793153 -0.507462 -0.443904 -0.70353 -0.554973 -0.072655 -0.996473 0.0419839 -0.0739755 -0.954713 -0.288185 0.0139729 -0.913334 -0.406971 0.0978902 -0.866902 -0.488772 -0.314485 -0.729445 -0.607461 0.379968 -0.9077 -0.17806 0.448074 -0.870113 -0.205264 0.478597 -0.834176 -0.274036 0.281411 -0.684507 -0.672501 -0.0296717 -0.671613 -0.740308 -0.882342 0.0949519 -0.460931 -0.946203 0.314981 0.0740687 -0.906305 0.396638 -0.145911 -0.836884 0.117989 -0.534513 -0.532719 -0.234478 -0.813161 -0.458936 -0.246134 -0.853696 -0.776271 0.120756 -0.618726 -0.613698 -0.232091 -0.754657 -0.358143 -0.609241 -0.707502 -0.65282 -0.187888 -0.733842 -0.500735 -0.480493 -0.719994 -0.41186 -0.655447 -0.633056 -0.569462 -0.407205 -0.714071 -0.509458 -0.558991 -0.654204 -0.560708 -0.561861 -0.608209 -0.583744 -0.45777 -0.670589 -0.648782 -0.336999 -0.682286 -0.699077 -0.18637 -0.690331 -0.720602 -0.0729235 -0.689503 -0.726857 0.00385263 -0.686778 -0.693278 -0.122986 -0.710099 -0.750874 0.116518 -0.650086 -0.7413 0.0778027 -0.666649 -0.754663 0.216239 -0.619455 -0.735677 0.168762 -0.655971 -0.804374 0.40364 -0.435956 -0.712032 0.65425 -0.254886 -0.737864 0.337923 -0.584265 -0.733987 0.608839 0.300963 -0.636651 0.446371 0.628831 -0.727995 0.235312 -0.643935 0.313913 -0.902729 0.294176 -0.729732 0.0185981 -0.68348 -0.735516 -0.0514468 -0.675551 -0.72967 0.0218229 -0.683451 -0.725118 0.0766753 -0.684343 -0.727123 0.0354222 -0.685593 -0.740962 -0.0703144 -0.667856 -0.720034 0.102244 -0.686365 -0.699656 0.268011 -0.662308 -0.676148 0.359975 -0.642839 -0.704613 0.240345 -0.667649 -0.714431 0.185119 -0.674773 -0.719113 0.164393 -0.675168 -0.709862 0.238854 -0.662605 -0.699161 0.313084 -0.642769 -0.71875 0.211269 -0.662393 -0.722569 0.146268 -0.675647 -0.717207 0.254527 -0.648714 -0.735066 -0.129642 -0.665485 -0.739091 -0.182468 -0.648421 -0.731678 -0.0426322 -0.680316 -0.876801 -0.402324 -0.263354 -0.92414 -0.381727 -0.0158112 -0.775099 -0.347653 -0.527597 -0.747402 -0.176238 -0.64057 -0.742582 -0.227782 -0.629832 -0.75442 -0.157866 -0.637125 -0.742848 -0.114762 -0.65955 -0.705567 0.0973387 -0.701926 -0.694558 0.126915 -0.708153 -0.760438 -0.131786 -0.635898 -0.664557 0.157484 -0.730454 -0.636915 0.288289 -0.715002 -0.511201 0.42193 -0.748765 -0.596179 0.168995 -0.784864 -0.809318 -0.143028 -0.569691 -0.271727 0.465188 -0.842475 -0.365846 0.656954 -0.659218 0.0456877 0.717257 -0.69531 -0.0806744 0.424986 -0.901598 -0.538091 0.156324 -0.828264 0.353919 0.658525 -0.664143 0.109831 0.911617 -0.396095 0.448862 0.867806 -0.213154 0.244747 0.798895 0.549423 -0.0429346 0.969721 0.240412 -0.354376 0.807316 0.471867 -0.149411 0.62756 0.764097 0.403598 0.898392 0.173205 0.0755754 0.990744 -0.11276 -0.358187 0.839103 -0.4094 -0.422649 0.866965 -0.264082 -0.325207 0.779317 -0.535635 -0.424499 0.69624 -0.578835 -0.553242 0.622694 -0.553331 -0.479822 0.559873 -0.67551 -0.681807 0.248763 -0.687936 -0.598243 0.456386 -0.658649 -0.711083 0.16222 -0.684139 -0.73265 0.131399 -0.667801 -0.726235 0.119286 -0.677018 -0.726332 0.0934106 -0.680967 -0.727368 0.0571146 -0.683867 -0.635764 0.456498 -0.622425 -0.692886 0.358165 -0.625801 -0.656232 0.518482 -0.548211 -0.718163 0.292827 -0.631264 -0.721434 0.435275 -0.53858 -0.535663 0.837474 -0.108179 -0.851254 -0.13656 -0.506673 0.963388 0.266049 0.0331887 0.951669 0.303804 0.0450465 0.978338 0.199628 0.0547979 0.981608 0.186912 0.0388457 0.972357 0.23317 0.0124025 0.936025 0.351852 0.00763004 0.911457 0.41032 0.0297257 0.910505 0.395166 0.121754 0.925602 0.366729 0.093653 0.868531 0.485441 0.100004 0.822577 0.5469 0.155778 0.951072 0.282846 0.124343 0.96639 0.237878 0.0974902 0.890358 0.42034 0.174861 0.994971 0.0668043 0.0746359 0.993496 0.0863063 0.0742714 0.985644 0.14341 0.0891033 0.9833 0.149585 0.103658 0.98369 0.138749 0.114466 0.986128 -0.165626 0.0109579 0.992368 0.114351 0.0461462 0.988947 0.145765 0.0271227 0.982303 0.186465 0.0176778 0.987811 0.150482 0.0398008 0.988193 0.142305 0.0567779 0.993114 0.101196 0.0590207 0.958947 -0.0513339 0.278901 0.810316 0.331252 -0.483384 0.89743 0.325765 -0.297483 0.972182 -0.0420093 0.230431 0.963818 0.254757 -0.0784413 0.99271 -0.0268974 0.11749 0.971849 0.230409 -0.0492042 0.994088 0.0964957 0.0497698 0.971858 0.234829 -0.018621 0.968561 0.248357 -0.0144529 0.962013 0.272436 -0.0175837 0.950488 0.306507 -0.0512416 0.862868 0.501768 -0.0607303 0.918936 0.394008 -0.017702 0.887652 0.444288 -0.121169 0.771339 0.625329 -0.118318 0.782471 0.622115 -0.0266798 0.832156 0.554441 -0.0105822 0.608642 0.659309 -0.441437 0.782181 0.61295 -0.111734 0.724537 0.687568 -0.04792 0.605246 0.795065 0.0393463 0.731665 0.6804 0.041504 0.837164 0.539685 -0.0888647 0.722957 0.688415 -0.0584549 0.50589 0.862283 0.0233164 -0.319712 0.88815 0.330111 0.0441392 0.95689 0.287076 0.247662 0.506745 0.825756 0.678523 0.251098 0.69033 0.791586 0.25387 0.555825 0.49264 0.551181 0.673428 0.21275 0.815242 0.538627 -0.145622 0.761061 0.632123 0.755707 0.554361 0.3487 0.646201 0.710427 0.278781 0.577968 0.803265 0.143938 0.811122 0.553152 0.190011 0.840417 0.530882 0.108919 0.820237 0.569592 0.0526893 0.876592 0.469047 0.107613 0.859258 0.50831 0.0574134 0.870527 0.492061 0.00766396 0.891118 0.44968 0.0607988 0.939936 0.334943 0.0658263 0.972538 0.220662 0.074009 0.986881 0.144086 0.072842 0.993302 0.0942697 0.0668204 0.815393 0.551391 0.176358 0.846981 0.481176 0.226038 0.83761 0.484268 0.252771 0.944098 0.243967 0.22172 0.972284 0.181122 0.147845 0.889915 0.303439 0.340554 0.996553 -0.0203361 0.080431 0.996615 -0.0489008 0.0660803 0.996676 -0.0718853 0.0383344 0.995039 -0.00692931 0.0992437 0.994459 -0.10005 0.0322579 0.362749 0.700098 -0.615041 0.986276 -0.147225 0.0747267 0.997398 -0.0213975 0.0688455 0.997844 -0.0251128 0.0606282 0.958902 -0.273172 0.076704 0.939706 -0.324261 0.108661 0.991491 -0.0909849 0.0931019 0.849731 -0.518284 0.0966376 0.906408 -0.422201 -0.0130651 0.926335 -0.376349 -0.01628 0.884948 -0.465686 -0.00194982 0.93019 -0.366599 0.0187849 0.988929 -0.143851 0.0364207 0.973822 -0.226877 0.0140768 0.965807 -0.259254 -0.00194884 0.998276 -0.0359434 0.0464065 0.996792 0.0554259 0.0577331 0.97491 -0.222563 -0.00398796 0.996503 0.0592577 0.0589122 0.996497 0.0574741 0.0607456 0.99683 0.0529 0.0594296 0.648977 -0.451929 0.612037 0.475321 -0.461765 0.748895 0.814944 -0.430423 0.388076 0.91703 -0.309795 0.251164 0.995176 0.0342725 0.0919228 0.919264 -0.344958 0.189626 0.736818 -0.600968 0.309737 0.800904 -0.57083 0.180848 0.639241 -0.729084 0.244555 0.634352 -0.67282 0.380672 0.512637 -0.808702 0.28845 0.725467 -0.677242 0.122643 0.453466 -0.874838 0.170372 0.136354 -0.879533 0.455883 0.34487 -0.734172 0.584856 -0.0188954 -0.953341 0.301303 0.46405 -0.885108 0.0352369 -0.075332 -0.99517 0.0629378 -0.375407 -0.841963 0.387515 -0.170333 -0.811294 0.559276 -0.479769 -0.871183 0.104219 0.0107805 -0.978155 -0.207599 -0.414418 -0.883482 -0.218443 0.272125 -0.488578 -0.828999 0.49765 -0.574615 -0.64974 0.822466 -0.294237 -0.486799 0.764764 -0.23971 -0.59806 -0.28202 -0.771901 -0.569766 0.135515 -0.860956 -0.490297 0.632709 -0.7448 -0.212017 0.823577 -0.530971 -0.199477 0.679664 -0.729358 -0.0780709 0.827621 -0.559823 -0.0405242 0.83656 -0.537978 -0.103665 0.759278 -0.650224 0.0265629 0.84063 -0.540763 0.0302717 0.836903 -0.546824 -0.0240391 0.811869 -0.575389 0.0989741 0.857504 -0.513131 0.037197 0.950403 -0.307056 0.0495031 0.995946 -0.0725656 0.0531575 0.996961 0.0506279 0.0592114 0.916347 -0.3983 -0.0407942 0.973077 -0.230434 -0.00453186 0.942573 -0.330188 -0.0503217 0.993044 -0.114429 0.0277416 0.988231 -0.152066 -0.0165881 0.952159 -0.272969 -0.137412 0.0885071 -0.715181 0.693313 0.176766 -0.321635 -0.930218 0.134357 -0.04567 -0.98988 0.131656 -0.113563 -0.984769 0.15113 -0.379406 -0.912804 0.180771 -0.577476 -0.796142 0.228195 -0.493521 -0.839264 0.206378 -0.250992 -0.945733 0.036071 0.251609 -0.967157 0.0468743 0.19481 -0.97972 -0.0145827 0.290193 -0.956857 -0.0338569 0.440816 -0.896959 0.0503496 0.284157 -0.957455 0.0685464 0.187798 -0.979813 0.0217148 0.426888 -0.904044 0.106182 0.3186 -0.941923 0.108047 0.148635 -0.982972 0.0899344 0.165401 -0.982117 0.0743814 0.301872 -0.950442 0.0610538 0.437828 -0.896983 0.10228 0.463509 -0.88017 0.0813338 -0.404605 -0.910867 0.0581348 -0.532022 -0.844733 0.115662 -0.559078 -0.821008 0.11954 -0.394666 -0.911015 0.117104 -0.187126 -0.975331 0.0945388 -0.236528 -0.967014 0.0235794 -0.85821 -0.512758 0.162523 -0.940638 -0.297971 0.182563 -0.89493 -0.40715 0.0446374 -0.82917 -0.557212 0.145388 -0.801382 -0.580215 0.0346812 -0.781103 -0.623439 0.135507 -0.717042 -0.683731 0.048396 -0.707019 -0.705536 0.131123 -0.658324 -0.741227 0.0589807 -0.628389 -0.77566 0.212703 -0.667627 -0.713464 0.218107 -0.639566 -0.737146 0.317286 -0.601522 -0.733144 0.252033 -0.538447 -0.804086 0.222728 -0.674561 -0.703818 0.353033 -0.61291 -0.706901 0.24606 -0.290375 -0.924736 0.21207 -0.273339 -0.938249 0.412193 -0.876697 -0.247991 0.541948 -0.635099 -0.550401 0.402633 -0.295931 -0.866205 0.0143375 0.105279 -0.994339 0.0520031 0.0899937 -0.994584 0.668003 -0.655461 -0.352338 0.52932 -0.316442 -0.787201 -0.00648105 0.0913889 -0.995794 -0.478337 0.46148 -0.747148 -0.343311 0.460437 -0.818618 -0.51881 0.829666 0.206132 -0.238226 0.809477 0.536652 -0.199868 0.958514 0.203233 -0.421709 0.902871 -0.0835792 -0.477376 0.75289 -0.453066 -0.617468 0.75226 -0.229866 -0.197847 0.881265 -0.42922 -0.241055 0.713181 -0.658229 -0.145457 0.444941 -0.883668 -0.174919 0.665273 -0.72582 -0.0998473 0.414225 -0.904681 0.0605189 0.0805423 -0.994912 -0.0577206 0.36815 -0.927973 0.0634256 0.0755281 -0.995125 0.214091 -0.264694 -0.940267 0.0664372 0.0767328 -0.994836 0.0752404 0.101637 -0.991972 0.09415 0.0663034 -0.993348 0.104119 0.00558475 -0.994549 0.102591 -0.0426825 -0.993808 -0.104073 0.581566 -0.806814 -0.0452593 0.656272 -0.753166 -0.123059 0.807236 -0.577258 0.0142114 0.808659 -0.588106 0.0316293 0.635205 -0.771695 -0.0744114 0.963389 -0.257574 0.118354 0.958221 -0.260394 0.101027 0.717668 -0.689019 0.142524 0.942322 0.302845 0.115386 0.732463 0.670957 0.0823588 0.569903 -0.817574 0.476241 -0.874306 0.0937188 -0.00563566 -0.388653 -0.921367 0.0121471 -0.418032 -0.908351 0.0522536 -0.258091 -0.964706 0.0549584 -0.223899 -0.973062 -0.0359463 -0.468794 -0.882576 -0.0226726 -0.51607 -0.856247 0.0267092 -0.277152 -0.960455 0.177163 0.250972 -0.951644 0.206263 0.322463 -0.923836 0.152919 0.117156 -0.98127 0.125129 0.0725415 -0.989485 0.129017 0.113229 -0.985157 0.170746 0.309861 -0.935325 0.195389 0.430707 -0.881087 0.143257 0.322788 -0.935567 0.121015 0.137066 -0.983142 0.1538 0.462186 -0.873344 0.043399 -0.413524 -0.909458 0.0126085 -0.517866 -0.855369 0.0694474 -0.262126 -0.962532 -0.0300144 -0.693958 -0.719389 -0.0446644 -0.634102 -0.771959 -0.0333314 -0.730011 -0.682622 -0.0150824 -0.674884 -0.73777 0.00261111 -0.600343 -0.799739 -0.0442039 -0.576074 -0.816202 -0.0629667 -0.633463 -0.771207 -0.0503992 -0.50575 -0.861207 -0.0744656 -0.535675 -0.841135 -0.0780671 -0.675427 -0.733283 -0.0780945 -0.559613 -0.825067 -0.00287883 -0.353799 -0.935317 -0.00796042 -0.358283 -0.933579 -0.0395967 -0.519873 -0.853326 -0.0615572 -0.640831 -0.76521 0.0374127 -0.31826 -0.947265 0.0913902 -0.117954 -0.988805 0.105683 -0.100887 -0.989269 0.0663906 -0.287637 -0.955436 -0.0188271 -0.485792 -0.873872 0.146775 -0.0751486 -0.986311 0.164133 0.126043 -0.978352 0.144739 0.102548 -0.984142 0.323008 0.676324 -0.662006 0.258406 0.622364 -0.738843 0.375087 0.897972 -0.230122 0.535118 0.739718 0.408002 0.178808 0.322176 -0.92964 0.193463 0.350766 -0.916262 0.21822 0.382701 -0.89773 0.241335 0.593894 -0.767494 0.170772 0.139095 -0.975443 0.170316 0.139939 -0.975402 0.218257 0.363297 -0.905748 0.0906922 -0.10794 -0.990012 0.0933912 -0.0904375 -0.991513 0.167501 0.135653 -0.976495 0.00844856 -0.323122 -0.94632 0.0965485 -0.0782994 -0.992244 0.090415 -0.0740542 -0.993147 0.0927457 -0.0770659 -0.992703 0.0984127 -0.0690257 -0.992749 0.209722 0.346874 -0.914164 0.208147 0.486991 -0.848242 0.213599 0.539293 -0.814579 0.150544 0.559173 -0.815268 0.155039 0.637715 -0.754508 0.183856 0.733809 -0.654004 -0.0436652 -0.599231 -0.799385 -0.733789 0.0261914 -0.678873 -0.738436 0.0396857 -0.673155 -0.738937 0.0809915 -0.668889 -0.733933 0.0743413 -0.675142 -0.735965 -0.0184893 -0.676768 -0.74069 -0.142495 -0.656561 -0.741199 -0.171822 -0.648923 -0.770487 -0.0323409 -0.636635 -0.759651 0.000408839 -0.650331 -0.733442 -0.235768 -0.637555 -0.740719 -0.215762 -0.636225 -0.775417 0.0270287 -0.630871 -0.763996 0.0438056 -0.643732 -0.775456 -0.0670129 -0.627835 -0.771003 -0.0606842 -0.633933 -0.764197 -0.129557 -0.631837 -0.767405 -0.0380712 -0.640031 -0.773198 -0.0174685 -0.633925 -0.777693 -0.0144071 -0.628479 -0.781066 0.0158334 -0.624248 -0.758443 -0.0410704 -0.650444 -0.749222 0.0325493 -0.661518 -0.742427 0.0283201 -0.669328 -0.744964 0.0249915 -0.666637 -0.750911 -0.00489201 -0.660386 -0.763042 -0.108716 -0.637141 -0.771384 0.0351886 -0.635397 -0.866798 -0.248437 -0.432366 -0.810506 -0.235951 -0.536104 -0.751858 0.0457808 -0.657734 -0.791172 -0.20093 -0.577646 -0.750888 0.0475 -0.658719 -0.770794 -0.130463 -0.623583 -0.743025 0.0602995 -0.666541 -0.747978 -0.0362679 -0.662732 -0.740456 0.0703092 -0.668417 -0.751177 -0.185626 -0.633464 -0.756035 -0.330041 -0.56523 -0.710257 -0.4864 -0.508872 -0.733761 -0.331334 -0.593138 -0.756063 -0.415511 -0.505687 -0.67902 -0.656872 -0.327798 -0.440288 -0.885966 -0.145639 -0.606925 -0.659538 -0.443454 -0.819244 -0.510156 -0.261878 -0.589657 -0.790143 0.167269 -0.238054 -0.94558 0.221833 0.0460595 -0.998202 0.0383537 -0.286365 -0.927234 -0.241312 -0.553218 -0.698309 0.454218 -0.10917 -0.856609 0.504284 0.274169 -0.918519 0.284875 0.382183 -0.90706 -0.176572 0.121873 -0.952311 -0.279733 -0.0758238 -0.487364 -0.869901 -0.522544 -0.240407 -0.818017 -0.615121 -0.270363 -0.740628 -0.303621 -0.544912 -0.781591 0.0377297 -0.801324 -0.59704 0.25877 -0.757864 -0.5989 -0.566785 -0.468421 -0.677744 -0.345312 -0.708825 -0.615082 -0.220419 -0.883843 -0.412598 -0.546816 -0.56862 -0.614543 -0.460441 -0.718265 -0.521621 -0.497079 -0.749367 -0.437449 -0.626273 -0.512632 -0.587359 -0.652892 -0.499813 -0.56914 -0.700848 -0.418952 -0.577314 -0.738656 -0.188108 -0.647304 -0.747263 0.0366698 -0.663516 -0.749678 0.0663778 -0.658466 -0.759424 -0.0319027 -0.649813 -0.763588 -0.145311 -0.629141 -0.656791 -0.413528 -0.630571 -0.727709 -0.229586 -0.646321 -0.658718 -0.366004 -0.657367 -0.732193 -0.158774 -0.662333 -0.771877 -0.0747687 -0.63136 -0.682692 -0.222155 -0.696117 -0.784444 0.0396354 -0.618932 -0.788222 0.045177 -0.613731 -0.782863 0.041356 -0.620818 -0.760811 0.0373386 -0.647899 -0.787399 0.0516381 -0.614277 -0.871947 -0.485534 0.0629674 -0.796631 0.0566605 -0.601804 -0.792317 -0.0403124 -0.608776 -0.792347 -0.120396 -0.598073 -0.796301 0.0591142 -0.602005 -0.761192 0.220647 -0.609837 -0.774487 0.0949107 -0.625429 -0.729094 0.344024 -0.591667 -0.758816 0.0746387 -0.647015 -0.745943 0.301813 -0.593698 -0.7127 0.418553 -0.562914 -0.768255 0.066739 -0.636656 -0.755663 -0.154367 -0.63651 -0.750819 -0.0738254 -0.656369 -0.761597 0.104986 -0.63949 -0.762483 -0.0850196 -0.641399 -0.756152 -0.181526 -0.628714 -0.775758 0.0430954 -0.629557 -0.774418 -0.0696613 -0.628828 -0.761861 0.043324 -0.64629 -0.774103 -0.158852 -0.612806 -0.637616 0.296909 -0.710839 -0.650714 0.290874 -0.701401 -0.669324 0.262947 -0.694885 -0.706808 0.209683 -0.675615 -0.73579 0.143935 -0.661737 -0.732136 0.232778 -0.64015 -0.672974 0.344738 -0.654417 -0.696544 0.379396 -0.609004 -0.60799 0.512704 -0.606203 -0.590226 0.434238 -0.680493 -0.489226 0.62201 -0.611361 -0.495537 0.705212 -0.507069 -0.349285 0.805668 -0.478434 -0.440588 0.671341 -0.595973 -0.546761 0.48131 -0.685123 -0.30699 0.844436 -0.438958 -0.327622 0.893479 -0.307178 -0.304634 0.911875 -0.275104 -0.345926 0.834303 -0.42927 -0.467046 0.663387 -0.584624 -0.344331 0.892906 -0.290094 -0.448451 0.866411 -0.219598 -0.477812 0.842905 -0.247401 -0.75987 0.527701 -0.379644 -0.77258 0.532482 -0.345807 -0.834937 0.324273 -0.444665 -0.836796 0.307699 -0.452873 -0.616466 0.728635 -0.298431 -0.626037 0.735228 -0.259841 -0.647126 0.696926 -0.309066 -0.768238 0.486329 -0.416286 -0.464484 0.85106 -0.244851 -0.540094 0.761151 -0.359094 -0.681587 0.585876 -0.438392 -0.44596 0.804218 -0.392878 -0.560226 0.668102 -0.489681 -0.617523 0.634723 -0.464534 -0.614214 0.560161 -0.555842 -0.706381 0.41726 -0.57177 -0.786039 0.0575361 -0.615494 -0.777898 -0.162476 -0.607023 -0.764705 -0.204347 -0.61112 -0.714785 0.45546 -0.530696 -0.762568 0.254691 -0.594662 -0.762767 0.375354 -0.526589 -0.785309 0.144463 -0.602014 -0.794743 0.214381 -0.567824 -0.815652 0.278372 -0.507169 -0.572481 0.478972 -0.66547 -0.682112 -0.205422 -0.701801 -0.693693 -0.061784 -0.717616 -0.691995 0.0935146 -0.71582 -0.697917 -0.025955 -0.715708 -0.653889 -0.378669 -0.655011 -0.599773 -0.490655 -0.632084 -0.645941 -0.320936 -0.692647 -0.692509 -0.0310847 -0.720739 -0.691605 -0.0412616 -0.721097 -0.67804 -0.133224 -0.72285 -0.686331 -0.0643843 -0.724434 -0.691353 0.00723748 -0.722481 -0.69229 0.0116231 -0.721525 -0.687015 0.00212897 -0.72664 -0.703807 0.0673277 -0.707194 -0.699695 0.0320101 -0.713724 -0.694503 0.0255663 -0.719036 -0.696808 0.028094 -0.716708 -0.699241 0.0596492 -0.712393 -0.711138 0.125671 -0.69173 -0.686435 0.0866103 -0.722015 -0.696941 -0.0486719 -0.715475 -0.69173 -0.17891 -0.699643 -0.683948 0.0799679 -0.725134 -0.682961 0.134671 -0.717933 -0.689467 0.0985354 -0.717584 -0.647926 -0.722602 0.240913 -0.352257 -0.908647 0.224222 -0.40672 -0.911648 0.0589668 -0.665812 -0.746011 0.0127221 -0.518569 -0.821954 -0.235536 -0.675154 -0.662269 -0.32491 -0.613429 -0.666292 -0.423981 -0.705759 -0.489222 -0.512413 -0.661423 -0.463579 -0.589588 -0.70985 -0.263048 -0.65339 -0.572172 -0.623931 -0.532287 -0.487203 -0.784708 -0.383231 -0.406927 -0.789362 -0.459694 -0.506863 -0.659215 -0.55545 -0.347987 -0.90483 -0.245331 -0.265876 -0.88748 -0.376418 -0.211305 -0.827122 -0.520787 -0.383928 -0.721898 -0.575728 -0.200179 -0.979388 -0.0269823 -0.0612528 -0.978529 -0.196797 -0.0260769 -0.906521 -0.421355 -0.0952757 -0.748849 -0.655856 -0.269595 -0.689332 -0.672413 0.0834044 -0.994915 -0.0564662 0.071581 -0.936266 -0.343923 -0.00673736 -0.768202 -0.640172 -0.305158 -0.519175 -0.798333 -0.337562 -0.513996 -0.788581 -0.851982 0.163075 -0.497527 -0.893279 0.447511 0.0422653 -0.830355 0.519456 -0.201683 -0.794408 0.172832 -0.582276 -0.600452 -0.18571 -0.777798 -0.612185 -0.191101 -0.767274 -0.756954 0.156863 -0.634362 -0.625316 -0.172836 -0.760991 -0.42596 -0.470167 -0.772982 -0.65337 -0.149629 -0.742104 -0.52419 -0.397282 -0.753254 -0.42288 -0.595078 -0.683415 -0.618112 -0.275147 -0.736364 -0.560871 -0.42894 -0.70812 -0.529169 -0.556176 -0.640819 -0.663909 -0.20717 -0.718544 -0.693282 -0.0357586 -0.719779 -0.692032 0.0582101 -0.719516 -0.690397 0.0760713 -0.719421 -0.695537 0.0511461 -0.716668 -0.661594 -0.123574 -0.73961 -0.6963 0.00371864 -0.717741 -0.729111 0.11879 -0.674007 -0.731914 0.388765 -0.559611 -0.729942 0.197888 -0.654236 -0.761938 0.474563 -0.440727 -0.63759 0.747687 -0.18559 -0.667162 0.563649 -0.487027 -0.629633 0.743567 0.225102 -0.61079 0.599508 0.517229 -0.711908 0.370793 -0.596405 -0.131675 -0.986449 0.0978795 -0.693329 0.0427257 -0.719354 -0.701684 -0.00236665 -0.712485 -0.6978 0.0301762 -0.715657 -0.683519 0.106786 -0.722079 -0.682706 0.0780147 -0.726516 -0.704516 -0.016428 -0.709498 -0.641469 0.240132 -0.728597 -0.675947 0.276903 -0.68295 -0.670065 0.329017 -0.665402 -0.670799 0.28629 -0.684154 -0.684261 0.203842 -0.700168 -0.701513 0.104992 -0.70488 -0.695417 0.202212 -0.689569 -0.683882 0.30966 -0.660618 -0.70551 0.12497 -0.697595 -0.703917 0.0531565 -0.708291 -0.712504 0.193428 -0.67448 -0.698411 0.0366535 -0.714758 -0.703597 -0.0289536 -0.71001 -0.697718 0.0425931 -0.715105 -0.817185 -0.516691 -0.255421 -0.85938 -0.509258 -0.0460835 -0.755281 -0.453888 -0.472796 -0.751654 -0.327779 -0.572344 -0.717042 -0.134737 -0.683883 -0.706487 -0.0182929 -0.707489 -0.742932 -0.127438 -0.657124 -0.660934 0.14187 -0.736912 -0.627095 0.17176 -0.75977 -0.765533 -0.18031 -0.617615 -0.630285 0.175187 -0.75634 -0.537772 0.398677 -0.742871 -0.474969 0.45967 -0.750405 -0.593494 0.178912 -0.784701 -0.800741 -0.191593 -0.567543 -0.268126 0.504943 -0.820452 -0.51723 0.511556 -0.686137 -0.0642829 0.707044 -0.704242 -0.125254 0.488532 -0.863509 -0.554198 0.175063 -0.813767 0.212221 0.711706 -0.669654 0.145696 0.911739 -0.384064 0.347217 0.899951 -0.263684 0.0912053 0.898028 0.43038 -0.193124 0.981171 0.00271619 -0.310939 0.888979 0.336204 -0.214466 0.770773 0.599928 0.294651 0.947039 0.127666 0.118027 0.990922 -0.064366 -0.435238 0.747657 -0.501575 -0.509912 0.755471 -0.411405 -0.231482 0.827756 -0.511113 -0.625342 0.451994 -0.63612 -0.619631 0.494971 -0.609148 -0.608931 0.386946 -0.692441 -0.599254 0.374574 -0.707524 -0.682501 0.287775 -0.671847 -0.600381 0.30881 -0.737685 -0.634223 0.310245 -0.708173 -0.680659 0.158647 -0.715216 -0.698635 0.0609832 -0.712875 -0.700241 0.032123 -0.713184 -0.659576 0.380948 -0.647949 -0.658536 0.436463 -0.61305 -0.618424 0.574544 -0.536144 -0.677997 0.437325 -0.590818 -0.620039 0.655553 -0.431046 -0.428259 0.903266 -0.0265564 -0.837534 -0.195505 -0.51021 0.880664 0.471476 -0.0462759 0.884407 0.466563 -0.0119637 0.983965 0.175984 0.0290178 0.969152 0.246315 0.00855997 0.92799 0.371238 -0.0318986 0.764409 0.639403 -0.082725 0.655537 0.752638 -0.0617018 0.967476 0.248116 0.0492783 0.940103 0.338136 0.0432576 0.765127 0.636734 0.0956579 0.878576 0.462237 0.12017 0.994659 0.0965782 0.0364164 0.997129 0.0707367 0.0270091 0.965524 0.245515 0.0865152 0.983255 -0.182196 0.00388629 0.970714 -0.239814 0.0142574 0.996023 -0.0858657 0.0237697 0.998672 -0.0480594 0.0185484 0.994137 0.0939946 0.0534562 0.9974 -0.0718771 0.00525612 0.991496 -0.120947 0.0480263 0.995977 -0.0818593 0.0364585 0.989879 0.140523 -0.0198261 0.998042 0.0553674 0.0290878 0.999052 0.00532663 0.0431946 0.981704 -0.18409 0.0486752 0.999166 -0.0401059 0.00762275 0.850663 0.342562 -0.398778 0.894538 0.320668 -0.311406 0.999099 -0.0274398 0.032367 0.953949 0.277985 -0.112721 0.995187 -0.0627272 0.0752877 0.980423 0.196247 -0.0160733 0.993058 -0.0844058 0.0819236 0.988964 0.147563 0.013226 0.995885 -0.0781748 0.0458549 0.90745 0.418075 -0.0418021 0.85591 0.50279 -0.12091 0.608794 0.771813 -0.183507 0.699282 0.705375 -0.11598 0.759811 0.600029 -0.250303 0.50183 0.826549 -0.25492 0.345276 0.929922 -0.126608 0.426715 0.899027 -0.0983076 0.599713 0.650336 -0.466269 0.277356 0.872169 -0.402981 0.0417245 0.973719 -0.223898 -0.0408626 0.998505 0.0363049 0.280026 0.959439 0.0325835 0.0809901 0.869124 -0.487918 -0.181906 0.930602 -0.317633 -0.276933 0.960889 -0.000103692 -0.141718 0.947918 0.285249 0.050109 0.961119 0.271551 0.506894 0.606162 0.612883 0.865101 0.24781 0.436108 0.885135 0.245205 0.395489 0.59345 0.610028 0.525055 0.282963 0.829482 0.481552 0.135517 0.829935 0.541149 0.700858 0.592144 0.397697 0.461472 0.80605 0.370578 0.30653 0.92724 0.215094 0.542807 0.777744 0.316979 0.397732 0.894592 0.203749 0.368121 0.928746 0.0437927 0.545752 0.81675 0.187282 0.449431 0.890373 0.0724405 0.508194 0.858611 -0.0672726 0.666685 0.745039 0.021182 0.905923 0.422911 0.0211983 0.991518 0.126202 0.0310735 0.998272 -0.0430558 0.039981 0.972368 -0.231546 0.0297696 0.705478 0.65836 0.262417 0.870506 0.431629 0.236465 0.773594 0.539726 0.332037 0.9348 0.253955 0.248307 0.969649 0.20031 0.1402 0.909891 0.266381 0.318024 0.994684 -0.10155 0.0170616 0.995894 -0.0805605 0.0412929 0.991355 -0.128092 -0.0284381 0.986831 -0.136235 -0.0872023 0.997025 -0.0766763 -0.00789027 0.463402 0.687947 -0.558559 0.857495 -0.504735 0.0997277 0.927198 -0.3636 0.0899953 0.947036 -0.31394 0.0675627 0.913512 -0.400304 0.0724734 0.769433 -0.625101 0.131233 0.876111 -0.466584 0.121364 0.792902 -0.603632 0.0832763 0.989161 -0.14624 0.0132312 0.922891 -0.381655 -0.0511147 0.903225 -0.429167 0.000372173 0.985076 -0.168305 0.0360345 0.988684 -0.146674 0.0314692 0.992548 -0.12175 0.00502075 0.967194 -0.248603 -0.0522718 0.982408 -0.186644 0.00623443 0.964489 -0.263642 0.0159341 0.979572 -0.197536 -0.0376544 0.961535 -0.263512 0.0775383 0.94808 -0.298417 0.109966 0.948817 -0.31051 0.0577013 0.872111 -0.387618 0.298621 0.824948 -0.414487 0.384266 0.924985 -0.338598 0.172491 0.940428 -0.314082 0.130183 0.952858 -0.289943 0.0894094 0.865597 -0.486415 0.118923 0.855917 -0.49942 0.134112 0.758477 -0.638427 0.130857 0.735722 -0.661997 0.143084 0.812174 -0.550456 0.193318 0.655578 -0.729579 0.19476 0.589017 -0.800074 0.113757 0.498274 -0.855803 0.139014 0.361029 -0.854599 0.373254 0.652454 -0.64272 0.401515 0.202721 -0.960248 0.191907 0.468391 -0.883135 0.0261089 0.276106 -0.961127 0.000754867 -0.0396258 -0.967883 0.248258 0.134707 -0.852389 0.50526 0.0646175 -0.997908 -0.00191617 0.373943 -0.915751 -0.146859 0.214171 -0.961186 -0.173932 0.389095 -0.741228 -0.546979 0.533414 -0.699663 -0.475332 0.762233 -0.471945 -0.443022 0.681507 -0.494259 -0.539682 0.255349 -0.906026 -0.337512 0.428018 -0.843854 -0.323592 0.568813 -0.774686 -0.27625 0.649211 -0.671146 -0.357895 0.519787 -0.846184 -0.117446 0.548042 -0.823082 -0.148948 0.622992 -0.737477 -0.260784 0.505422 -0.86286 0.00457005 0.616848 -0.787032 -0.00892252 0.687161 -0.71914 -0.103191 0.675083 -0.732693 0.0861622 0.868005 -0.49482 0.0414719 0.966134 -0.251422 0.0580682 0.968796 -0.242483 0.0513484 0.947254 -0.319069 0.0300642 0.765199 -0.622004 -0.16608 0.848257 -0.492961 -0.19352 0.733427 -0.606732 -0.30653 0.932788 -0.328971 -0.147259 0.8939 -0.385196 -0.229273 0.833115 -0.445228 -0.328164 0.529963 -0.654398 0.539354 -0.061984 0.322595 0.944505 -0.0113491 0.12077 0.992616 -0.0291774 0.225948 0.973702 -0.0632113 0.391811 0.917872 -0.0879839 0.507035 0.857423 -0.0919715 0.42756 0.899296 -0.0366331 0.178455 0.983266 0.0777725 -0.353293 0.932274 0.0132316 -0.105084 0.994375 0.0576377 -0.213293 0.975287 0.134586 -0.478079 0.867944 0.066517 -0.417652 0.906169 0.0210171 -0.13263 0.990943 0.108899 -0.587858 0.801601 0.000227203 -0.379125 0.925346 0.00405239 -0.116713 0.993157 0.0165609 -0.130191 0.991351 0.0316046 -0.411632 0.910802 0.0518504 -0.607422 0.792685 -0.00231385 -0.570894 0.821021 -0.0090447 0.385188 0.922794 -0.0176273 0.457605 0.888981 -0.0540056 0.487609 0.87139 -0.0371298 0.400664 0.915473 -0.0155997 0.287568 0.957633 0.00752622 0.290387 0.95688 0.0356517 0.851361 -0.523368 -0.300259 0.893585 -0.333691 -0.270156 0.962678 0.0163249 0.013055 0.999848 -0.0115773 -0.120293 0.858138 0.499127 -0.00257129 0.805086 0.593153 -0.0829528 0.700975 0.708345 -0.0134552 0.651867 0.758214 -0.0566745 0.575541 0.815807 -0.00714587 0.546901 0.837167 -0.104569 0.571505 0.813909 -0.145447 0.675321 0.72304 -0.133446 0.52283 0.841927 -0.118536 0.478141 0.870248 -0.25301 0.807293 0.533164 -0.160726 0.575405 0.801921 -0.0935211 0.284369 0.954143 -0.0778504 0.271848 0.959186 -0.452218 0.859834 0.237031 -0.414997 0.640104 0.646564 -0.090793 0.291138 0.952363 0.00111341 -0.00511753 0.999986 0.00713456 -0.00730055 0.999948 -0.694243 0.606681 0.387253 -0.188233 0.338298 0.922021 -0.0202955 0.00787839 0.999763 0.1117 -0.302684 0.946523 0.101098 -0.299459 0.948738 0.609427 -0.780004 -0.142097 0.290617 -0.80101 -0.523378 0.247551 -0.967814 0.0453323 0.484384 -0.861531 0.152108 0.274867 -0.617126 0.737295 0.372381 -0.660209 0.65227 0.276458 -0.835042 0.475684 0.203129 -0.56889 0.796933 0.119729 -0.307551 0.943969 0.127748 -0.512101 0.849372 0.105158 -0.284489 0.952895 0.00581028 -0.0116614 0.999915 0.0988752 -0.268318 0.958243 0.0110818 -0.0197187 0.999744 -0.0557532 0.227406 0.972203 0.00722643 -0.00745413 0.999946 -0.00735784 0.0152653 0.999856 -0.0135714 0.0714674 0.997351 -0.00198247 0.119419 0.992842 0.0120533 0.127369 0.991782 0.144022 -0.494918 0.856921 0.105753 -0.613541 0.78255 0.121622 -0.678631 0.724339 0.0923372 -0.774145 0.626237 0.072757 -0.703284 0.707176 0.12372 -0.845546 0.51937 -0.00126732 -0.871857 0.489758 0.00483063 -0.772985 0.634405 -0.0163093 -0.962254 0.271665 -0.0567918 -0.989655 0.131746 -0.00247227 -0.686643 0.726991 -0.535357 0.843945 -0.0339218 0.0412835 0.254111 0.966293 0.0385163 0.315771 0.948053 0.0178532 0.163112 0.986446 -0.00669525 0.0739252 0.997241 0.093475 0.381423 0.919663 0.0775314 0.440077 0.894607 0.0155681 0.138221 0.990279 -0.0744521 -0.285326 0.955534 -0.110377 -0.352319 0.929348 -0.0930575 -0.217978 0.971507 -0.0546828 -0.158051 0.985916 -0.0295478 -0.140819 0.989594 -0.060567 -0.314649 0.947274 -0.08922 -0.436283 0.895375 -0.0340822 -0.342201 0.939008 -0.00608101 -0.122361 0.992467 -0.0503638 -0.507965 0.859904 0.017187 0.356218 0.934245 0.0291641 0.443409 0.895845 0.0199334 0.247856 0.968592 0.20759 0.929895 0.303648 0.312421 0.948294 -0.0559622 0.0869378 0.769262 0.632991 0.0555351 0.649834 0.758044 0.0423187 0.53955 0.840889 0.105584 0.526379 0.843669 0.137334 0.610918 0.779691 0.126924 0.438914 0.889519 0.166913 0.493311 0.853689 0.188068 0.696651 0.692321 0.21786 0.549446 0.806627 0.0975862 0.253859 0.962306 0.145544 0.293699 0.944753 0.259962 0.590014 0.764397 0.257214 0.787443 0.560157 0.17101 0.313128 0.934188 -0.0181341 -0.0276854 0.999452 -0.000713526 -0.0183541 0.999831 0.186807 0.32379 0.927504 0.289326 0.606984 0.740177 0.0261709 -0.00361263 0.999651 -0.121839 -0.300232 0.946053 -0.100673 -0.28363 0.953635 -0.190971 -0.684697 0.703364 -0.196762 -0.694817 0.691747 -0.163299 -0.882815 0.440421 -0.16921 -0.901293 0.398797 -0.175672 -0.500229 0.847886 -0.18178 -0.512689 0.83911 -0.171486 -0.489727 0.854845 -0.170408 -0.662252 0.729646 -0.132353 -0.296493 0.945819 -0.118209 -0.272479 0.954873 -0.134455 -0.433416 0.891107 -0.0386838 -0.04206 0.998366 -0.054719 -0.0587157 0.996774 -0.110248 -0.252507 0.961294 0.0550183 0.203926 0.977439 -0.0531882 -0.0674152 0.996306 -0.0348353 -0.0460649 0.998331 -0.00732776 0.0209196 0.999754 0.0128779 0.0903951 0.995823 -0.116365 -0.393776 0.911811 -0.101394 -0.509895 0.85424 -0.122628 -0.578345 0.806523 -0.0589591 -0.615625 0.785831 -0.0787152 -0.703894 0.70593 -0.120393 -0.807036 0.578098 0.336613 0.829501 0.445668 -0.118815 0.527533 0.841185 -0.095773 0.350708 0.931575 -0.0795153 0.46207 0.883272 -0.0753798 0.561117 0.824297 -0.0701782 0.442272 0.894131 -0.128047 0.484618 0.865303 -0.115479 0.344342 0.931715 0.0879142 -0.340364 0.936175 0.055147 -0.175118 0.983002 0.0846678 -0.221046 0.971581 0.132892 -0.43245 0.891811 0.0730223 -0.398679 0.914179 0.0399179 -0.213307 0.976169 0.110031 -0.533201 0.838803 -0.00504365 -0.393439 0.919337 -0.0109995 -0.228119 0.973571 0.0152368 -0.226188 0.973965 0.036639 -0.413893 0.909588 0.0539309 -0.56811 0.821184 0.00208072 -0.567265 0.823533 0.0160508 0.433484 0.901018 0.016759 0.431136 0.902131 -0.0207206 0.405627 0.913804 -0.0197401 0.523453 0.851826 -0.0372541 0.520371 0.853127 0.00692917 0.341557 0.939835 0.0426251 0.758249 -0.65057 -0.274995 0.825147 -0.493467 -0.24984 0.967373 -0.0420775 0.0254011 0.987088 -0.158151 -0.114823 0.833292 0.540777 0.00289899 0.886369 0.46297 -0.0529012 0.517147 0.85426 -0.00418869 0.601909 0.798554 -0.0317138 0.418797 0.907526 0.0125655 0.478415 0.878044 -0.0757532 0.409696 0.909071 -0.0996947 0.460448 0.88207 -0.154512 0.431396 0.888833 -0.133042 0.422877 0.896368 -0.177505 0.651109 0.737936 -0.246852 0.56877 0.78458 -0.215447 0.36215 0.906879 -0.163274 0.331009 0.929395 -0.455499 0.869377 0.191585 -0.601425 0.678194 0.422305 -0.518211 0.377769 0.767299 -0.0309594 0.0185512 0.999348 -0.0074021 0.0223272 0.999723 -0.762687 0.641978 0.0785685 -0.728964 0.39475 0.559271 -0.0688788 0.0192769 0.997439 0.632155 -0.376301 0.677332 0.46116 -0.355911 0.81281 0.619916 -0.703616 -0.347316 0.335323 -0.675104 -0.65711 0.318105 -0.903243 -0.288029 0.535338 -0.844562 0.011348 0.613848 -0.679821 0.40129 0.758883 -0.64801 0.0646482 0.269187 -0.805325 0.528195 0.300726 -0.615017 0.728916 0.212934 -0.336783 0.917189 0.221992 -0.544901 0.808581 0.15825 -0.296806 0.941734 -0.00364099 0.0204686 0.999784 0.120881 -0.262106 0.957438 0.00263314 0.0138985 0.9999 -0.144072 0.337288 0.930312 -0.00690641 0.033067 0.999429 -0.0140731 0.0573078 0.998257 -0.00994805 0.0568404 0.998334 -0.0094024 0.0582787 0.998256 -0.00590344 0.0299646 0.999534 0.177556 -0.498257 0.848654 0.141676 -0.629167 0.76425 0.179498 -0.690337 0.700867 0.0944801 -0.770337 0.630599 0.0727295 -0.681769 0.727944 0.156893 -0.92 0.359145 -0.00537595 -0.939065 0.343697 -0.00409389 -0.779552 0.626324 -0.0064317 -0.906961 -0.421165 -0.00574464 -0.602833 -0.797847 -0.00360161 -0.695327 0.718685 -0.553328 0.801746 -0.225902 0.0770516 0.256248 0.963535 0.0568249 0.257065 0.964722 0.00869745 0.0362966 0.999303 -0.00367922 -0.0108094 0.999935 0.127147 0.399791 0.907745 0.0859339 0.413181 0.906585 0.0688465 0.179371 0.98137 -0.057079 -0.209024 0.976243 -0.0686969 -0.254061 0.964746 -0.074767 -0.203697 0.976175 -0.0642104 -0.208243 0.975967 -0.0513041 -0.211681 0.975991 -0.038293 -0.221633 0.974378 -0.0521709 -0.334744 0.940864 -0.0258798 -0.275537 0.960942 -0.0313155 -0.208251 0.977574 -0.0346312 -0.464192 0.885057 0.0407106 0.244452 0.968806 0.050163 0.438716 0.897225 0.0175901 0.157254 0.987402 0.254389 0.966564 -0.0322407 0.286518 0.83428 -0.471047 0.130106 0.870794 0.474121 0.0825817 0.699066 0.710273 0.0687457 0.623749 0.778596 0.123866 0.606281 0.785545 0.176982 0.721145 0.669796 0.161908 0.485161 0.859305 0.208753 0.543674 0.812921 0.2335 0.787905 0.56981 0.278579 0.61102 0.740978 0.160736 0.310941 0.936739 0.222015 0.355104 0.908081 0.602124 0.681701 0.415609 0.44417 0.886188 0.13185 0.518885 0.369544 0.770841 0.0150922 0.0128522 0.999803 0.0298125 0.00897544 0.999515 0.727082 0.388917 0.565769 0.758745 0.647942 0.0669164 0.0615584 0.0108132 0.998045 -0.459682 -0.366253 0.809043 -0.634815 -0.385942 0.669372 -0.622696 -0.702246 -0.34511 -0.538036 -0.842823 0.0129203 -0.327908 -0.900717 -0.284932 -0.345156 -0.67354 -0.653614 -0.756901 -0.650676 0.0609989 -0.610753 -0.684436 0.398156 -0.296713 -0.618109 0.727944 -0.272402 -0.803811 0.528853 -0.205303 -0.345047 0.915857 -0.141977 -0.294278 0.945116 -0.20517 -0.526165 0.825261 0.0130597 0.0121061 0.999842 0.00548329 -0.00491394 0.999973 -0.0987632 -0.233288 0.967379 0.122724 0.269092 0.955263 -0.028745 -0.0855165 0.995922 -0.0548093 -0.176603 0.982755 -0.0482154 -0.173427 0.983666 -0.0181236 -0.0471555 0.998723 -0.128069 -0.394054 0.910121 -0.120874 -0.559318 0.820093 -0.182963 -0.689058 0.70123 -0.0753433 -0.667665 0.74064 -0.10161 -0.769021 0.631096 -0.165839 -0.91796 0.360344 0.521677 0.814791 -0.252919 0.589096 0.287113 0.755336 0.595613 0.20361 0.777038 0.62786 0.0412581 0.777232 0.613836 0.166742 0.771623 0.539474 0.531062 0.653407 0.467993 0.583831 0.663418 0.482392 0.476167 0.73523 0.658561 -0.107902 0.744751 0.613691 0.0615604 0.787143 0.575694 0.148306 0.804103 0.676397 -0.145398 0.722043 0.683499 -0.209375 0.699279 0.64461 -0.0475233 0.763033 0.710974 -0.394002 0.582476 0.610848 -0.235764 0.755831 0.61803 -0.126201 0.775959 0.637327 -0.106987 0.76313 0.657782 -0.243971 0.712601 0.64507 -0.399393 0.651437 0.574428 -0.30695 0.758824 0.615541 0.0441595 0.786866 0.64868 0.316275 0.692232 0.610663 0.44653 0.653989 0.622445 0.108609 0.775091 0.622647 0.0262195 0.782063 0.610355 -0.0228665 0.791798 0.412874 0.665121 -0.622213 0.259624 0.855497 -0.448019 0.412068 0.903089 -0.120954 0.58471 0.776131 -0.236082 0.484759 0.833402 0.265423 0.616752 0.742781 0.260564 0.513504 0.805402 0.296043 0.614954 0.722973 0.314869 0.547583 0.7418 0.387151 0.624851 0.655901 0.423503 0.458584 0.759964 0.460603 0.375962 0.844567 0.381259 0.268055 0.841225 0.469561 0.379885 0.738026 0.557678 0.311577 0.896865 0.313931 0.165538 0.914267 0.369748 0.142081 0.802349 0.579697 0.29434 0.708649 0.641234 0.192637 0.979669 -0.0560297 -0.114694 0.99206 0.0515874 -0.245427 0.881451 0.403496 0.0194417 0.605093 0.795917 0.3117 0.56354 0.765027 -0.358054 0.919395 -0.16282 -0.506923 0.824613 0.251083 -0.193702 0.593369 0.781276 0.392033 0.215487 0.894357 0.449417 0.214718 0.867133 0.853582 -0.520957 0.000980315 0.878368 -0.476489 0.0377891 0.757997 -0.567152 0.322147 0.81657 -0.541536 0.19988 0.814854 -0.275458 0.510035 0.862606 -0.280094 0.421259 0.757884 -0.519417 0.394737 0.752837 -0.251257 0.608363 0.52281 0.206793 0.826986 0.73157 -0.228197 0.642441 0.546391 0.188242 0.816102 0.410806 0.492786 0.767073 0.55887 0.172525 0.81111 0.459448 0.429364 0.777531 0.402835 0.610185 0.682201 0.522438 0.33194 0.785414 0.597748 0.151808 0.78718 0.630135 0.0155944 0.776329 0.625873 -0.0333283 0.779213 0.612944 -0.0799892 0.786067 0.705631 -0.189968 0.682639 0.735747 -0.48977 0.467763 0.753159 -0.522053 0.400265 0.602692 -0.500857 0.621212 0.634622 -0.468999 0.614243 0.586241 -0.52699 0.615307 0.454457 -0.590479 0.666936 0.43486 -0.481989 0.760646 0.699001 -0.71274 0.0583002 0.86509 -0.461557 -0.196427 0.527657 -0.414263 0.741596 0.0221672 0.939964 -0.340553 0.543854 -0.137879 0.827775 0.576329 -0.0356923 0.816438 0.56845 -0.121441 0.813705 0.529672 -0.223217 0.818304 0.511213 -0.160814 0.844275 0.573917 0.0131157 0.818809 0.479822 -0.301905 0.823787 0.56584 -0.315694 0.761684 0.476401 -0.522579 0.707074 0.488793 -0.439186 0.753788 0.577984 -0.252716 0.775931 0.589021 -0.196082 0.783968 0.578422 -0.264657 0.771612 0.530241 -0.461096 0.711502 0.589954 -0.213708 0.778642 0.600818 -0.154488 0.784316 0.551004 -0.338278 0.762865 0.594377 -0.00609815 0.804163 0.633879 0.164393 0.755759 0.592069 -0.0632159 0.803404 0.780697 0.614537 0.113387 0.794781 0.569898 -0.208662 0.69063 0.579198 0.433081 0.686416 0.552517 0.47282 0.675168 0.467547 0.570568 0.592162 0.162973 0.789166 0.615015 0.236611 0.752178 0.50647 -0.120225 0.853835 0.491774 -0.111954 0.863495 0.628072 0.261274 0.732981 0.473722 -0.106086 0.874261 0.398402 -0.369219 0.839615 0.345827 -0.393552 0.851775 0.432504 -0.0766248 0.89837 0.698707 0.32454 0.63756 0.174526 -0.407183 0.896517 0.250358 -0.61101 0.750991 -0.0244139 -0.656001 0.754365 0.0402932 -0.406945 0.912563 0.39526 -0.0932586 0.913823 -0.214705 -0.630928 0.745541 -0.118826 -0.848848 0.515109 -0.343079 -0.816538 0.464287 -0.339375 -0.844992 -0.413295 -0.0490975 -0.982254 -0.181016 0.340682 -0.853601 -0.394083 0.226227 -0.642273 -0.73233 -0.437327 -0.893997 0.0975396 -0.157736 -0.961047 0.226956 0.224739 -0.860032 0.45808 0.322654 -0.888445 0.326436 0.20494 -0.767741 0.607103 0.309613 -0.698044 0.645658 0.342703 -0.762567 0.548678 0.330215 -0.557156 0.761929 0.40247 -0.477009 0.781332 0.377563 -0.616888 0.690576 0.446491 -0.335055 0.829689 0.501585 -0.351239 0.790597 0.549622 -0.24667 0.798166 0.577183 -0.167746 0.7992 0.59693 -0.114149 0.794131 0.401613 -0.675107 0.618819 0.466287 -0.635469 0.615431 0.444766 -0.726175 0.524265 0.49517 -0.53253 0.686454 0.467186 -0.61389 0.636298 0.457194 -0.800255 0.388027 0.77487 0.303314 0.554596 0.971694 0.234306 0.0301834 0.974108 0.222554 0.0397982 0.971757 0.235397 0.0166548 0.976578 0.214603 0.0155546 0.974384 0.224267 0.0167495 0.966222 0.255726 0.0319147 0.960332 0.274793 0.0474443 0.935384 0.351355 0.0400759 0.933985 0.356456 0.0247189 0.904909 0.424227 0.034217 0.925638 0.376057 0.0421231 0.94429 0.324455 0.0551894 0.955508 0.293757 0.0266733 0.941189 0.331534 0.0651798 1 9.08617e-07 -2.57819e-06 1 -7.66544e-08 -2.23774e-06 0.990204 0.137965 0.021472 0.97692 0.207284 0.0515887 0.977022 0.205822 0.0553645 1 -4.26824e-06 -5.60872e-06 1 -1.50747e-06 -5.51235e-06 1 -2.76036e-06 -4.9098e-06 0.991448 0.130496 -0.00132211 0.990874 0.134774 0.00213314 0.989019 0.147761 0.00268618 1 -1.18632e-06 -5.02564e-06 1 -1.99683e-06 1.19502e-05 0.967549 0.204049 -0.149037 0.980409 0.182927 -0.0730447 1 -3.71356e-06 -1.97143e-05 0.989552 0.14336 0.015315 1 -3.63509e-06 -4.86872e-06 0.992006 0.124534 0.0203791 1 -3.03007e-06 -2.7878e-06 0.992275 0.123549 0.011249 1 -3.5761e-06 -4.12751e-06 0.970643 0.240134 0.0137276 0.959314 0.282327 0.00295306 0.8562 0.512605 -0.0644794 0.936742 0.349812 0.0120631 0.932087 0.359184 -0.0469168 0.722971 0.66402 -0.190762 0.506001 0.851276 -0.138896 0.647669 0.756392 -0.0916321 0.842881 0.462117 -0.275679 0.427776 0.749484 -0.505254 0.0286409 0.926557 -0.375063 -0.126497 0.991966 -0.00107775 0.447095 0.894408 0.0118186 0.201288 0.677933 -0.707029 -0.297699 0.789162 -0.537214 -0.517136 0.855903 -0.00060563 -0.184362 0.846793 0.498951 0.106594 0.934181 0.340505 0.675313 0.414614 0.609957 0.930068 0.178301 0.32122 0.947681 0.209656 0.240719 0.750204 0.474303 0.460685 0.465426 0.738333 0.488101 0.291343 0.678359 0.674498 0.868341 0.457191 0.19225 0.718249 0.662864 0.211493 0.523291 0.838161 0.153795 0.830547 0.547771 0.100686 0.68269 0.72539 0.087998 0.594013 0.804453 0.00183559 0.8203 0.570653 0.0382333 0.732636 0.680392 0.0176534 0.832791 0.553524 -0.00836724 0.923195 0.383266 0.0285983 0.970184 0.239539 0.0369435 0.967164 0.253123 0.0228779 0.987274 0.158944 0.00510495 1 -1.91581e-06 -3.20826e-06 0.896012 0.440235 0.0579295 0.943055 0.326739 0.0623587 0.920725 0.379389 0.0912657 0.98734 0.158563 0.00420709 0.989102 0.147223 -0.00152817 0.976779 0.204419 0.0641467 1 1.50633e-06 -1.00311e-06 1 1.61143e-06 -2.60516e-06 1 1.93216e-06 -1.86047e-06 1 3.54872e-06 -9.72922e-07 1 2.5998e-06 -9.18374e-07 0.729714 0.478298 -0.488619 0.971695 -0.234305 -0.0301806 0.976578 -0.214603 -0.0155527 0.971762 -0.235375 -0.0166579 0.974125 -0.222474 -0.0398139 0.966223 -0.255726 -0.0319119 0.974384 -0.224267 -0.0167475 0.960333 -0.274792 -0.0474422 0.935384 -0.351355 -0.0400785 0.925638 -0.37606 -0.0421167 0.904909 -0.424229 -0.0342055 0.933985 -0.356456 -0.0247154 0.955508 -0.293756 -0.0266814 0.94429 -0.324452 -0.0551954 0.941188 -0.331536 -0.0651841 0.97692 -0.207282 -0.0515953 0.990204 -0.137965 -0.0214773 0.977023 -0.205818 -0.0553683 0.990874 -0.134775 -0.00213766 0.991443 -0.130531 0.00133264 0.989019 -0.147763 -0.00269107 0.980407 -0.182937 0.0730471 0.967547 -0.204058 0.14904 0.989551 -0.143369 -0.0153198 0.992005 -0.124538 -0.0203838 0.992275 -0.123544 -0.0112581 0.970643 -0.240135 -0.0137267 0.959306 -0.282353 -0.00293828 0.936741 -0.349815 -0.0120648 0.8562 -0.512606 0.0644701 0.932088 -0.359181 0.0469118 0.722974 -0.664014 0.190772 0.64767 -0.75639 0.0916379 0.506 -0.851276 0.138897 0.427781 -0.749479 0.505257 0.842879 -0.462119 0.275683 0.0286411 -0.926559 0.375058 0.447095 -0.894409 -0.0118242 -0.126498 -0.991966 0.00107121 -0.297698 -0.789162 0.537215 0.201277 -0.677941 0.707024 -0.517136 -0.855903 0.000605942 0.106593 -0.934181 -0.340505 -0.184362 -0.846793 -0.498951 0.675309 -0.414619 -0.609958 0.750203 -0.474305 -0.460685 0.94768 -0.209658 -0.240719 0.930063 -0.178271 -0.321251 0.291345 -0.678358 -0.674499 0.465425 -0.738335 -0.4881 0.718247 -0.662866 -0.211496 0.868344 -0.457187 -0.192243 0.523292 -0.83816 -0.1538 0.682691 -0.725388 -0.0880045 0.830546 -0.547773 -0.100692 0.594013 -0.804453 -0.00183382 0.732637 -0.680391 -0.0176509 0.8203 -0.570655 -0.0382294 0.832791 -0.553524 0.00836796 0.923196 -0.383265 -0.0285927 0.970185 -0.239536 -0.0369392 0.967163 -0.253125 -0.0228811 0.987274 -0.158945 -0.00511064 0.896011 -0.440238 -0.0579252 0.943056 -0.326739 -0.0623528 0.920725 -0.37939 -0.091263 0.989102 -0.147221 0.0015275 0.98734 -0.158564 -0.00420612 0.976779 -0.204421 -0.0641459 0.729712 -0.478301 0.488619 </float_array>
          <technique_common>
            <accessor count="1550" offset="0" source="#meshId0-tangents-array" stride="3">
              <param name="X" type="float" />
              <param name="Y" type="float" />
              <param name="Z" type="float" />
            </accessor>
          </technique_common>
        </source>
        <source id="meshId0-bitangents" name="meshId0-bitangents">
          <float_array id="meshId0-bitangents-array" count="4650"> -0.670951 -0.0727998 0.737919 -0.672687 -0.117694 0.730507 -0.686639 -0.0454952 0.725574 -0.685886 0.00805685 0.727664 -0.66886 0.0106587 0.743312 -0.63902 -0.120115 0.759754 -0.652359 -0.165455 0.73963 -0.675454 -0.198994 0.710045 -0.686687 -0.155176 0.710198 -0.670183 -0.235442 0.703862 -0.658588 -0.280531 0.698258 -0.67273 -0.195446 0.713607 -0.683293 -0.132211 0.718075 -0.658343 -0.278503 0.6993 -0.68629 -0.143528 0.713026 -0.686613 -0.0877056 0.721714 -0.68361 -0.119408 0.720013 -0.679367 -0.178462 0.711767 -0.675886 -0.228075 0.700828 -0.685526 -0.172203 0.70739 -0.686814 0.176646 0.705041 -0.684191 0.21782 0.696015 -0.684427 0.166476 0.70982 -0.692132 0.111314 0.713136 -0.691712 0.0331734 0.721411 -0.687462 0.0978021 0.719604 -0.734469 0.494811 -0.464454 -0.942663 0.323358 0.0826138 -0.838411 0.474825 0.267597 -0.667606 0.733016 -0.130346 -0.728705 0.371318 0.575423 -0.695277 0.610064 0.380016 -0.659195 0.175848 0.731122 -0.661197 0.274723 0.698101 -0.672884 0.213393 0.708302 -0.678012 0.17692 0.713442 -0.648998 0.00956879 0.76073 -0.60139 -0.0279732 0.798466 -0.479756 -0.256912 0.838946 -0.564187 -0.212346 0.797873 -0.569658 0.0103402 0.821817 -0.360422 -0.278279 0.890313 -0.488275 -0.313724 0.814349 -0.530035 -0.29322 0.795667 -0.623137 0.0782214 0.778191 -0.260357 -0.260466 0.929716 -0.358081 -0.384587 0.850806 -0.392137 -0.484996 0.781669 -0.605097 -0.339022 0.720362 -0.157028 -0.253 0.954638 -0.195693 -0.319496 0.927161 -0.196234 -0.405827 0.892635 0.239432 -0.628569 0.739982 -0.0622548 -0.737954 0.671973 0.212841 -0.793026 -0.570797 -0.258831 -0.599416 -0.757434 -0.294718 -0.840602 -0.454454 0.0211005 -0.968813 -0.246894 0.205416 -0.967943 0.144538 0.531325 -0.846142 -0.0416771 -0.339173 -0.907322 0.248454 -0.220434 -0.867444 0.446038 -0.423589 -0.56927 0.70463 -0.442339 -0.69188 0.570647 -0.593238 -0.415222 0.689681 -0.63715 -0.289528 0.714292 -0.659792 -0.291702 0.692521 -0.653866 -0.242747 0.716612 -0.604602 -0.224057 0.764366 -0.671226 -0.192622 0.715788 -0.683669 -0.135616 0.717081 -0.687624 -0.0895822 0.72052 -0.688021 -0.0478385 0.724113 -0.686783 -0.000120263 0.726862 -0.601639 -0.443658 0.664227 -0.63961 -0.373581 0.671815 -0.569642 -0.598201 0.563617 -0.632447 -0.491034 0.59908 -0.672983 -0.291691 0.679713 -0.504262 -0.851845 0.141703 -0.702147 -0.663461 0.258474 -0.67495 -0.369423 0.638725 -0.679164 -0.657998 -0.325231 -0.771152 -0.368514 -0.519155 -0.685126 -0.215407 0.695847 -0.658334 0.0163083 0.752549 -0.661237 0.235116 0.712381 -0.66788 0.222554 0.710216 -0.666683 0.199525 0.718139 -0.650012 0.251888 0.716964 -0.666936 0.200313 0.717685 -0.666442 0.199387 0.718401 -0.636353 0.297213 0.711843 -0.684853 0.0126025 0.728572 -0.68549 0.0124396 0.727976 -0.661783 0.11694 0.740519 -0.666836 0.111965 0.736745 -0.681651 0.0218969 0.731349 -0.692818 -0.0673143 0.717964 -0.692966 -0.0754489 0.717011 -0.6905 -0.105517 0.715595 -0.686864 -0.041383 0.725606 -0.689244 -0.121845 0.714211 -0.676157 0.212397 0.705478 -0.67314 0.235878 0.700888 -0.677816 0.151215 0.719514 -0.355132 0.911051 -0.209445 -0.294593 0.738325 -0.606705 -0.573381 0.737809 0.356191 -0.650262 0.391713 0.650939 -0.668923 0.205361 0.714401 -0.653023 0.278735 0.704179 -0.574948 0.614053 0.540716 -0.634884 0.353184 0.687156 -0.454442 0.685689 0.568606 -0.412319 0.854487 0.315985 -0.266191 0.863516 0.428348 -0.491452 0.562742 0.664678 -0.194022 0.792059 0.57879 0.150542 0.983786 0.0974755 -0.0928 0.988854 -0.116429 0.27364 0.876626 0.395787 -0.309536 0.582107 0.75189 0.073048 0.691774 0.71841 0.610807 0.735883 0.292219 0.478954 0.865301 -0.147844 0.35677 0.561352 0.746725 -0.308748 0.410083 0.8582 -0.176475 0.319922 0.930863 -0.851114 -0.0944137 0.516422 -0.793309 -0.179363 0.581799 -0.877754 -0.461183 0.129838 -0.966804 -0.254723 0.020158 -0.555931 0.0904437 0.826294 -0.563592 0.13573 0.814826 -0.60372 0.126329 0.787123 -0.70429 -0.130803 0.697759 -0.497818 0.340495 0.797647 -0.547753 0.311564 0.776463 -0.637945 0.110436 0.762122 -0.433864 0.517789 0.73733 -0.58937 0.370271 0.718012 -0.668754 0.168458 0.724148 -0.601559 0.363356 0.711407 -0.637687 0.210386 0.741008 -0.651727 0.193857 0.733261 -0.669974 0.125103 0.731768 -0.681498 0.0569249 0.729603 -0.697276 0.00621439 0.716776 -0.686351 -0.0616284 0.724655 -0.664735 -0.0534496 0.745165 -0.683594 -0.127194 0.718694 -0.666595 -0.225852 0.710381 -0.770669 -0.432479 0.468007 0.128462 0.881935 -0.453529 0.0707384 -0.132824 -0.988612 0.072206 -0.0787597 -0.994275 0.075567 -0.0979474 -0.992318 0.067553 -0.149764 -0.986411 0.0590776 -0.194281 -0.979165 0.0721915 -0.17074 -0.982668 0.0719357 -0.0878161 -0.993536 0.114209 0.0426591 -0.99254 0.104562 -0.00994753 -0.994469 0.0971867 0.0310501 -0.994782 0.0916323 0.142883 -0.985489 0.121526 0.0275573 -0.992206 0.108699 -0.0344353 -0.993478 0.0827073 0.228354 -0.970059 0.0704929 0.062364 -0.995561 0.0781987 -0.0430475 -0.996008 0.0978318 -0.0549958 -0.993682 0.104548 0.00192515 -0.994518 0.0723923 0.27717 -0.95809 0.0639614 0.318244 -0.945849 0.0612983 -0.132751 -0.989252 0.0510949 -0.163329 -0.985248 0.0538379 -0.190694 -0.980172 0.0622134 -0.147303 -0.987133 0.0721842 -0.10555 -0.991791 0.0692145 -0.100375 -0.992539 -0.224322 -0.738991 0.635272 0.520948 -0.784939 0.335385 0.247039 -0.929778 -0.27292 -0.0706168 -0.990578 0.117341 0.0597587 -0.493289 -0.867811 0.0619835 -0.722079 -0.689029 0.0258614 -0.311904 -0.949761 0.0825386 -0.373823 -0.92382 0.0399433 -0.242179 -0.969409 0.0461896 -0.236611 -0.970506 0.0441471 -0.218804 -0.97477 0.0342064 -0.267079 -0.963067 0.059934 -0.220886 -0.973456 0.062057 -0.188766 -0.980059 0.0637655 -0.37916 -0.923132 0.086492 -0.287185 -0.953962 0.0859808 -0.15038 -0.984882 0.0696365 -0.123411 -0.989909 0.290736 -0.702977 -0.649073 0.0942179 -0.293636 -0.951263 0.0980308 -0.171622 -0.980273 0.076428 -0.00883968 -0.997036 0.0811559 -0.0264939 -0.996349 0.104566 -0.317398 -0.94251 0.0801191 -0.167574 -0.982599 0.0222376 0.0139845 -0.999655 -0.321801 0.225909 -0.919461 -0.173571 0.290331 -0.941053 -0.833687 0.545683 -0.0848309 -0.688486 0.545031 0.478463 -0.446835 0.860944 0.243134 -0.553849 0.795474 -0.24591 -0.44184 0.571935 -0.691135 -0.645095 0.411384 -0.643906 -0.17092 0.680932 -0.712122 -0.131716 0.463634 -0.876182 -0.0161324 0.187594 -0.982114 -0.0105308 0.338633 -0.94086 0.0571577 0.113029 -0.991946 0.0891756 -0.0363429 -0.995353 0.0775395 0.0830315 -0.993526 0.0732744 -0.0112259 -0.997249 0.0688035 -0.106273 -0.991954 0.0807599 -0.0253202 -0.996412 0.0852547 -0.0436201 -0.995404 0.0896679 -0.0617984 -0.994053 0.083964 -0.0726716 -0.993815 0.0735498 -0.0698133 -0.994845 0.0470112 0.240566 -0.969494 -0.017486 0.450169 -0.892772 -0.0638089 0.546292 -0.835161 0.0194544 0.630156 -0.776225 0.0323691 0.521983 -0.852341 -0.101564 0.859698 -0.500603 0.059805 0.848019 -0.526581 0.0815964 0.4907 -0.8675 0.0376247 0.823515 0.566045 -0.0822805 0.503425 0.860112 0.0750593 0.460967 -0.884237 0.681303 -0.649537 -0.337534 0.0515255 -0.155534 -0.986486 0.0654397 -0.132012 -0.989086 0.0579002 -0.097924 -0.993508 0.0527762 -0.093899 -0.994182 0.0596424 -0.157475 -0.98572 0.0792549 -0.145465 -0.986184 0.0396393 -0.119973 -0.991985 0.0439922 0.125117 -0.991166 0.0634021 0.198366 -0.978075 0.0482201 0.095796 -0.994232 0.0375447 0.0441091 -0.998321 0.0376561 0.00587374 -0.999273 0.0593256 0.193885 -0.979229 0.0743698 0.284237 -0.955865 0.0515501 0.15874 -0.985974 0.0598683 -0.0376686 -0.997495 0.0763363 0.351103 -0.93322 0.0655703 -0.117535 -0.990902 0.0665997 -0.106124 -0.99212 0.0642499 -0.0946456 -0.993436 -0.389242 -0.888428 -0.243281 -0.693012 -0.720911 -0.0046578 -0.0989491 -0.763135 -0.638619 0.0152412 -0.602087 -0.798285 0.0978979 -0.28622 -0.95315 0.0823607 -0.302512 -0.94958 -0.0744229 -0.52744 -0.846326 0.0455299 -0.243092 -0.968934 -0.0791026 -0.378669 -0.922146 -0.159043 -0.595487 -0.787465 -0.152173 -0.416209 -0.896445 -0.0237054 -0.202675 -0.978959 -0.120629 -0.249639 -0.960796 -0.354795 -0.473012 -0.806461 -0.417356 -0.678039 -0.605043 -0.261752 -0.28613 -0.921746 -0.0497414 -0.0657541 -0.996595 -0.088841 -0.0561679 -0.994461 -0.365754 -0.249592 -0.89662 -0.508709 -0.413688 -0.755035 -0.118641 -0.0532768 -0.991507 0.147473 0.206896 -0.967184 0.213776 0.13881 -0.96697 0.863128 0.504786 -0.0141719 0.603634 0.76736 -0.216299 0.475202 0.825787 0.30374 0.621123 0.521058 0.58541 0.624875 0.302852 -0.719591 0.438774 0.495839 -0.749414 0.142992 0.381444 -0.913265 0.201556 0.602693 -0.772099 0.0195253 0.124384 -0.992042 0.0113965 0.0889439 -0.995971 0.0382134 0.246047 -0.968504 0.00311027 -0.0371915 -0.999303 0.0214477 -0.0226115 -0.999514 0.0209995 0.0759639 -0.996889 0.0397583 -0.114643 -0.992611 0.0234054 -0.0333169 -0.999171 0.0502317 -0.00553468 -0.998722 0.0475777 -0.0765684 -0.995929 0.0625576 -0.0672853 -0.995771 0.0304731 0.170972 -0.984805 0.0737851 0.330087 -0.941062 0.0983343 0.418325 -0.902959 0.0728211 0.411733 -0.90839 0.0530425 0.442368 -0.895264 0.115502 0.737725 -0.665147 -0.632554 -0.578032 -0.515514 -0.978446 -0.159936 -0.13063 -0.980155 -0.153058 -0.125975 -0.991285 -0.0196186 -0.130265 -0.986963 -0.00621229 -0.160826 -0.98343 -0.117392 -0.138147 -0.956973 -0.272394 -0.100021 -0.869217 -0.490849 -0.0594119 -0.988038 -0.136216 -0.0722868 -0.986289 -0.146339 -0.0762869 -0.893403 -0.433521 -0.117861 -0.949074 -0.295456 -0.10938 -0.99254 -0.0923468 -0.0796016 -0.992262 -0.089085 -0.0864919 -0.990563 -0.113213 -0.0772518 -0.993127 0.0808891 -0.0845943 -0.993371 0.0551705 -0.100848 -0.995276 -0.0212729 -0.0947221 -0.996327 -0.0180505 -0.0837053 -0.997685 -0.000191053 -0.0680014 -0.990881 0.125494 -0.0490582 -0.986969 0.0946128 -0.130156 -0.988845 0.0855451 -0.12193 -0.990062 0.001677 -0.14062 -0.986945 0.0525197 -0.152256 -0.990846 0.0444011 -0.127485 -0.98968 0.0827392 -0.116992 -0.996693 -0.0600784 0.0547207 -0.9785 -0.19251 0.0740141 -0.982862 -0.17688 -0.0519198 -0.998133 -0.013737 -0.0595174 -0.989324 -0.111811 -0.0934696 -0.996229 0.0226206 -0.0837604 -0.990724 -0.105148 -0.0860793 -0.994731 0.0298 -0.0980958 -0.99088 -0.0636131 -0.118788 -0.991686 0.0521364 -0.117645 -0.975411 -0.188207 -0.114681 -0.965211 -0.252979 -0.0660951 -0.792632 -0.592642 0.143214 -0.896266 -0.443233 0.0158797 -0.948944 -0.315439 0.00202588 -0.654472 -0.701707 0.281557 -0.432335 -0.886781 0.163419 -0.541503 -0.832088 0.120017 -0.849173 -0.468306 0.244121 -0.405218 -0.771232 0.490917 -0.0482088 -0.951841 0.302779 0.0627642 -0.992575 -0.104188 -0.338884 -0.935245 -0.102343 -0.285515 -0.662984 0.692051 0.213518 -0.848293 0.484571 0.439507 -0.894215 -0.084927 0.0728679 -0.827003 -0.557455 -0.151096 -0.887315 -0.435709 -0.748458 -0.324304 -0.578479 -0.950392 -0.0805067 -0.300455 -0.941533 -0.130463 -0.310636 -0.761742 -0.402768 -0.507471 -0.476057 -0.654983 -0.586828 -0.403764 -0.553907 -0.728122 -0.845929 -0.374726 -0.379453 -0.661507 -0.617012 -0.426268 -0.470766 -0.816702 -0.333732 -0.724121 -0.586418 -0.36299 -0.568674 -0.76985 -0.289726 -0.455015 -0.884928 -0.0993164 -0.673148 -0.700789 -0.236151 -0.559971 -0.822681 -0.0981304 -0.652703 -0.754914 0.0639003 -0.855329 -0.509042 -0.0963836 -0.980949 -0.171135 -0.0919387 -0.992974 -0.0655832 -0.0984921 -0.994558 0.00443709 -0.104095 -0.992652 0.0600581 -0.105051 -0.803845 -0.526882 -0.276096 -0.946059 -0.270283 -0.178661 -0.879453 -0.358212 -0.313442 -0.973263 -0.123667 -0.193563 -0.998218 -0.0190061 -0.0565583 -0.957272 -0.141387 -0.252271 -0.989689 0.135139 0.0474638 -0.989416 0.144986 0.00594169 -0.989791 0.135618 0.0438292 -0.993321 0.0850831 0.0779408 -0.9884 0.151745 0.00620913 -0.793735 -0.381577 0.473691 -0.948481 0.293961 -0.118198 -0.981232 0.169853 -0.09129 -0.976929 0.187101 -0.102971 -0.922727 0.360975 -0.135175 -0.900195 0.398723 -0.175124 -0.965982 0.232002 -0.114252 -0.826195 0.534763 -0.177289 -0.895534 0.442163 -0.0501079 -0.81603 0.577682 0.0194455 -0.78122 0.622451 -0.0474279 -0.896481 0.435534 -0.0814378 -0.963768 0.248212 -0.0976872 -0.954193 0.288696 -0.0785492 -0.912592 0.408863 -0.00250919 -0.978789 0.186098 -0.0856678 -0.985041 0.138987 -0.101872 -0.964742 0.26129 -0.0316172 -0.986033 0.128782 -0.10561 -0.982888 0.150801 -0.105788 -0.987457 0.119083 -0.103676 -0.981426 0.156893 -0.110399 -0.990128 0.130866 -0.0502085 -0.975107 0.17356 -0.137995 -0.976982 0.16697 -0.132765 -0.97972 0.158698 -0.122329 -0.945777 0.287295 -0.151551 -0.924926 0.327312 -0.193334 -0.860062 0.460322 -0.219995 -0.819949 0.512957 -0.254085 -0.910525 0.347855 -0.223473 -0.801817 0.527063 -0.281593 -0.699026 0.669554 -0.251118 -0.69134 0.676512 -0.253733 -0.844658 0.473669 -0.249379 -0.922735 0.328798 -0.201125 -0.780061 0.583175 -0.226743 -0.61142 0.777111 -0.149212 -0.678994 0.719497 -0.145912 -0.83288 0.51132 -0.211809 -0.883238 0.417675 -0.21316 -0.724814 0.67036 -0.158937 -0.671483 0.74082 -0.01721 -0.717637 0.695632 -0.0330584 -0.848881 0.516302 0.11328 -0.791382 0.575003 0.207572 -0.840326 0.434182 0.324558 -0.820691 0.340703 0.458681 -0.830824 0.555572 0.0327373 -0.776356 0.625742 0.0756256 -0.706512 0.69654 0.125195 -0.796444 0.57308 0.193017 -0.62064 0.78409 0.00315256 -0.647723 0.761866 -0.00379661 -0.727375 0.679321 0.0972024 -0.632287 0.761799 -0.14098 -0.694703 0.707458 -0.129963 -0.702249 0.711604 -0.0216041 -0.750984 0.622817 -0.219367 -0.790109 0.600242 -0.124246 -0.905163 0.40978 -0.11296 -0.969025 0.2222 -0.107784 -0.987044 0.120267 -0.106209 -0.770112 0.634675 0.0641495 -0.871066 0.486752 0.0657055 -0.833715 0.53525 0.135746 -0.947394 0.317218 0.0426301 -0.919006 0.37333 0.1267 -0.91151 0.376302 0.165973 -0.937874 0.300274 -0.17386 -0.670371 0.134258 0.729779 -0.667695 0.0966032 0.738141 -0.664088 0.0801899 0.743342 -0.67031 0.0812125 0.737624 -0.664892 0.208102 0.717365 -0.669197 0.243186 0.702165 -0.671173 0.172057 0.721057 -0.635564 -0.0379153 0.771117 -0.647638 0.0904236 0.756563 -0.648727 -0.0373491 0.760105 -0.588621 -0.248043 0.769415 -0.631395 -0.0200167 0.775203 -0.63633 0.113895 0.762963 -0.594287 -0.258426 0.761603 -0.630203 -0.0705418 0.773219 -0.644264 0.107098 0.757268 -0.63868 0.133143 0.757866 -0.633789 -0.0131634 0.773394 -0.607414 -0.240399 0.757137 -0.603145 -0.278021 0.74761 -0.650258 0.114943 0.750968 -0.644619 0.193525 0.739605 -0.656228 0.17027 0.735101 -0.66437 0.0626007 0.744778 -0.657763 0.0948689 0.747226 -0.646223 0.147809 0.748698 -0.172991 0.949275 0.262585 -0.273581 0.96184 -0.00420227 -0.358399 0.923712 0.135299 -0.225013 0.919877 0.321241 -0.464788 0.811424 0.354349 -0.35956 0.807229 0.468079 -0.542848 0.646812 0.535677 -0.499863 0.612248 0.612609 -0.616387 0.408283 0.673329 -0.597395 0.38685 0.702472 -0.645228 0.409041 0.645264 -0.633721 0.585128 0.505988 -0.703005 0.452805 0.548408 -0.67939 0.351529 0.644094 -0.626362 0.683461 0.374903 -0.728133 0.545707 0.41476 -0.78257 0.299153 0.545978 -0.739735 0.264789 0.618611 -0.533845 0.845257 0.0234346 -0.794154 0.604938 0.0580433 -0.853628 0.312644 0.416621 -0.659294 -0.00153194 0.751884 -0.655795 0.00606836 0.754914 -0.823469 0.540819 -0.171503 -0.907494 0.292909 0.301096 -0.680195 0.0241913 0.732632 -0.228085 -0.277759 0.933181 -0.302283 -0.304058 0.903424 0.555314 -0.745237 0.369118 0.262358 -0.958211 0.114016 0.108247 -0.959432 0.260334 0.21843 -0.838277 0.49958 0.0564294 -0.594803 0.801888 0.246705 -0.547601 0.799544 -0.198905 -0.720503 0.664314 -0.232959 -0.570144 0.787824 -0.419086 -0.296154 0.858289 -0.365084 -0.498607 0.786196 -0.499067 -0.276499 0.821268 -0.661595 0.001119 0.749861 -0.582778 -0.192593 0.789479 -0.680238 0.0563872 0.73082 -0.698102 0.236617 0.675771 -0.670077 0.100364 0.735476 -0.656883 0.110266 0.745886 -0.648601 0.124047 0.750952 -0.646011 0.155351 0.747353 -0.645687 0.178796 0.742374 -0.486052 -0.407168 0.773284 -0.492923 -0.480187 0.725567 -0.3574 -0.616625 0.701454 -0.405697 -0.679443 0.611365 -0.529497 -0.47407 0.703485 -0.195494 -0.862405 0.466948 -0.334179 -0.867708 0.367977 -0.482356 -0.664669 0.570569 -0.165537 -0.975671 0.14375 -0.110929 -0.991133 0.0731423 -0.561511 -0.471287 0.680143 -0.467943 0.788628 -0.398866 -0.511344 0.467754 0.720925 -0.578822 0.365101 0.729155 -0.601193 0.320724 0.731917 -0.541944 0.372363 0.75342 -0.455503 0.487454 0.74492 -0.546657 0.397112 0.737203 -0.453669 0.404355 0.794155 -0.632358 -0.322304 0.704446 -0.66004 -0.454088 0.598457 -0.670952 -0.172635 0.721124 -0.638694 -0.0129957 0.769351 -0.642331 -0.0152668 0.766276 -0.614009 -0.288246 0.734784 -0.608937 -0.453567 0.650747 -0.621581 -0.17893 0.762641 -0.644404 0.039301 0.763675 -0.5999 -0.359854 0.714581 -0.626001 0.228358 0.745638 -0.612283 0.27742 0.74037 -0.632586 0.231553 0.739066 -0.191335 0.83279 0.519472 -0.162068 0.84923 0.502536 -0.328387 0.734263 0.594155 -0.478117 0.562296 0.674705 -0.568561 0.399553 0.719094 -0.502619 0.449671 0.738357 -0.433756 0.532716 0.726684 -0.412417 0.482854 0.772505 -0.37132 0.491256 0.787902 -0.326181 0.642813 0.693107 -0.312956 0.529094 0.788745 -0.393116 0.33848 0.854922 -0.392174 0.338026 0.855534 -0.288003 0.523083 0.802147 -0.247343 0.688897 0.681353 -0.397635 0.305237 0.865284 -0.610526 0.0479209 0.790545 -0.620204 0.0292988 0.783893 -0.427842 0.266919 0.863543 -0.320423 0.489253 0.811148 -0.626413 0.0116549 0.779404 -0.77797 -0.257404 0.573154 -0.769521 -0.265775 0.58069 -0.626909 -0.74936 0.213178 -0.620639 -0.748221 0.234462 -0.406602 -0.907969 0.101327 -0.360775 -0.932057 0.0333467 -0.779261 -0.510294 0.363803 -0.768624 -0.525609 0.364626 -0.752686 -0.519589 0.404341 -0.628843 -0.69506 0.348494 -0.771854 -0.253504 0.583076 -0.749655 -0.24117 0.616323 -0.728779 -0.489707 0.47861 -0.589471 0.0664104 0.805055 -0.574985 0.11189 0.810477 -0.723523 -0.226738 0.652001 -0.407135 0.378445 0.831277 -0.558095 0.168538 0.812481 -0.590191 0.226341 0.774883 -0.628373 0.208463 0.749461 -0.643426 0.190549 0.741414 -0.699289 -0.474994 0.534205 -0.625118 -0.526688 0.576045 -0.633363 -0.597992 0.491179 -0.584576 -0.493226 0.644204 -0.556007 -0.632317 0.539473 -0.486052 -0.805189 0.339742 -0.243202 0.675907 0.695703 -0.691452 -0.131101 0.710427 -0.69838 -0.186067 0.691118 -0.721016 -0.04041 0.691739 -0.714689 0.0896595 0.693672 -0.735314 0.114195 0.668037 -0.670519 -0.122898 0.731642 -0.655936 -0.230823 0.718657 -0.712994 -0.122663 0.690358 -0.716999 -0.0812426 0.692324 -0.690983 -0.219773 0.688653 -0.687918 -0.265815 0.67536 -0.721921 -0.0475255 0.690341 -0.721618 -0.0128079 0.692173 -0.714859 -0.181345 0.675345 -0.705514 0.0502092 0.706915 -0.710906 0.0680711 0.699985 -0.717983 0.0400279 0.694909 -0.716682 0.0127803 0.697283 -0.714876 -0.063675 0.696346 -0.693957 0.0322845 0.719292 -0.708166 0.146012 0.690784 -0.702838 0.244538 0.667997 -0.719906 0.247263 0.648534 -0.710083 0.155001 0.686845 -0.717743 0.058835 0.693818 -0.712661 0.0847326 0.696372 -0.761704 0.614661 -0.204939 -0.887901 0.4002 0.226877 -0.847743 0.400689 0.347533 -0.744836 0.665569 0.0472903 -0.797737 0.365955 0.479262 -0.736954 0.586062 0.336792 -0.75201 0.32883 0.571272 -0.707753 0.454741 0.540645 -0.742613 0.294631 0.60143 -0.701702 0.344507 0.623642 -0.739223 0.111252 0.664208 -0.73457 0.130923 0.665782 -0.646356 -0.106784 0.755527 -0.663902 -0.112474 0.739313 -0.763336 0.121544 0.634465 -0.635385 -0.132324 0.760773 -0.469159 -0.381596 0.796414 -0.548729 -0.323092 0.771044 -0.790207 0.145108 0.595414 -0.60903 -0.119568 0.784083 -0.369634 -0.382882 0.846624 -0.113484 -0.646387 0.754523 -0.282234 -0.611043 0.739575 -0.60373 -0.0955294 0.791445 -0.340225 -0.347047 0.873959 -0.0432915 -0.639362 0.767686 0.107698 -0.851756 0.51275 0.0456897 -0.845714 0.531677 -0.0388209 -0.967317 -0.250581 -0.380218 -0.702093 -0.60208 -0.432817 -0.829192 -0.353708 -0.128535 -0.984786 -0.116943 0.0403013 -0.978451 0.202506 0.131884 -0.98144 0.139216 -0.298924 -0.946358 0.12268 -0.157136 -0.927304 0.33973 -0.128096 -0.81442 0.565961 -0.362877 -0.798416 0.480471 -0.342637 -0.711374 0.613634 -0.44447 -0.521012 0.728693 -0.57515 -0.480254 0.662237 -0.607942 -0.367212 0.703961 -0.620277 -0.26178 0.73941 -0.687286 -0.209651 0.695474 -0.712397 -0.116866 0.691977 -0.721688 -0.0335991 0.691403 -0.718885 0.0391683 0.694024 -0.713236 0.0712671 0.697292 -0.578059 -0.544215 0.608011 -0.607438 -0.535741 0.586516 -0.444757 -0.830763 0.3347 -0.610182 -0.739482 0.284332 -0.664525 -0.429485 0.611514 -0.543795 -0.838386 0.0373714 -0.770297 -0.622194 0.139701 -0.744739 -0.518839 0.419726 -0.776893 -0.602629 -0.182416 -0.791793 -0.462463 -0.398988 -0.689777 -0.209701 0.692989 -0.811016 0.163979 0.561572 -0.712553 0.108319 0.693207 -0.710539 0.0762403 0.699515 -0.714468 0.0419364 0.69841 -0.719635 0.0669933 0.691113 -0.687681 0.267499 0.674937 -0.696703 0.206381 0.687031 -0.683767 0.251645 0.684937 -0.688278 0.0939964 0.719332 -0.676918 0.0970232 0.729636 -0.682097 0.124 0.720671 -0.693396 0.115433 0.71125 -0.701178 0.0751163 0.709018 -0.693881 0.0605958 0.717535 -0.672921 0.0821726 0.735136 -0.696166 0.0621043 0.71519 -0.704802 0.071369 0.705805 -0.672391 0.0865517 0.735118 -0.709125 0.0995896 0.698014 -0.699893 0.201033 0.685373 -0.712341 0.064508 0.698863 -0.493446 0.856171 -0.153237 -0.432988 0.77268 -0.464206 -0.604823 0.760578 0.23603 -0.646097 0.540342 0.539062 -0.680994 0.344659 0.646109 -0.674978 0.317987 0.6658 -0.586359 0.597411 0.547068 -0.669566 0.331963 0.664441 -0.544642 0.600638 0.585319 -0.362137 0.914189 0.181974 -0.140245 0.932489 0.332859 -0.595524 0.444084 0.669433 -0.244011 0.750499 0.614175 0.137709 0.983175 0.120011 -0.141345 0.981148 -0.131796 0.210674 0.861755 0.461513 -0.466569 0.503559 0.727146 -0.0386383 0.703409 0.709734 0.463116 0.798511 0.384583 0.357052 0.93312 -0.0424234 0.230631 0.629429 0.742044 -0.27673 0.410267 0.868966 -0.201867 0.346312 0.916143 -0.873137 -0.135709 0.468204 -0.80582 -0.160187 0.570083 -0.895655 -0.392427 0.209292 -0.94684 -0.314855 0.0660363 -0.604943 0.081437 0.792094 -0.598339 0.122698 0.791793 -0.688425 0.0826558 0.720583 -0.730353 -0.127521 0.671061 -0.40587 0.395303 0.824018 -0.580165 0.275874 0.766357 -0.694361 0.0161635 0.719445 -0.544523 0.430857 0.719622 -0.610674 0.357598 0.706542 -0.655004 0.167027 0.736934 -0.637231 0.372613 0.674608 -0.687545 0.192612 0.70013 -0.709866 0.0984956 0.697416 -0.71002 0.0637469 0.70129 -0.710371 0.0679586 0.700539 -0.672702 0.085378 0.734971 -0.636427 0.111738 0.763201 -0.658641 -0.00680454 0.752427 -0.643874 0.0344158 0.764357 -0.699381 -0.212846 0.682321 -0.814531 -0.373128 0.444202 -0.00254269 0.935177 -0.354172 0.135909 -0.345017 -0.928704 0.0416105 -0.104356 -0.993669 0.0455811 -0.0908183 -0.994824 0.11732 -0.430509 -0.894929 0.206514 -0.583702 -0.785267 0.270828 -0.434886 -0.858793 0.144429 -0.205154 -0.968014 -0.0169755 0.258046 -0.965983 -0.00885134 0.151066 -0.988484 -0.0495482 0.206349 -0.977223 -0.0492611 0.337973 -0.939866 0.0150053 0.213768 -0.976769 0.0170693 0.137527 -0.990351 -0.00220765 0.340062 -0.9404 0.0237172 0.106792 -0.993998 0.053653 0.158562 -0.98589 0.0354711 0.137435 -0.989875 0.0258644 0.156393 -0.987356 0.0258721 0.273239 -0.961598 0.0199015 0.204597 -0.978644 0.00235891 -0.35229 -0.935888 -0.0232327 -0.628821 -0.777203 0.0776811 -0.65344 -0.752982 0.0493569 -0.411608 -0.910024 0.043469 -0.0732646 -0.996365 0.0430669 -0.034344 -0.998482 -0.0399869 -0.92385 0.38066 0.423481 -0.895988 0.13368 0.288193 -0.946288 -0.146576 -0.025644 -0.998176 -0.0546496 0.166902 -0.804112 -0.570568 -0.00886504 -0.822763 -0.568316 0.120577 -0.662906 -0.738929 0.0019916 -0.684312 -0.729187 0.108383 -0.659727 -0.743649 -0.0191721 -0.676218 -0.736452 0.234342 -0.586194 -0.775539 0.237138 -0.589396 -0.772255 0.274742 -0.422116 -0.863907 0.28624 -0.424967 -0.85876 0.308233 -0.671438 -0.673916 0.326955 -0.454116 -0.828782 0.221782 -0.211931 -0.951787 0.199625 -0.19965 -0.959317 0.493525 -0.759258 -0.424217 0.484651 -0.489169 -0.725139 0.309814 -0.225656 -0.923631 0.0134408 0.0368813 -0.999229 0.0333746 0.0241912 -0.99915 0.598859 -0.433747 -0.673225 0.376489 -0.232494 -0.896773 0.0210101 0.00594731 -0.999762 -0.338535 0.224373 -0.913811 -0.296061 0.273966 -0.915036 -0.66837 0.725379 -0.164639 -0.406285 0.856068 0.319498 -0.296343 0.952303 0.0728057 -0.538038 0.785845 -0.304898 -0.504555 0.55572 -0.660757 -0.607715 0.501004 -0.61618 -0.381762 0.782361 -0.492106 -0.361574 0.552332 -0.751128 -0.198949 0.283392 -0.938141 -0.294066 0.529529 -0.795691 -0.151208 0.282944 -0.947142 0.046953 0.0284709 -0.998491 -0.0714564 0.268049 -0.960752 0.0649005 0.0483333 -0.996721 0.202601 -0.195103 -0.959629 0.0173108 0.0129338 -0.999767 0.0104881 0.0276361 -0.999563 0.023032 0.0646861 -0.99764 0.0438978 0.0942393 -0.994581 0.0648247 0.145297 -0.987262 -0.144607 0.496186 -0.856089 -0.0948834 0.618638 -0.779926 -0.262726 0.750002 -0.607019 -0.108909 0.870387 -0.480173 -0.0161652 0.624682 -0.780712 -0.194401 0.951012 -0.240383 0.102963 0.978524 -0.178577 0.0903768 0.858542 -0.504716 0.131203 0.965415 0.225298 0.161723 0.820559 0.548204 0.0374336 0.571132 -0.820004 0.653501 -0.691017 -0.308919 0.0247993 -0.153063 -0.987905 -0.00917434 -0.262234 -0.964961 0.0880074 0.0513962 -0.994793 0.0826426 0.0081737 -0.996546 -0.109384 -0.331381 -0.937135 -0.142172 -0.490581 -0.859719 0.000572993 -0.135926 -0.990719 0.0244043 0.0748741 -0.996894 0.0440559 0.236528 -0.970625 0.0610609 0.12765 -0.989938 0.0386396 0.0122279 -0.999178 0.0391875 0.0500325 -0.997979 0.0136151 0.0698612 -0.997464 0.00762699 0.234087 -0.972186 0.0191271 0.0673554 -0.997546 0.050119 0.123452 -0.991084 0.00136192 0.193762 -0.981048 -0.00167095 -0.287889 -0.957662 -0.0951106 -0.595987 -0.797342 0.0760711 0.0473685 -0.995977 -0.316188 -0.912192 -0.260635 -0.473629 -0.877955 0.0697915 -0.156211 -0.752607 -0.639673 -0.117367 -0.659259 -0.742699 -0.126805 -0.64825 -0.750795 -0.186444 -0.53349 -0.825001 -0.20102 -0.56029 -0.803534 -0.152864 -0.369478 -0.91658 -0.151422 -0.36669 -0.917938 -0.254503 -0.632444 -0.731603 -0.190875 -0.409646 -0.892052 -0.00919711 -0.147395 -0.989035 0.00822883 -0.15566 -0.987776 -0.360186 -0.496976 -0.789481 -0.441585 -0.753018 -0.487818 -0.0483633 -0.205555 -0.97745 0.155934 0.0535436 -0.986315 0.158513 0.0447619 -0.986342 -0.134047 -0.241058 -0.961209 -0.503876 -0.497984 -0.705776 0.140022 0.010968 -0.990088 0.23655 0.247282 -0.939625 0.275541 0.230282 -0.933299 0.633763 0.646309 -0.425004 0.43264 0.708562 -0.55746 0.471825 0.87364 -0.118888 0.642072 0.75768 0.116895 0.43363 0.419325 -0.797579 0.297253 0.46957 -0.831352 0.181609 0.445892 -0.876469 0.263212 0.639702 -0.72215 0.1901 0.248597 -0.949769 0.163722 0.280183 -0.945882 0.13719 0.43123 -0.891751 0.135241 0.0739844 -0.988047 0.0727211 0.0682767 -0.995013 0.129303 0.260831 -0.956686 -0.0579496 -0.169096 -0.983895 0.0482654 0.000952125 -0.998834 0.0625472 0.00985315 -0.997993 0.0786678 0.104358 -0.991424 0.0849816 0.159622 -0.983514 0.107514 0.377811 -0.919619 0.0512052 0.440052 -0.896511 0.141402 0.577241 -0.804238 0.0327822 0.484313 -0.874281 0.155738 0.746473 -0.646934 0.298708 0.861533 -0.41053 -0.59888 -0.739112 -0.308311 0.958 0.2847 -0.0343696 0.911529 0.409347 -0.0393826 0.994265 0.106831 0.00500344 0.997665 0.0486426 0.0479424 0.985168 0.171593 -0.000378428 0.879804 0.45786 -0.127706 0.779217 0.62114 -0.0837009 0.893432 0.43966 0.0920806 0.872497 0.486991 0.0398546 0.749082 0.65504 0.0989866 0.808198 0.559755 0.183002 0.984357 0.175965 0.00884587 0.981098 0.193445 0.00508279 0.951654 0.294652 0.0868007 0.980093 -0.183634 -0.0754778 0.981437 -0.189969 -0.0263291 0.999096 -0.0366698 -0.0215061 0.999038 -0.0147002 -0.0413101 0.997986 0.0605653 -0.0188691 0.985289 -0.141599 -0.0956832 0.993962 -0.0974502 0.0504194 0.99595 -0.0703672 0.0559701 0.998267 0.00591855 0.0585571 0.996669 -0.0517169 0.0630572 0.997872 -0.0561661 0.0331214 0.991262 -0.128187 0.0311046 0.999364 -0.030371 0.018672 0.927293 0.191466 -0.321666 0.923458 0.263874 -0.278561 0.99933 -0.0126505 0.0343455 0.967866 0.213218 -0.133318 0.998496 -0.0304162 0.0456123 0.990876 0.13378 -0.0163485 0.997398 -0.0449559 0.0563502 0.99752 0.0668074 0.0221664 0.997261 -0.0577341 0.0462287 0.961456 0.267356 -0.0642047 0.907665 0.381883 -0.174093 0.723475 0.631993 -0.277792 0.81366 0.549114 -0.190872 0.83419 0.461164 -0.302414 0.681794 0.652209 -0.331332 0.490506 0.847128 -0.204397 0.567671 0.802997 -0.181508 0.734236 0.509765 -0.448373 0.428538 0.764403 -0.481708 0.499868 0.84044 -0.209268 0.579856 0.814711 0.00352374 0.464521 0.885556 0.00315105 0.243328 0.704204 -0.667 0.58388 0.793429 -0.171916 0.687355 0.726275 0.00823033 0.701963 0.698229 0.140444 0.598326 0.780192 0.182501 0.682766 0.425213 0.594159 0.936914 0.127175 0.325606 0.950743 0.251662 0.180983 0.690336 0.483202 0.538472 0.567701 0.723061 0.393571 0.622377 0.699003 0.352196 0.815913 0.465484 0.342944 0.609633 0.710382 0.351717 0.507671 0.836065 0.208005 0.708715 0.646232 0.283032 0.57767 0.797438 0.174327 0.525305 0.850886 0.00687094 0.673759 0.726706 0.133964 0.643789 0.765162 0.00795566 0.674845 0.726209 -0.131166 0.757515 0.652817 -0.000607989 0.884284 0.466949 -0.000621812 0.983824 0.179137 0.000550797 0.999069 -0.0425469 0.00711247 0.986808 -0.161658 0.008768 0.782604 0.586936 0.207456 0.933124 0.333195 0.135133 0.910337 0.367111 0.191092 0.991266 0.130941 0.0157069 0.992923 0.117809 0.0150048 0.982544 0.17766 0.0551801 0.995503 -0.0474885 -0.0819621 0.994655 -0.0617217 -0.082778 0.993875 -0.0453026 -0.100798 0.998386 -0.0562972 0.00747898 0.991418 -0.0967057 -0.0879671 0.70271 0.422763 -0.572251 0.957035 -0.287875 0.0348162 0.985428 -0.169306 0.0163566 0.971561 -0.235821 0.0214099 0.930254 -0.3654 0.0333325 0.907155 -0.413276 0.0791992 0.97238 -0.231516 0.0296164 0.854999 -0.515321 0.0584861 0.868446 -0.489528 -0.0785086 0.843496 -0.527765 -0.099897 0.830972 -0.554506 -0.044819 0.876384 -0.480771 -0.0284638 0.921878 -0.386505 -0.0274738 0.910202 -0.406949 -0.0769765 0.891771 -0.43537 -0.123279 0.944787 -0.317418 -0.0813841 0.954032 -0.298107 -0.0309081 0.941655 -0.311047 -0.12859 0.991611 -0.125795 0.0297221 0.990942 -0.130356 0.0322614 0.984615 -0.173076 0.0240259 0.920513 -0.29073 0.261022 0.917638 -0.28604 0.275901 0.954986 -0.245253 0.166889 0.973711 -0.203228 0.102882 0.984959 -0.163653 0.0554379 0.946603 -0.313101 0.0768833 0.911587 -0.385883 0.141788 0.859379 -0.496484 0.122355 0.802977 -0.570457 0.172645 0.867436 -0.448418 0.215584 0.737305 -0.634168 0.232836 0.704252 -0.700824 0.113462 0.616059 -0.7741 0.145741 0.688778 -0.66811 0.281448 0.816995 -0.486777 0.30914 0.576195 -0.800898 0.162974 0.618268 -0.785896 -0.0105519 0.602639 -0.797887 -0.0142169 0.600627 -0.784756 0.152986 0.693572 -0.66586 0.274932 0.644922 -0.763996 -0.0196451 0.718464 -0.684307 -0.124637 0.753211 -0.647965 -0.113203 0.902749 -0.403884 -0.148059 0.876689 -0.440574 -0.193161 0.942083 -0.272086 -0.196085 0.95675 -0.247365 -0.153102 0.826094 -0.543364 -0.149412 0.802251 -0.570778 -0.174945 0.802594 -0.572655 -0.167061 0.87315 -0.444677 -0.19968 0.719248 -0.685307 -0.11418 0.774345 -0.627279 -0.0831377 0.83118 -0.538933 -0.136714 0.707367 -0.706842 -0.00236997 0.774513 -0.632536 0.00525783 0.804712 -0.590337 -0.0627755 0.780039 -0.619873 0.0854187 0.837783 -0.545948 0.00778369 0.900917 -0.43384 0.0114179 0.945544 -0.325205 0.0137353 0.97026 -0.241882 0.00940933 0.840139 -0.528679 -0.121098 0.887679 -0.434047 -0.153719 0.886254 -0.429566 -0.173284 0.94569 -0.286535 -0.15352 0.949789 -0.268062 -0.161382 0.946059 -0.269719 -0.179509 0.812204 -0.495244 0.308316 0.9858 0.16392 0.0364414 0.96312 0.269064 -0.00227784 0.986904 0.161246 0.00449139 0.995359 0.0919263 0.0284467 0.989733 0.142757 0.00706887 0.979405 0.19912 0.0334138 0.935638 0.352669 -0.0143736 0.947238 0.319379 0.0271632 0.936085 0.351629 0.0101263 0.883501 0.467508 0.0293712 0.915825 0.397608 0.0563346 0.974349 0.224156 0.0199272 0.974253 0.225263 0.00938371 0.962172 0.268762 0.0446296 0.99696 -0.0734624 -0.0259694 0.994784 -0.101238 -0.0124822 0.994831 0.101236 0.00794726 0.993205 0.11569 0.0126358 0.99035 0.135573 0.0287508 0.999942 -0.00752962 -0.00771298 0.99823 0.0446657 -0.0392715 0.992317 0.103439 -0.067869 0.993512 0.110585 -0.0265594 0.99773 0.065173 -0.0169279 0.998885 0.0441565 0.0166854 0.997614 -0.0669224 0.016966 0.99872 -0.0145912 0.0484295 0.953065 0.166334 -0.252982 0.953829 0.238395 -0.182699 0.998758 -0.0182753 0.0463491 0.983501 0.171966 -0.0561587 0.998982 -0.0234069 0.0385579 0.992322 0.122992 -0.0130055 0.999629 -0.0189683 0.0195408 0.995653 0.0927979 -0.0080301 0.998748 0.0365077 -0.0341846 0.985987 0.166675 0.00704622 0.971941 0.234877 -0.0127557 0.925981 0.376931 -0.0219744 0.964128 0.264816 0.0181678 0.939371 0.335642 -0.0701916 0.830951 0.540799 -0.130603 0.677907 0.723912 -0.128035 0.783565 0.615914 -0.0817057 0.795033 0.494085 -0.351855 0.495993 0.73134 -0.468116 0.0771575 0.914152 -0.39796 -0.119072 0.992639 -0.0221154 0.630365 0.776196 -0.0126677 0.377351 0.540347 -0.752085 -0.207599 0.651034 -0.730108 -0.650784 0.756922 -0.0595689 -0.212121 0.756714 0.618376 0.130419 0.93327 0.334662 0.731811 0.358731 0.579452 0.933599 0.144613 0.327842 0.927677 0.233901 0.291043 0.755507 0.484809 0.440647 0.482809 0.725481 0.490483 0.399783 0.541935 0.739243 0.890186 0.417368 0.182681 0.777023 0.601162 0.186653 0.672524 0.731481 0.11246 0.847025 0.51854 0.116897 0.774951 0.628372 0.0678203 0.748044 0.66356 -0.0108609 0.836161 0.546709 0.0440962 0.811261 0.584594 -0.0102621 0.876752 0.479435 -0.0380435 0.877946 0.478661 -0.00977002 0.932868 0.360139 -0.00752354 0.973598 0.228246 -0.00329366 0.996564 0.0826976 0.00455854 0.996084 -0.0879969 0.00852108 0.886142 0.456039 0.0823483 0.948262 0.307848 0.0776472 0.931733 0.347914 0.104063 0.981432 0.178287 0.0707508 0.986993 0.154123 0.0457351 0.96654 0.217758 0.135583 0.999986 -0.00504842 0.00184779 0.999992 -0.00319165 0.00256384 0.999979 -0.00583153 -0.00271294 0.999983 -0.00346102 -0.004585 0.999994 -0.00248944 0.00260283 0.757632 0.371721 -0.536486 0.968145 -0.250154 -0.0108928 0.993315 -0.111805 -0.028717 0.985771 -0.168076 -0.00247484 0.95016 -0.311762 0.00012589 0.928569 -0.369711 0.0327654 0.983532 -0.1804 -0.0110092 0.890493 -0.454529 0.0206059 0.964168 -0.265294 -0.000429264 0.953729 -0.300457 -0.0112113 0.946937 -0.321372 0.0054673 0.963127 -0.268982 0.00597258 0.962131 -0.272454 -0.00851654 0.963471 -0.266838 -0.0228307 0.961899 -0.270045 -0.0427404 0.972943 -0.227716 -0.0390915 0.967598 -0.251485 -0.0225775 0.985308 -0.16405 -0.0474865 0.998144 -0.0538992 -0.0283434 0.998333 0.00363911 -0.0575953 0.99044 -0.137878 0.00431433 0.951511 -0.244187 0.187082 0.948795 -0.178816 0.260408 0.980162 -0.185068 0.0709335 0.989996 -0.139359 0.022056 0.997455 -0.0281867 -0.0654889 0.974247 -0.224619 0.01974 0.945128 -0.314407 0.0887761 0.894281 -0.440281 0.0800836 0.859559 -0.498468 0.112641 0.923472 -0.363164 0.123739 0.802963 -0.571463 0.169352 0.777873 -0.624087 0.0736836 0.675773 -0.727403 0.119231 0.50303 -0.728152 0.46557 0.821302 -0.461539 0.335327 0.0725039 -0.917508 0.391052 0.630228 -0.77641 0.000467175 -0.119367 -0.992772 0.0124752 -0.214105 -0.654532 0.725084 0.390571 -0.534749 0.749332 -0.651488 -0.757115 0.048386 0.135534 -0.92926 -0.343667 -0.204025 -0.751842 -0.626983 0.729448 -0.361405 -0.580769 0.753587 -0.487824 -0.440606 0.924257 -0.24345 -0.294076 0.930008 -0.151729 -0.334758 0.403522 -0.53873 -0.739554 0.486718 -0.721129 -0.49303 0.778563 -0.597982 -0.190411 0.889207 -0.420278 -0.180771 0.674893 -0.727619 -0.122841 0.792804 -0.605508 -0.0694386 0.861083 -0.497852 -0.103341 0.748222 -0.663446 -0.00174006 0.828098 -0.560535 -0.00729534 0.890818 -0.453982 -0.0185328 0.837896 -0.543924 0.045575 0.919052 -0.394069 -0.00731111 0.957445 -0.28861 0.00153401 0.965428 -0.260665 0.00136442 0.97716 -0.212363 0.00770544 0.923595 -0.381739 -0.0353157 0.954028 -0.293712 -0.0597023 0.931053 -0.35049 -0.101479 0.98701 -0.155629 -0.0398887 0.980719 -0.183881 -0.0661674 0.965052 -0.226252 -0.132227 0.792772 -0.353434 0.496585 0.766442 0.0975982 -0.634855 0.738302 0.242351 -0.629425 0.774781 0.0620733 -0.629175 0.787069 -0.0536745 -0.614525 0.798781 -0.0773536 -0.596629 0.724902 0.175771 -0.66605 0.634869 0.388244 -0.667988 0.729047 0.336771 -0.595882 0.742949 0.292399 -0.602104 0.610556 0.576151 -0.543389 0.652616 0.572761 -0.496021 0.72912 0.24153 -0.640349 0.763134 0.0998874 -0.638474 0.697053 0.504295 -0.509709 0.789904 0.116357 -0.602091 0.782914 0.00927896 -0.622061 0.770431 0.0681184 -0.633874 0.753168 0.203339 -0.625612 0.759416 0.429579 -0.488621 0.807202 0.366279 -0.462887 0.786436 -0.0993471 -0.60963 0.760978 -0.256094 -0.596094 0.781642 -0.207448 -0.588219 0.782653 -0.0915435 -0.61569 0.782496 -0.0250802 -0.622151 0.788996 -0.0712405 -0.610253 0.894054 -0.426323 0.137535 0.945846 -0.318873 -0.06078 0.876698 -0.429137 -0.217353 0.779559 -0.618091 -0.10125 0.848957 -0.375321 -0.372031 0.761593 -0.479406 -0.436058 0.836932 -0.393957 -0.379925 0.767478 -0.457008 -0.44958 0.818481 -0.378688 -0.432069 0.771701 -0.436535 -0.46251 0.832578 -0.186229 -0.521663 0.874327 -0.18704 -0.447848 0.742331 0.130319 -0.657238 0.731154 0.129747 -0.669761 0.89264 -0.163002 -0.420268 0.737461 0.134172 -0.661928 0.497164 0.448567 -0.742708 0.561391 0.414792 -0.716092 0.908324 -0.199629 -0.367552 0.707762 0.118045 -0.696519 0.30211 0.465043 -0.832144 -0.0962719 0.793502 -0.600905 0.282722 0.713665 -0.640898 0.673629 0.133613 -0.726892 0.188336 0.390199 -0.901263 -0.336954 0.707676 -0.621012 -0.362426 0.929733 -0.0651447 -0.125981 0.976217 -0.176436 0.479833 0.786931 0.387943 0.296899 0.605847 0.738106 0.407716 0.797503 0.444697 0.522109 0.840568 0.144385 0.206608 0.960105 0.188443 0.0772949 0.895927 0.437425 0.61693 0.767376 -0.174732 0.41556 0.89821 -0.143281 0.216206 0.906241 -0.363294 0.503853 0.81577 -0.283991 0.362632 0.82517 -0.43312 0.426769 0.639544 -0.639415 0.493358 0.717006 -0.492443 0.515417 0.584048 -0.627083 0.589606 0.397096 -0.703335 0.616736 0.488963 -0.616888 0.741383 0.268936 -0.614837 0.771949 0.0953443 -0.628494 0.779899 0.0349359 -0.62493 0.786315 -0.0358443 -0.616785 0.57843 0.710881 -0.400084 0.658754 0.67787 -0.326397 0.634151 0.737983 -0.230724 0.705406 0.698341 -0.121333 0.732495 0.618426 -0.284604 0.681169 0.731789 -0.0222388 0.782611 0.622261 0.0176459 0.824162 0.553382 -0.120518 0.561018 0.597102 0.573348 0.407027 0.41704 0.812654 0.816441 0.488357 -0.308109 0.93516 -0.13995 -0.325408 0.755454 -0.349059 -0.554479 0.787628 -0.242139 -0.566578 0.792853 -0.183201 -0.581225 0.756478 -0.312049 -0.574775 0.60297 -0.632904 -0.485655 0.703427 -0.519846 -0.484717 0.628604 -0.536723 -0.562837 0.758971 -0.161525 -0.630771 0.71666 -0.235088 -0.656607 0.663184 -0.374316 -0.648132 0.746663 -0.219902 -0.627804 0.780798 -0.112028 -0.614658 0.791041 -0.0490104 -0.609797 0.776969 -0.0716298 -0.62545 0.797251 0.00148854 -0.603646 0.788886 -0.0439152 -0.612969 0.833362 0.175273 -0.524201 0.79463 -0.149247 -0.588463 0.748584 -0.376097 -0.546052 0.795728 -0.111937 -0.59522 0.59533 -0.786561 0.164025 0.593096 -0.656456 0.466157 0.709141 -0.659886 -0.248335 0.719013 -0.612989 -0.327513 0.725243 -0.562074 -0.397613 0.618768 -0.719324 -0.315751 0.563999 -0.798647 -0.209923 0.47225 -0.789832 -0.391338 0.3917 -0.857243 -0.334223 0.486516 -0.866991 -0.10784 0.281467 -0.922413 -0.264443 0.332888 -0.794777 -0.507459 0.21287 -0.851209 -0.479717 -0.082881 -0.995543 -0.0450113 0.209102 -0.94491 0.251835 -0.160249 -0.910098 -0.382155 0.273469 -0.699476 -0.660263 -0.0442458 -0.753141 -0.656369 -0.424258 -0.833856 -0.353114 -0.366728 -0.928131 0.0639037 -0.265579 -0.696865 -0.666218 0.174279 -0.528561 -0.830813 0.0288171 -0.503204 -0.863687 0.740704 0.0307663 -0.671127 0.715054 0.0919677 -0.692993 0.914426 0.39827 -0.0721539 0.965814 0.245606 0.0829505 0.342209 -0.265735 -0.901265 0.412743 -0.272958 -0.868986 0.532276 -0.285419 -0.797006 0.710521 -0.000509332 -0.703676 0.391688 -0.504106 -0.769713 0.475332 -0.47447 -0.740903 0.594539 -0.276155 -0.755156 0.381042 -0.659829 -0.647637 0.509624 -0.592272 -0.624098 0.551693 -0.449101 -0.702811 0.45879 -0.71036 -0.53376 0.65098 -0.448645 -0.612326 0.748741 -0.278321 -0.601601 0.784334 -0.158572 -0.59973 0.790807 -0.0831782 -0.606387 0.651205 -0.264586 -0.711285 0.771901 -0.0475739 -0.633961 0.744489 -0.0256621 -0.667141 0.866392 0.243934 -0.43573 0.881816 0.271166 -0.385835 0.87617 0.330397 -0.350948 -0.00471582 -0.87456 0.484895 0.0701861 -0.164323 -0.983906 0.0840641 -0.193131 -0.977565 0.0682578 -0.212818 -0.974705 0.0639023 -0.220247 -0.973349 0.0944418 -0.340457 -0.935505 0.0993942 -0.255528 -0.961679 0.108993 -0.213274 -0.970894 -0.0825245 0.327074 -0.941389 -0.0136648 0.104763 -0.994403 -0.0902007 0.269732 -0.958702 -0.120249 0.397864 -0.90953 -0.0687908 0.358565 -0.930967 0.00349457 0.0791483 -0.996857 -0.0985246 0.453816 -0.885632 -2.73323e-06 0.316429 -0.948616 -2.23903e-06 -0.0302121 -0.999544 0.0216092 0.000503099 -0.999766 -0.0272535 0.360491 -0.932365 -0.0748566 0.574573 -0.815023 -1.5989e-06 0.63765 -0.770326 -5.71001e-06 -0.302896 -0.953024 -5.63125e-06 -0.471124 -0.882067 0.0547505 -0.425121 -0.903479 0.0401412 -0.279941 -0.959178 0.0410352 -0.257111 -0.96551 -5.16115e-06 -0.260592 -0.965449 -8.98404e-06 -0.783975 0.620793 0.240488 -0.92464 0.295309 0.143929 -0.918478 -0.36835 -7.58404e-06 -0.979767 -0.200141 0.108528 -0.670743 -0.733707 -6.0297e-06 -0.692485 -0.721432 0.0957898 -0.638008 -0.764049 -4.09257e-06 -0.657189 -0.753725 0.0803352 -0.570808 -0.817144 -5.45114e-06 -0.607742 -0.794134 0.13204 -0.484274 -0.864896 0.173015 -0.579552 -0.796358 0.221048 -0.476268 -0.851062 0.153279 -0.378985 -0.91262 0.215132 -0.653107 -0.726064 0.331905 -0.575986 -0.747047 0.273941 -0.311304 -0.90997 0.214506 -0.296416 -0.930658 0.340615 -0.854817 -0.391496 0.569346 -0.657576 -0.493395 0.458161 -0.345651 -0.81891 0.00738992 -0.000144073 -0.999973 0.00887373 0.00877703 -0.999922 0.746408 -0.573575 -0.337471 0.585247 -0.293719 -0.755787 0.0157221 0.0087918 -0.999838 -0.564772 0.3242 -0.758899 -0.454513 0.350363 -0.818941 -0.652783 0.720925 0.232684 -0.349012 0.70186 0.620953 -0.258564 0.94638 0.193676 -0.50037 0.862697 -0.0733707 -0.596519 0.669078 -0.443283 -0.766664 0.587276 -0.259485 -0.296912 0.789684 -0.536883 -0.353638 0.609557 -0.709493 -0.285152 0.342305 -0.895274 -0.249204 0.527177 -0.812392 -0.215839 0.315242 -0.924141 0.00298089 8.06688e-05 -0.999996 -0.16165 0.295454 -0.941582 0.00110314 0.0247501 -0.999693 0.16362 -0.260553 -0.951494 0.0439648 -0.0313922 -0.99854 0.08064 -0.175279 -0.981211 0.0795813 -0.216121 -0.973118 0.0460903 -0.25527 -0.965771 -3.57718e-06 -0.24258 -0.970131 -0.16973 0.460128 -0.871478 -0.148748 0.581917 -0.799529 -0.213476 0.68552 -0.696054 -0.120203 0.765263 -0.632396 -0.10961 0.729398 -0.675252 -0.149765 0.865578 -0.477855 -1.80828e-06 0.854122 -0.520073 -2.91131e-06 0.764483 -0.644643 -1.26623e-06 0.95152 0.307587 -1.42427e-06 0.617084 0.786897 -2.6054e-06 0.781968 -0.623319 0.546154 -0.837674 -0.00434235 -0.0701834 -0.164324 -0.983906 -0.0639006 -0.220247 -0.973349 -0.0682464 -0.212777 -0.974714 -0.0840537 -0.193092 -0.977574 -0.0993914 -0.255528 -0.961679 -0.09444 -0.340458 -0.935505 -0.108989 -0.213268 -0.970896 0.0825226 0.327076 -0.941388 0.120256 0.397861 -0.90953 0.0902113 0.269727 -0.958702 0.013667 0.104759 -0.994404 -0.0035023 0.079151 -0.996857 0.0687849 0.358568 -0.930966 0.0985223 0.453818 -0.885631 0.0272465 0.360491 -0.932365 -0.0216146 0.000503519 -0.999766 0.0748505 0.574572 -0.815024 -0.0401459 -0.279941 -0.959177 -0.0547601 -0.425152 -0.903464 -0.0410401 -0.25711 -0.96551 -0.143936 -0.918477 -0.368351 -0.240497 -0.924638 0.295307 -0.108538 -0.670741 -0.733707 -0.095796 -0.638007 -0.764048 -0.0803446 -0.570847 -0.817116 -0.132039 -0.484273 -0.864896 -0.173027 -0.579582 -0.796333 -0.15328 -0.378981 -0.912622 -0.221057 -0.476266 -0.851061 -0.215134 -0.65311 -0.726062 -0.331896 -0.575993 -0.747046 -0.214501 -0.296421 -0.930658 -0.273942 -0.311305 -0.90997 -0.569344 -0.657581 -0.493391 -0.340615 -0.854816 -0.391498 -0.458164 -0.345646 -0.818911 -0.00887151 0.00878443 -0.999922 -0.00738546 -0.00013804 -0.999973 -0.58525 -0.29372 -0.755785 -0.746411 -0.573565 -0.337481 -0.0157222 0.00879151 -0.999838 0.454513 0.350362 -0.818941 0.564772 0.3242 -0.758899 0.652787 0.720922 0.23268 0.500371 0.862696 -0.0733722 0.258566 0.946379 0.193678 0.34901 0.701875 0.620937 0.766663 0.587278 -0.259484 0.596521 0.669076 -0.443284 0.353636 0.609556 -0.709495 0.296932 0.789705 -0.53684 0.28515 0.342309 -0.895273 0.215834 0.315247 -0.92414 0.249198 0.527176 -0.812395 -0.00298047 7.87849e-05 -0.999996 -0.00110016 0.0247497 -0.999693 0.161652 0.295448 -0.941583 -0.16362 -0.260554 -0.951494 -0.0439593 -0.0313936 -0.99854 -0.0806348 -0.175279 -0.981211 -0.0795849 -0.216121 -0.973118 -0.0460959 -0.255269 -0.965771 0.169735 0.460126 -0.871478 0.148752 0.581916 -0.799529 0.213479 0.685519 -0.696054 0.109608 0.729397 -0.675253 0.120205 0.765262 -0.632396 0.149768 0.865577 -0.477855 -0.546157 -0.837672 -0.00434343 </float_array>
          <technique_common>
            <accessor count="1550" offset="0" source="#meshId0-bitangents-array" stride="3">
              <param name="X" type="float" />
              <param name="Y" type="float" />
              <param name="Z" type="float" />
            </accessor>
          </technique_common>
        </source>
        <source id="meshId0-tex0" name="meshId0-tex0">
          <float_array id="meshId0-tex0-array" count="3100"> 0.577917 0.183335 0.569197 0.199854 0.557405 0.190064 0.572154 0.172873 0.592429 0.159379 0.592268 0.179404 0.583938 0.205184 0.531594 0.258474 0.543479 0.244075 0.552855 0.260804 0.531969 0.276426 0.516964 0.251198 0.529956 0.231038 0.506577 0.274315 0.477412 0.218299 0.495789 0.19849 0.513366 0.216118 0.497333 0.237193 0.48036 0.261012 0.456726 0.240429 0.545284 0.144212 0.563444 0.124543 0.581277 0.142682 0.560684 0.1596 0.544021 0.177346 0.528794 0.162347 0.637119 0.045473 0.667303 0.0866961 0.658685 0.0912036 0.630007 0.0529918 0.649575 0.0959934 0.622569 0.0609091 0.636131 0.103654 0.611871 0.0724805 0.608557 0.125505 0.584774 0.102355 0.620309 0.145071 0.64323 0.136754 0.637216 0.166596 0.614138 0.173242 0.660633 0.134789 0.652921 0.169051 0.636366 0.214456 0.620582 0.21223 0.670776 0.134215 0.663121 0.170677 0.645403 0.218289 0.620889 0.276324 0.61318 0.270341 0.670475 0.175036 0.652794 0.221135 0.629057 0.278656 0.594627 0.331232 0.588396 0.326052 0.485076 0.359033 0.429606 0.342108 0.433612 0.333129 0.486837 0.349641 0.541989 0.348494 0.543986 0.356566 0.488546 0.340163 0.540064 0.339697 0.583382 0.31846 0.537527 0.32733 0.575733 0.306514 0.600674 0.259986 0.563229 0.282735 0.585049 0.24748 0.602139 0.209216 0.570522 0.234337 0.557009 0.222428 0.543562 0.210257 0.528644 0.196261 0.512584 0.180134 0.533332 0.304055 0.496601 0.302365 0.489666 0.328054 0.442687 0.313325 0.461861 0.287791 0.437585 0.324409 0.400659 0.30061 0.409347 0.29138 0.394119 0.307551 0.38774 0.314293 0.433594 0.265321 0.679645 0.13506 0.498723 0.105246 0.511935 0.114292 0.497917 0.129862 0.484415 0.113776 0.497862 0.0870552 0.521274 0.0923487 0.47292 0.0931041 0.438745 0.156469 0.422048 0.155731 0.431222 0.128782 0.449653 0.142241 0.463811 0.159462 0.446403 0.173798 0.425252 0.185123 0.459834 0.196262 0.478974 0.179007 0.437655 0.214594 0.528346 0.128327 0.542907 0.106688 0.513016 0.146082 0.589959 0.026617 0.594455 0.0178587 0.585547 0.0360266 0.579118 0.0499267 0.558835 0.0797996 0.53079 0.0599296 0.537055 0.0368209 0.49575 0.0569954 0.489847 0.0351898 0.53836 0.0216363 0.487737 0.0208396 0.443906 0.0463508 0.437489 0.035558 0.486723 0.0115978 0.539846 0.0115402 0.433537 0.0278622 0.3992 0.0625594 0.39209 0.0576253 0.430515 0.0200466 0.485668 0.00270731 0.385654 0.0517091 0.362658 0.101012 0.354481 0.098612 0.33868 0.217899 0.347901 0.216139 0.366288 0.269596 0.357495 0.273802 0.338866 0.155882 0.347299 0.156156 0.35676 0.155822 0.357297 0.21328 0.371602 0.102695 0.385141 0.106048 0.370481 0.155506 0.410085 0.069676 0.426965 0.0826184 0.405734 0.11272 0.45801 0.0648924 0.449402 0.107258 0.466206 0.126698 0.481178 0.144542 0.49654 0.162508 0.397146 0.15511 0.399276 0.197238 0.369743 0.210206 0.412214 0.235396 0.385428 0.259528 0.374744 0.265211 0.541233 0.00195313 0.0965488 0.288064 0.0945503 0.264442 0.112129 0.263214 0.110439 0.293705 0.104816 0.321905 0.0876723 0.302947 0.0791331 0.271953 0.101475 0.168785 0.097275 0.196355 0.0804928 0.190874 0.0914103 0.151621 0.117638 0.158143 0.115711 0.193345 0.117082 0.119305 0.162523 0.146187 0.160527 0.186232 0.137234 0.189396 0.13961 0.150873 0.145164 0.111292 0.166942 0.105294 0.155723 0.299822 0.154984 0.338867 0.128437 0.333592 0.131462 0.298228 0.133342 0.263112 0.157019 0.26241 0.158965 0.463963 0.114091 0.457257 0.117797 0.449031 0.157441 0.454152 0.119546 0.43778 0.157014 0.443536 0.122085 0.416963 0.156778 0.426029 0.124657 0.37229 0.154789 0.381704 0.0966611 0.35311 0.0860976 0.387598 0.063301 0.345018 0.075996 0.323091 0.0796122 0.409054 0.0540638 0.358571 0.0343098 0.304621 0.0477076 0.294128 0.0758075 0.420465 0.0465031 0.369626 0.0236248 0.311176 0.0126795 0.238465 0.0239056 0.237056 0.0385597 0.381038 0.0134566 0.318651 0.00355506 0.240179 0.0100164 0.159457 0.0185759 0.160121 0.0850312 0.0406688 0.138565 0.0114659 0.145806 0.0206722 0.0931232 0.0472815 0.0480403 0.0951505 0.0396526 0.0921479 0.0974468 0.0558183 0.0544228 0.101597 0.0256454 0.164054 0.0623422 0.111217 0.0358959 0.170366 0.0382329 0.235529 0.0605349 0.181391 0.0577705 0.234117 0.0626141 0.283133 0.0765163 0.232759 0.0944005 0.231201 0.113507 0.229037 0.135122 0.226831 0.158633 0.224718 0.0747851 0.127278 0.112088 0.0895075 0.102337 0.0677566 0.149476 0.0419826 0.145651 0.0708388 0.148512 0.0296115 0.188539 0.020955 0.182632 0.0323398 0.18993 0.0125372 0.186571 0.00195313 0.168775 0.0628241 0.0698801 0.426305 0.220331 0.282947 0.203463 0.291342 0.204917 0.257641 0.226511 0.256098 0.229959 0.299763 0.207065 0.325043 0.244026 0.261411 0.22462 0.154372 0.238929 0.136158 0.251012 0.174252 0.228867 0.182941 0.208227 0.18361 0.209219 0.146338 0.220126 0.11495 0.188922 0.145398 0.185081 0.184541 0.194814 0.10825 0.180593 0.297783 0.181715 0.337558 0.181418 0.260503 0.199275 0.441375 0.204697 0.449153 0.195421 0.431912 0.189713 0.417898 0.184249 0.386562 0.212635 0.369452 0.226624 0.387248 0.243348 0.325565 0.260571 0.339216 0.236489 0.398192 0.272534 0.346568 0.28884 0.277591 0.301043 0.280572 0.280247 0.351668 0.243242 0.40566 0.309321 0.283269 0.315155 0.209177 0.323988 0.20889 0.316614 0.288007 0.287723 0.356371 0.33264 0.212297 0.321086 0.140378 0.330176 0.14081 0.278546 0.0386287 0.271173 0.0464354 0.228535 0.02163 0.232503 0.0101301 0.312 0.0833339 0.303241 0.0859107 0.295725 0.0915139 0.265608 0.0541311 0.312723 0.144003 0.296933 0.152048 0.285003 0.100488 0.301858 0.211152 0.275861 0.215613 0.273365 0.164104 0.264321 0.270618 0.252247 0.218112 0.23122 0.219589 0.207232 0.221114 0.183033 0.222859 0.263751 0.115319 0.238289 0.0816338 0.256614 0.0637666 0.203538 0.0710589 0.215498 0.0385123 0.223815 0.0287104 0.25075 0.411489 0.758934 0.710499 0.746884 0.713706 0.747961 0.695032 0.762744 0.69575 0.776764 0.700822 0.766247 0.720597 0.749385 0.732399 0.70002 0.709449 0.713085 0.712952 0.708877 0.730823 0.690985 0.719474 0.697751 0.694529 0.714182 0.694404 0.681318 0.698953 0.699245 0.654804 0.716966 0.655677 0.715198 0.674823 0.697392 0.674917 0.678724 0.675949 0.680953 0.653196 0.767891 0.654907 0.784692 0.654692 0.782648 0.677806 0.766185 0.675607 0.74977 0.675011 0.75103 0.655376 0.856784 0.653553 0.853189 0.695118 0.842292 0.696475 0.845624 0.657419 0.830993 0.692936 0.833198 0.657327 0.815983 0.687079 0.818387 0.656081 0.799675 0.681652 0.801872 0.655077 0.791571 0.709706 0.807179 0.720536 0.789576 0.752925 0.778769 0.736033 0.821397 0.733838 0.796828 0.763705 0.762852 0.783085 0.759977 0.771835 0.829077 0.74109 0.801802 0.770961 0.76527 0.791229 0.724129 0.798119 0.724808 0.789016 0.807449 0.777124 0.768241 0.798126 0.723959 0.805841 0.682836 0.792149 0.686417 0.784802 0.620687 0.728875 0.608008 0.683457 0.616149 0.682627 0.628815 0.726041 0.653115 0.761409 0.646889 0.766457 0.637229 0.721984 0.659029 0.75498 0.689694 0.777227 0.666484 0.746159 0.694497 0.766042 0.725981 0.775881 0.701196 0.749674 0.727779 0.756366 0.755366 0.75402 0.728782 0.737607 0.730117 0.715212 0.731376 0.694993 0.732735 0.674979 0.734153 0.655776 0.678713 0.73201 0.662508 0.7057 0.646307 0.716026 0.63625 0.678725 0.658168 0.67735 0.625401 0.681003 0.625148 0.64524 0.636327 0.646766 0.615893 0.643598 0.608571 0.642415 0.660644 0.650489 0.837069 0.744736 0.764032 0.612759 0.766024 0.621699 0.752571 0.623237 0.754209 0.611902 0.771204 0.606899 0.779086 0.617795 0.758969 0.601909 0.715305 0.613021 0.710507 0.605588 0.726552 0.601268 0.726475 0.612323 0.723333 0.623874 0.709521 0.622028 0.697319 0.616048 0.703519 0.636606 0.719763 0.638365 0.687063 0.632411 0.767637 0.636316 0.783595 0.634134 0.751889 0.637804 0.842056 0.625813 0.856515 0.625679 0.829202 0.627227 0.815049 0.629206 0.799672 0.631594 0.792523 0.612557 0.806016 0.606748 0.781065 0.598869 0.791445 0.589855 0.818393 0.601307 0.801316 0.580514 0.772313 0.578883 0.778848 0.566629 0.810466 0.571148 0.830256 0.595911 0.785033 0.553809 0.752167 0.559941 0.755421 0.546568 0.792002 0.536868 0.820455 0.55957 0.761274 0.532556 0.720734 0.546642 0.719285 0.531871 0.650013 0.568536 0.655953 0.577112 0.629565 0.607842 0.622182 0.604336 0.68056 0.54072 0.686367 0.55595 0.691556 0.568484 0.663518 0.586108 0.721984 0.560087 0.72363 0.574337 0.697415 0.581415 0.74927 0.573588 0.746424 0.587523 0.725236 0.588294 0.765372 0.590713 0.743427 0.600174 0.740712 0.611867 0.73812 0.624029 0.735917 0.638557 0.704015 0.594372 0.685093 0.607051 0.673161 0.596214 0.670094 0.626158 0.653005 0.619152 0.639959 0.612649 0.844044 0.58981 0.450321 0.777701 0.453767 0.791 0.436277 0.789978 0.43694 0.77395 0.442988 0.76074 0.459707 0.771635 0.470214 0.789378 0.45528 0.839128 0.457064 0.826643 0.472791 0.831053 0.464069 0.847125 0.441615 0.841881 0.439337 0.825575 0.447337 0.85729 0.400889 0.8439 0.399836 0.825703 0.419906 0.825606 0.422178 0.843762 0.425603 0.862623 0.402019 0.863394 0.399084 0.773914 0.40066 0.756768 0.422612 0.755969 0.418829 0.772373 0.417658 0.789621 0.39865 0.791046 0.403044 0.692251 0.440703 0.695351 0.43976 0.702341 0.403271 0.698963 0.436882 0.712033 0.403427 0.708908 0.432743 0.725282 0.40327 0.722789 0.42771 0.740257 0.402301 0.739381 0.451898 0.748482 0.461542 0.736162 0.487752 0.754827 0.472945 0.763682 0.47007 0.725326 0.49969 0.746282 0.519081 0.776537 0.508359 0.78056 0.476232 0.716669 0.506041 0.740685 0.526796 0.773319 0.534123 0.811403 0.525766 0.811741 0.510965 0.734708 0.533539 0.769624 0.542465 0.810957 0.535627 0.852516 0.52796 0.849474 0.481343 0.915712 0.43984 0.929788 0.439822 0.922157 0.477728 0.907958 0.508595 0.882729 0.51429 0.888381 0.472056 0.899701 0.501673 0.877336 0.520108 0.846727 0.490702 0.869504 0.50846 0.842749 0.51389 0.811988 0.489441 0.836709 0.493556 0.811801 0.488121 0.785756 0.47486 0.810722 0.456621 0.809158 0.43765 0.807866 0.418374 0.807545 0.399006 0.808256 0.47598 0.857965 0.45503 0.873125 0.463922 0.888375 0.433873 0.899453 0.429676 0.881947 0.437409 0.91285 0.403483 0.916296 0.403286 0.90268 0.403368 0.926063 0.403097 0.933488 0.402806 0.883945 0.479575 0.709316 0.349267 0.787113 0.361476 0.783067 0.361635 0.796104 0.346802 0.796962 0.34249 0.780065 0.358119 0.769748 0.334555 0.793664 0.349815 0.833338 0.342973 0.84025 0.33571 0.825189 0.347383 0.822914 0.361989 0.823856 0.36172 0.837783 0.357817 0.852283 0.380002 0.841793 0.380041 0.825169 0.378582 0.86012 0.379348 0.778014 0.378475 0.761746 0.379532 0.793544 0.368379 0.705546 0.366294 0.697705 0.37118 0.714962 0.374281 0.728225 0.376788 0.744593 0.352915 0.755055 0.346612 0.740591 0.333347 0.769542 0.323431 0.758938 0.340638 0.729171 0.314481 0.750389 0.308922 0.782208 0.297566 0.777909 0.307358 0.744274 0.335304 0.720861 0.287986 0.774724 0.292998 0.808761 0.281793 0.80976 0.278338 0.771801 0.300502 0.738698 0.269154 0.811287 0.287664 0.845146 0.275192 0.851291 0.327484 0.911689 0.332709 0.903472 0.367639 0.919584 0.367039 0.927541 0.295606 0.885369 0.304635 0.8778 0.313296 0.870273 0.338041 0.894788 0.298401 0.840203 0.310429 0.83506 0.322867 0.861237 0.305301 0.808295 0.319282 0.808524 0.323148 0.829707 0.321734 0.787865 0.332806 0.809217 0.346124 0.809851 0.361584 0.809881 0.379678 0.809237 0.333397 0.850587 0.351535 0.868156 0.34431 0.883274 0.375898 0.879564 0.372847 0.89719 0.369861 0.910431 0.329908 0.713883 0.844845 0.129305 0.838163 0.138786 0.82939 0.129858 0.840128 0.120422 0.852303 0.114417 0.854474 0.130159 0.848745 0.146241 0.806788 0.167637 0.816219 0.160958 0.82245 0.173214 0.806399 0.178802 0.797777 0.163165 0.807521 0.151999 0.790213 0.177486 0.776348 0.14506 0.787782 0.133347 0.797636 0.143003 0.786723 0.155319 0.775327 0.169958 0.763413 0.158076 0.820104 0.0988502 0.83167 0.0865179 0.844243 0.099284 0.831401 0.109379 0.819683 0.12014 0.809227 0.110581 0.878897 0.0405 0.898369 0.0671094 0.891025 0.071359 0.872941 0.0462424 0.882898 0.075746 0.865896 0.0532971 0.872177 0.0814861 0.856773 0.062103 0.858382 0.0895649 0.844256 0.073715 0.86696 0.109653 0.881598 0.106224 0.88196 0.13416 0.868075 0.132055 0.892734 0.104276 0.893694 0.135709 0.884639 0.166888 0.873897 0.161551 0.901725 0.102669 0.902655 0.136528 0.893071 0.170581 0.872698 0.200091 0.866238 0.194028 0.910517 0.13703 0.90038 0.173192 0.878551 0.205366 0.8476 0.228847 0.844168 0.221527 0.773979 0.240176 0.737688 0.228149 0.741159 0.221042 0.775491 0.232265 0.810814 0.232541 0.811933 0.240297 0.777167 0.223192 0.809523 0.223482 0.84024 0.213703 0.80784 0.21157 0.834788 0.202656 0.85771 0.185517 0.828521 0.188477 0.847237 0.174009 0.861329 0.154339 0.837261 0.16149 0.827728 0.150556 0.818367 0.14091 0.808558 0.131447 0.798606 0.121988 0.806211 0.195307 0.782762 0.195033 0.779054 0.211827 0.75152 0.202737 0.762411 0.187052 0.745712 0.212982 0.722687 0.19685 0.730521 0.189313 0.71595 0.20337 0.710867 0.208279 0.748123 0.173099 0.910034 0.101156 0.788361 0.0807318 0.796834 0.0842561 0.788968 0.0942301 0.780665 0.0868296 0.787838 0.0715374 0.802207 0.0723562 0.774359 0.076748 0.757297 0.114111 0.74783 0.113758 0.752333 0.0996651 0.762909 0.105965 0.770604 0.11405 0.761177 0.122592 0.749159 0.128478 0.767673 0.133708 0.778696 0.123452 0.754534 0.143771 0.808162 0.0903473 0.817231 0.0773889 0.798759 0.101903 0.848551 0.0276387 0.85285 0.0199593 0.843744 0.0365332 0.837252 0.0480814 0.827055 0.0628151 0.807452 0.0574273 0.813293 0.0392644 0.787029 0.0570723 0.78576 0.0369986 0.815243 0.0262734 0.784124 0.0244848 0.757549 0.041585 0.752537 0.0334252 0.783168 0.0158764 0.816977 0.0167988 0.749096 0.0262073 0.725207 0.0522539 0.720207 0.04746 0.746105 0.0192445 0.782152 0.00771065 0.714941 0.0418393 0.698673 0.0760284 0.691415 0.0723531 0.681475 0.144956 0.689812 0.143285 0.699412 0.177403 0.692213 0.180723 0.680659 0.108023 0.688503 0.108942 0.697181 0.10996 0.700759 0.141495 0.706005 0.0795832 0.715552 0.084137 0.714794 0.11144 0.732727 0.0586598 0.749386 0.0746911 0.736704 0.0921206 0.766856 0.0622561 0.761853 0.0867448 0.771292 0.0959279 0.779874 0.10422 0.788929 0.112837 0.733005 0.112822 0.733758 0.133949 0.715599 0.139084 0.738167 0.155316 0.71757 0.169092 0.707696 0.173279 0.818548 0.00793969 0.88549 0.534634 0.883881 0.527703 0.893904 0.530224 0.893194 0.537932 0.890504 0.547258 0.88025 0.538805 0.874405 0.527602 0.886138 0.499098 0.884103 0.507975 0.875028 0.501072 0.881592 0.490306 0.893785 0.498934 0.894293 0.511565 0.892157 0.482886 0.910495 0.501553 0.911928 0.513783 0.903876 0.513135 0.902625 0.500701 0.901839 0.484147 0.910298 0.485856 0.915088 0.540785 0.915607 0.549345 0.903043 0.548944 0.904373 0.540293 0.904936 0.532349 0.914413 0.533341 0.915097 0.611104 0.890436 0.607326 0.892732 0.599725 0.91491 0.603921 0.894643 0.592124 0.914917 0.595783 0.89722 0.582587 0.915182 0.585288 0.900557 0.564655 0.915801 0.564449 0.88589 0.560978 0.879107 0.573271 0.862062 0.558917 0.871438 0.549119 0.874326 0.581662 0.8547 0.565598 0.839854 0.541778 0.847731 0.538067 0.870112 0.588383 0.849462 0.570424 0.833845 0.544693 0.829673 0.514096 0.836131 0.513352 0.843867 0.574636 0.828178 0.547273 0.822909 0.514711 0.829324 0.482587 0.8362 0.48451 0.867906 0.434013 0.895841 0.422893 0.897793 0.429972 0.872103 0.44091 0.850797 0.459661 0.844991 0.455157 0.8765 0.448826 0.856762 0.464572 0.842557 0.486428 0.86404 0.470272 0.851305 0.489396 0.84477 0.512443 0.863667 0.493507 0.858775 0.512034 0.860408 0.532224 0.871007 0.513807 0.882752 0.517772 0.894107 0.521311 0.90462 0.523276 0.913276 0.524101 0.874632 0.479174 0.889218 0.469219 0.88154 0.456731 0.901951 0.44877 0.902747 0.465823 0.899679 0.438748 0.919106 0.436636 0.917048 0.446516 0.920488 0.427584 0.921277 0.4214 0.913194 0.466469 0.86518 0.594871 0.938925 0.537585 0.933167 0.540177 0.931398 0.532741 0.939098 0.531342 0.943667 0.5409 0.936554 0.548084 0.946436 0.531449 0.93226 0.504193 0.935328 0.49666 0.941438 0.507936 0.935132 0.512644 0.927556 0.514137 0.925923 0.502406 0.927285 0.487193 0.918105 0.502162 0.919619 0.51408 0.918592 0.486501 0.924586 0.541427 0.926604 0.549421 0.923028 0.533479 0.937582 0.601099 0.939691 0.607677 0.936036 0.59368 0.933867 0.58349 0.93047 0.564239 0.943236 0.560542 0.952291 0.573874 0.952967 0.549127 0.964621 0.559814 0.95697 0.583021 0.972342 0.567075 0.971166 0.541849 0.980525 0.546357 0.977395 0.572244 0.960058 0.589757 0.988047 0.54937 0.981313 0.519309 0.990277 0.519875 0.994832 0.551001 0.982723 0.576409 0.998047 0.519886 0.984614 0.489274 0.992543 0.487942 0.963758 0.440391 0.957433 0.445164 0.939022 0.43358 0.943071 0.427601 0.980619 0.461054 0.97329 0.46347 0.965043 0.467768 0.950442 0.451526 0.975923 0.491109 0.963731 0.494423 0.954789 0.473552 0.969643 0.518365 0.954965 0.518011 0.95011 0.500604 0.957631 0.534377 0.946466 0.519691 0.938111 0.522124 0.929638 0.523731 0.921421 0.524189 0.942485 0.484036 0.932776 0.471599 0.942901 0.458829 0.922857 0.466896 0.929323 0.450294 0.934339 0.441247 0.963757 0.595784 0.704882 0.332612 0.717307 0.330508 0.716977 0.34635 0.700819 0.345352 0.685132 0.340933 0.696756 0.324374 0.713684 0.315899 0.762049 0.333687 0.749992 0.331288 0.752793 0.316106 0.769388 0.324663 0.76574 0.346767 0.750478 0.347513 0.780743 0.341345 0.76857 0.388295 0.750381 0.387747 0.751033 0.366607 0.768318 0.366069 0.786702 0.3638 0.787521 0.38848 0.69493 0.386645 0.675982 0.38681 0.678164 0.362554 0.696889 0.364476 0.715329 0.365531 0.71392 0.386822 0.601276 0.389173 0.605687 0.346636 0.614515 0.348324 0.610141 0.388774 0.623819 0.351384 0.621218 0.388501 0.638779 0.355819 0.637821 0.388108 0.658722 0.359753 0.656765 0.387475 0.668281 0.333765 0.650135 0.323462 0.673579 0.297763 0.684781 0.311852 0.639932 0.314525 0.665264 0.286054 0.697721 0.271183 0.702218 0.283952 0.632042 0.308863 0.65938 0.278111 0.694289 0.261013 0.731923 0.255458 0.732038 0.26628 0.653927 0.271976 0.691832 0.251293 0.73202 0.243544 0.771837 0.249725 0.768801 0.260916 0.840048 0.303491 0.857653 0.348526 0.849718 0.349671 0.832465 0.307329 0.803623 0.277537 0.808013 0.270071 0.824692 0.312159 0.797884 0.286038 0.765969 0.271114 0.790654 0.29683 0.762203 0.283851 0.732404 0.279249 0.757489 0.299241 0.732815 0.29552 0.707831 0.299226 0.733348 0.313083 0.733725 0.329923 0.733912 0.347039 0.733504 0.366214 0.732441 0.387166 0.77981 0.311373 0.797217 0.332114 0.816511 0.318978 0.824675 0.354559 0.806124 0.359776 0.838912 0.351303 0.840872 0.388662 0.826398 0.388655 0.851494 0.389007 0.858931 0.389676 0.807566 0.388683 0.624043 0.304409 0.70154 0.44285 0.698227 0.429234 0.71289 0.429053 0.712427 0.446237 0.695216 0.450618 0.684762 0.433704 0.709642 0.460587 0.755225 0.446428 0.762428 0.455113 0.745423 0.463817 0.742906 0.448566 0.745053 0.430671 0.760507 0.432008 0.775243 0.437336 0.765677 0.411033 0.748137 0.40969 0.783936 0.41392 0.695536 0.409108 0.678104 0.411481 0.713092 0.408654 0.618464 0.427903 0.610116 0.430307 0.62956 0.424324 0.64428 0.419865 0.660831 0.41533 0.671395 0.440724 0.658174 0.449013 0.686895 0.4611 0.678477 0.472549 0.64681 0.457025 0.670782 0.483331 0.702801 0.488454 0.699866 0.500573 0.664628 0.491993 0.637628 0.463812 0.697057 0.510485 0.730918 0.507278 0.732054 0.516924 0.694113 0.519639 0.659043 0.499378 0.732835 0.526696 0.766259 0.511116 0.770414 0.520798 0.831421 0.469738 0.823665 0.464142 0.842196 0.42779 0.8504 0.428703 0.803565 0.501391 0.797527 0.493012 0.791114 0.485613 0.815472 0.458693 0.762032 0.50246 0.756697 0.491586 0.782757 0.476674 0.729278 0.495361 0.727768 0.48096 0.75068 0.478494 0.706057 0.474783 0.726942 0.465366 0.727325 0.448625 0.728813 0.429901 0.730691 0.408983 0.772606 0.466033 0.790385 0.44452 0.804541 0.452168 0.802436 0.417648 0.819257 0.421475 0.832684 0.425129 0.630458 0.469586 0.477906 0.461154 0.487339 0.452128 0.489095 0.479062 0.476915 0.484747 0.457927 0.482183 0.46832 0.450583 0.481171 0.429865 0.535071 0.452534 0.520438 0.448373 0.523025 0.427023 0.543131 0.440661 0.541016 0.472758 0.521221 0.47438 0.56048 0.46656 0.544248 0.533785 0.522091 0.533827 0.522654 0.503737 0.543646 0.502167 0.565328 0.49887 0.565899 0.5337 0.479954 0.547217 0.452252 0.542771 0.455268 0.513342 0.479311 0.517751 0.491126 0.510324 0.493632 0.542761 0.374656 0.533523 0.37965 0.484302 0.386413 0.484139 0.381412 0.53317 0.392927 0.486689 0.388764 0.533129 0.402509 0.492046 0.399205 0.533201 0.428865 0.503539 0.425816 0.53798 0.435565 0.470085 0.418942 0.452352 0.440838 0.41573 0.45258 0.433629 0.41004 0.441841 0.43479 0.405739 0.466174 0.381187 0.468694 0.390674 0.404494 0.437245 0.431 0.400449 0.463986 0.375434 0.499452 0.366778 0.499798 0.373036 0.425115 0.397511 0.459419 0.371004 0.498879 0.360196 0.538158 0.368194 0.53484 0.373406 0.604303 0.433268 0.623973 0.485153 0.617296 0.485493 0.597477 0.434368 0.568532 0.396089 0.574189 0.393284 0.591988 0.43783 0.565079 0.401368 0.533185 0.379438 0.560809 0.40992 0.530902 0.389493 0.500099 0.383272 0.527595 0.405701 0.500373 0.400398 0.473113 0.407081 0.501083 0.419779 0.502378 0.445782 0.502651 0.474555 0.503571 0.504513 0.506344 0.53693 0.55338 0.424565 0.57536 0.45674 0.586129 0.444436 0.603555 0.490916 0.586838 0.495287 0.611102 0.487513 0.617386 0.533921 0.608904 0.533879 0.623836 0.533962 0.630135 0.534007 0.588601 0.533795 0.397938 0.435497 0.473415 0.616602 0.474056 0.601094 0.487476 0.601582 0.483643 0.620921 0.461652 0.624783 0.449615 0.600683 0.479883 0.639169 0.527679 0.619897 0.538523 0.629899 0.518267 0.643931 0.512237 0.624658 0.51198 0.598487 0.534072 0.598971 0.557673 0.60208 0.539623 0.567237 0.516651 0.566405 0.564009 0.56874 0.476615 0.5762 0.449013 0.572858 0.491795 0.575692 0.387857 0.58311 0.381128 0.582983 0.39442 0.580481 0.403745 0.575589 0.4255 0.572558 0.429285 0.605164 0.417412 0.617697 0.44863 0.638386 0.44033 0.653013 0.410176 0.626321 0.435006 0.662388 0.469246 0.677141 0.466742 0.686634 0.431231 0.66767 0.404693 0.630709 0.464581 0.692402 0.500324 0.694428 0.500029 0.700692 0.460029 0.696858 0.425319 0.67053 0.49951 0.70728 0.535139 0.693646 0.538504 0.698821 0.603196 0.633665 0.596369 0.632548 0.616349 0.582093 0.623032 0.582511 0.573804 0.673392 0.568134 0.670621 0.564615 0.665373 0.590861 0.629087 0.533415 0.687629 0.531012 0.677578 0.560229 0.65685 0.500568 0.684185 0.500799 0.667041 0.526638 0.66224 0.473774 0.66077 0.499307 0.649208 0.496574 0.625738 0.497469 0.59918 0.502594 0.57002 0.552017 0.643095 0.574098 0.610221 0.58495 0.622504 0.585841 0.572146 0.602628 0.576575 0.61016 0.580026 0.398106 0.632128 0.0910491 0.616906 0.103865 0.598288 0.118346 0.622413 0.0979752 0.639401 0.0761618 0.653151 0.0757123 0.616961 0.086008 0.582966 0.170414 0.559986 0.149248 0.566372 0.140913 0.544876 0.175343 0.544372 0.188221 0.573142 0.164379 0.589121 0.203852 0.557679 0.221776 0.612709 0.195188 0.631546 0.180201 0.610749 0.206282 0.592173 0.225231 0.576668 0.245029 0.596931 0.124468 0.685888 0.104714 0.704746 0.0890742 0.680462 0.10989 0.663827 0.132237 0.646138 0.146778 0.667755 0.0429669 0.759383 0.0218146 0.721074 0.0304852 0.717225 0.0520355 0.754567 0.0392131 0.711983 0.0596363 0.747206 0.0512075 0.705788 0.0694418 0.737231 0.0706828 0.694222 0.0878931 0.720058 0.0563333 0.663434 0.0365939 0.665474 0.0331313 0.615586 0.0537973 0.617989 0.0229164 0.667577 0.0193267 0.614319 0.0357451 0.557332 0.0456839 0.561996 0.0131846 0.670193 0.0102696 0.613969 0.0284624 0.554125 0.0700757 0.510884 0.0748444 0.51638 0.00195313 0.612599 0.0218056 0.55072 0.0654792 0.50486 0.124543 0.479348 0.126111 0.487074 0.236261 0.504012 0.278922 0.527287 0.275938 0.535993 0.231498 0.510564 0.188798 0.486959 0.190596 0.479719 0.22635 0.518151 0.186986 0.495018 0.127369 0.49473 0.184827 0.505779 0.129738 0.505704 0.0816531 0.524346 0.13442 0.522605 0.0931634 0.538439 0.0629641 0.570166 0.107598 0.554886 0.124859 0.577876 0.140508 0.604685 0.155484 0.628368 0.170247 0.649807 0.181716 0.523731 0.215871 0.54274 0.221813 0.527347 0.260629 0.551394 0.243285 0.562831 0.269325 0.542991 0.30281 0.564012 0.290898 0.569333 0.309793 0.558746 0.312511 0.54902 0.268854 0.583718 0.00418569 0.672073 0.167761 0.723875 0.154417 0.717094 0.174771 0.701556 0.186162 0.714366 0.162638 0.738206 0.135632 0.736012 0.192194 0.729917 0.246588 0.664908 0.263844 0.663021 0.24685 0.689196 0.231103 0.680589 0.220297 0.667222 0.243367 0.650253 0.271227 0.634971 0.234191 0.632504 0.208572 0.65059 0.262732 0.61509 0.139751 0.703945 0.119637 0.723318 0.161274 0.686313 0.0752475 0.777892 0.0693087 0.785321 0.0807267 0.769977 0.0878834 0.758797 0.102188 0.740736 0.12088 0.754028 0.114754 0.771963 0.156586 0.757689 0.154891 0.775176 0.110449 0.784101 0.154112 0.787387 0.20166 0.765072 0.204568 0.775135 0.153469 0.795859 0.107256 0.792869 0.206771 0.782709 0.252911 0.745861 0.257712 0.751781 0.209866 0.789877 0.155415 0.804191 0.262408 0.758471 0.29857 0.709512 0.304823 0.71474 0.341121 0.619059 0.332077 0.617913 0.325686 0.58194 0.334245 0.578348 0.330609 0.667102 0.323459 0.663314 0.315339 0.66214 0.323502 0.619533 0.291467 0.706311 0.281167 0.702025 0.304208 0.661533 0.245814 0.738161 0.234548 0.72646 0.265567 0.696551 0.197403 0.749049 0.222357 0.713211 0.209625 0.699108 0.197358 0.684961 0.184314 0.668707 0.285822 0.66118 0.294107 0.625508 0.313065 0.622008 0.288106 0.600019 0.308191 0.589785 0.31817 0.585563 0.106062 0.802069 0.598519 0.913643 0.594356 0.902222 0.611665 0.904446 0.612193 0.918015 0.610101 0.929823 0.592695 0.920681 0.580753 0.905851 0.602611 0.863941 0.598102 0.875513 0.583819 0.871727 0.595628 0.856012 0.616062 0.859678 0.614964 0.875368 0.61393 0.842394 0.65094 0.856083 0.65094 0.876766 0.632276 0.875303 0.633262 0.857018 0.632614 0.8385 0.65094 0.838306 0.65094 0.924612 0.65094 0.935871 0.630179 0.934478 0.630795 0.922681 0.630761 0.909548 0.65094 0.911748 0.65094 0.984582 0.624057 0.982154 0.624095 0.977511 0.65094 0.979467 0.624807 0.970341 0.65094 0.972029 0.626593 0.959778 0.65094 0.96096 0.628731 0.946954 0.65094 0.948153 0.606184 0.942601 0.601089 0.954897 0.576546 0.939514 0.58512 0.930678 0.596691 0.963527 0.570577 0.944812 0.551454 0.918759 0.55777 0.91623 0.593883 0.969135 0.567143 0.94829 0.547285 0.920753 0.541145 0.88961 0.545684 0.889463 0.564059 0.952034 0.543517 0.923284 0.536344 0.889864 0.543418 0.855679 0.547351 0.858029 0.594997 0.80488 0.624826 0.793993 0.625377 0.798958 0.59668 0.80951 0.567813 0.830751 0.565231 0.827028 0.598894 0.814042 0.571369 0.833923 0.551644 0.859714 0.57669 0.838095 0.558434 0.86201 0.552576 0.889434 0.56926 0.865851 0.564251 0.88934 0.568503 0.91185 0.576826 0.889057 0.593335 0.888153 0.612219 0.888197 0.63116 0.89394 0.65094 0.896474 0.58576 0.845747 0.609148 0.82876 0.6025 0.819226 0.628359 0.810488 0.630788 0.823128 0.626502 0.804005 0.65094 0.801315 0.65094 0.808726 0.65094 0.796031 0.65094 0.790925 0.65094 0.823759 0.591939 0.973482 0.703361 0.913643 0.689688 0.918015 0.690215 0.904445 0.707524 0.902222 0.709185 0.920681 0.691779 0.929823 0.721127 0.905851 0.699269 0.863941 0.706252 0.856012 0.718062 0.871727 0.703778 0.875512 0.686916 0.875368 0.685819 0.859677 0.68795 0.842393 0.668619 0.857018 0.669604 0.875303 0.669266 0.8385 0.671085 0.922681 0.671701 0.934478 0.671119 0.909548 0.677785 0.977511 0.677824 0.982154 0.677073 0.970341 0.675287 0.959778 0.673149 0.946954 0.695697 0.942601 0.700791 0.954896 0.71676 0.930678 0.725334 0.939514 0.705189 0.963526 0.731303 0.944812 0.74411 0.91623 0.750426 0.918759 0.734737 0.94829 0.707997 0.969135 0.754595 0.920753 0.756196 0.889463 0.760735 0.88961 0.758363 0.923284 0.737821 0.952034 0.765536 0.889864 0.754529 0.858029 0.758462 0.855678 0.706884 0.80488 0.7052 0.80951 0.676504 0.798958 0.677054 0.793993 0.736649 0.827028 0.734067 0.830751 0.730511 0.833922 0.702986 0.814043 0.750237 0.859714 0.743446 0.86201 0.72519 0.838095 0.749304 0.889434 0.737629 0.88934 0.73262 0.865851 0.733378 0.911849 0.725054 0.889057 0.708545 0.888153 0.689662 0.888197 0.67072 0.89394 0.716121 0.845747 0.692732 0.82876 0.69938 0.819226 0.671092 0.823128 0.673522 0.810488 0.675379 0.804005 0.709942 0.973481 </float_array>
          <technique_common>
            <accessor count="1550" offset="0" source="#meshId0-tex0-array" stride="2">
              <param name="S" type="float" />
              <param name="T" type="float" />
            </accessor>
          </technique_common>
        </source>
        <vertices id="meshId0-vertices">
          <input semantic="POSITION" source="#meshId0-positions" />
        </vertices>
        <polylist count="2880" material="defaultMaterial">
          <input offset="0" semantic="VERTEX" source="#meshId0-vertices" />
          <input offset="0" semantic="NORMAL" source="#meshId0-normals" />
          <input offset="0" semantic="TANGENT" source="#meshId0-tangents" />
          <input offset="0" semantic="BINORMAL" source="#meshId0-bitangents" />
          <input offset="0" semantic="TEXCOORD" source="#meshId0-tex0" set="0" />
          <vcount>3 3 3 3 3 3 3 3 3 3 3 3 3 3 3 3 3 3 3 3 3 3 3 3 3 3 3 3 3 3 3 3 3 3 3 3 3 3 3 3 3 3 3 3 3 3 3 3 3 3 3 3 3 3 3 3 3 3 3 3 3 3 3 3 3 3 3 3 3 3 3 3 3 3 3 3 3 3 3 3 3 3 3 3 3 3 3 3 3 3 3 3 3 3 3 3 3 3 3 3 3 3 3 3 3 3 3 3 3 3 3 3 3 3 3 3 3 3 3 3 3 3 3 3 3 3 3 3 3 3 3 3 3 3 3 3 3 3 3 3 3 3 3 3 3 3 3 3 3 3 3 3 3 3 3 3 3 3 3 3 3 3 3 3 3 3 3 3 3 3 3 3 3 3 3 3 3 3 3 3 3 3 3 3 3 3 3 3 3 3 3 3 3 3 3 3 3 3 3 3 3 3 3 3 3 3 3 3 3 3 3 3 3 3 3 3 3 3 3 3 3 3 3 3 3 3 3 3 3 3 3 3 3 3 3 3 3 3 3 3 3 3 3 3 3 3 3 3 3 3 3 3 3 3 3 3 3 3 3 3 3 3 3 3 3 3 3 3 3 3 3 3 3 3 3 3 3 3 3 3 3 3 3 3 3 3 3 3 3 3 3 3 3 3 3 3 3 3 3 3 3 3 3 3 3 3 3 3 3 3 3 3 3 3 3 3 3 3 3 3 3 3 3 3 3 3 3 3 3 3 3 3 3 3 3 3 3 3 3 3 3 3 3 3 3 3 3 3 3 3 3 3 3 3 3 3 3 3 3 3 3 3 3 3 3 3 3 3 3 3 3 3 3 3 3 3 3 3 3 3 3 3 3 3 3 3 3 3 3 3 3 3 3 3 3 3 3 3 3 3 3 3 3 3 3 3 3 3 3 3 3 3 3 3 3 3 3 3 3 3 3 3 3 3 3 3 3 3 3 3 3 3 3 3 3 3 3 3 3 3 3 3 3 3 3 3 3 3 3 3 3 3 3 3 3 3 3 3 3 3 3 3 3 3 3 3 3 3 3 3 3 3 3 3 3 3 3 3 3 3 3 3 3 3 3 3 3 3 3 3 3 3 3 3 3 3 3 3 3 3 3 3 3 3 3 3 3 3 3 3 3 3 3 3 3 3 3 3 3 3 3 3 3 3 3 3 3 3 3 3 3 3 3 3 3 3 3 3 3 3 3 3 3 3 3 3 3 3 3 3 3 3 3 3 3 3 3 3 3 3 3 3 3 3 3 3 3 3 3 3 3 3 3 3 3 3 3 3 3 3 3 3 3 3 3 3 3 3 3 3 3 3 3 3 3 3 3 3 3 3 3 3 3 3 3 3 3 3 3 3 3 3 3 3 3 3 3 3 3 3 3 3 3 3 3 3 3 3 3 3 3 3 3 3 3 3 3 3 3 3 3 3 3 3 3 3 3 3 3 3 3 3 3 3 3 3 3 3 3 3 3 3 3 3 3 3 3 3 3 3 3 3 3 3 3 3 3 3 3 3 3 3 3 3 3 3 3 3 3 3 3 3 3 3 3 3 3 3 3 3 3 3 3 3 3 3 3 3 3 3 3 3 3 3 3 3 3 3 3 3 3 3 3 3 3 3 3 3 3 3 3 3 3 3 3 3 3 3 3 3 3 3 3 3 3 3 3 3 3 3 3 3 3 3 3 3 3 3 3 3 3 3 3 3 3 3 3 3 3 3 3 3 3 3 3 3 3 3 3 3 3 3 3 3 3 3 3 3 3 3 3 3 3 3 3 3 3 3 3 3 3 3 3 3 3 3 3 3 3 3 3 3 3 3 3 3 3 3 3 3 3 3 3 3 3 3 3 3 3 3 3 3 3 3 3 3 3 3 3 3 3 3 3 3 3 3 3 3 3 3 3 3 3 3 3 3 3 3 3 3 3 3 3 3 3 3 3 3 3 3 3 3 3 3 3 3 3 3 3 3 3 3 3 3 3 3 3 3 3 3 3 3 3 3 3 3 3 3 3 3 3 3 3 3 3 3 3 3 3 3 3 3 3 3 3 3 3 3 3 3 3 3 3 3 3 3 3 3 3 3 3 3 3 3 3 3 3 3 3 3 3 3 3 3 3 3 3 3 3 3 3 3 3 3 3 3 3 3 3 3 3 3 3 3 3 3 3 3 3 3 3 3 3 3 3 3 3 3 3 3 3 3 3 3 3 3 3 3 3 3 3 3 3 3 3 3 3 3 3 3 3 3 3 3 3 3 3 3 3 3 3 3 3 3 3 3 3 3 3 3 3 3 3 3 3 3 3 3 3 3 3 3 3 3 3 3 3 3 3 3 3 3 3 3 3 3 3 3 3 3 3 3 3 3 3 3 3 3 3 3 3 3 3 3 3 3 3 3 3 3 3 3 3 3 3 3 3 3 3 3 3 3 3 3 3 3 3 3 3 3 3 3 3 3 3 3 3 3 3 3 3 3 3 3 3 3 3 3 3 3 3 3 3 3 3 3 3 3 3 3 3 3 3 3 3 3 3 3 3 3 3 3 3 3 3 3 3 3 3 3 3 3 3 3 3 3 3 3 3 3 3 3 3 3 3 3 3 3 3 3 3 3 3 3 3 3 3 3 3 3 3 3 3 3 3 3 3 3 3 3 3 3 3 3 3 3 3 3 3 3 3 3 3 3 3 3 3 3 3 3 3 3 3 3 3 3 3 3 3 3 3 3 3 3 3 3 3 3 3 3 3 3 3 3 3 3 3 3 3 3 3 3 3 3 3 3 3 3 3 3 3 3 3 3 3 3 3 3 3 3 3 3 3 3 3 3 3 3 3 3 3 3 3 3 3 3 3 3 3 3 3 3 3 3 3 3 3 3 3 3 3 3 3 3 3 3 3 3 3 3 3 3 3 3 3 3 3 3 3 3 3 3 3 3 3 3 3 3 3 3 3 3 3 3 3 3 3 3 3 3 3 3 3 3 3 3 3 3 3 3 3 3 3 3 3 3 3 3 3 3 3 3 3 3 3 3 3 3 3 3 3 3 3 3 3 3 3 3 3 3 3 3 3 3 3 3 3 3 3 3 3 3 3 3 3 3 3 3 3 3 3 3 3 3 3 3 3 3 3 3 3 3 3 3 3 3 3 3 3 3 3 3 3 3 3 3 3 3 3 3 3 3 3 3 3 3 3 3 3 3 3 3 3 3 3 3 3 3 3 3 3 3 3 3 3 3 3 3 3 3 3 3 3 3 3 3 3 3 3 3 3 3 3 3 3 3 3 3 3 3 3 3 3 3 3 3 3 3 3 3 3 3 3 3 3 3 3 3 3 3 3 3 3 3 3 3 3 3 3 3 3 3 3 3 3 3 3 3 3 3 3 3 3 3 3 3 3 3 3 3 3 3 3 3 3 3 3 3 3 3 3 3 3 3 3 3 3 3 3 3 3 3 3 3 3 3 3 3 3 3 3 3 3 3 3 3 3 3 3 3 3 3 3 3 3 3 3 3 3 3 3 3 3 3 3 3 3 3 3 3 3 3 3 3 3 3 3 3 3 3 3 3 3 3 3 3 3 3 3 3 3 3 3 3 3 3 3 3 3 3 3 3 3 3 3 3 3 3 3 3 3 3 3 3 3 3 3 3 3 3 3 3 3 3 3 3 3 3 3 3 3 3 3 3 3 3 3 3 3 3 3 3 3 3 3 3 3 3 3 3 3 3 3 3 3 3 3 3 3 3 3 3 3 3 3 3 3 3 3 3 3 3 3 3 3 3 3 3 3 3 3 3 3 3 3 3 3 3 3 3 3 3 3 3 3 3 3 3 3 3 3 3 3 3 3 3 3 3 3 3 3 3 3 3 3 3 3 3 3 3 3 3 3 3 3 3 3 3 3 3 3 3 3 3 3 3 3 3 3 3 3 3 3 3 3 3 3 3 3 3 3 3 3 3 3 3 3 3 3 3 3 3 3 3 3 3 3 3 3 3 3 3 3 3 3 3 3 3 3 3 3 3 3 3 3 3 3 3 3 3 3 3 3 3 3 3 3 3 3 3 3 3 3 3 3 3 3 3 3 3 3 3 3 3 3 3 3 3 3 3 3 3 3 3 3 3 3 3 3 3 3 3 3 3 3 3 3 3 3 3 3 3 3 3 3 3 3 3 3 3 3 3 3 3 3 3 3 3 3 3 3 3 3 3 3 3 3 3 3 3 3 3 3 3 3 3 3 3 3 3 3 3 3 3 3 3 3 3 3 3 3 3 3 3 3 3 3 3 3 3 3 3 3 3 3 3 3 3 3 3 3 3 3 3 3 3 3 3 3 3 3 3 3 3 3 3 3 3 3 3 3 3 3 3 3 3 3 3 3 3 3 3 3 3 3 3 3 3 3 3 3 3 3 3 3 3 3 3 3 3 3 3 3 3 3 3 3 3 3 3 3 3 3 3 3 3 3 3 3 3 3 3 3 3 3 3 3 3 3 3 3 3 3 3 3 3 3 3 3 3 3 3 3 3 3 3 3 3 3 3 3 3 3 3 3 3 3 3 3 3 3 3 3 3 3 3 3 3 3 3 3 3 3 3 3 3 3 3 3 3 3 3 3 3 3 3 3 3 3 3 3 3 3 3 3 3 3 3 3 3 3 3 3 3 3 3 3 3 3 3 3 3 3 3 3 3 3 3 3 3 3 3 3 3 3 3 3 3 3 3 3 3 3 3 3 3 3 3 3 3 3 3 3 3 3 3 3 3 3 3 3 3 3 3 3 3 3 3 3 3 3 3 3 3 3 3 3 3 3 3 3 3 3 3 3 3 3 3 3 3 3 3 3 3 3 3 3 3 3 3 3 3 3 3 3 3 3 3 3 3 3 3 3 3 3 3 3 3 3 3 3 3 3 3 3 3 3 3 3 3 3 3 3 3 3 3 3 3 3 3 3 3 3 3 3 3 3 3 3 3 3 3 3 3 3 3 3 3 3 3 3 3 3 3 3 3 3 3 3 3 3 3 3 3 3 3 3 3 3 3 3 3 3 3 3 3 3 3 3 3 3 3 3 3 3 3 3 3 3 3 3 3 3 3 3 3 3 3 3 3 3 3 3 3 3 3 3 3 3 3 3 3 3 3 3 3 3 3 3 3 3 3 3 3 3 3 3 3 3 3 3 3 3 3 3 3 3 3 3 3 3 3 3 3 3 3 3 3 3 3 3 3 3 3 3 3 3 3 3 3 3 3 3 3 3 3 3 3 3 3 3 3 3 3 3 3 3 3 3 3 3 3 3 3 3 3 3 3 3 3 3 3 3 3 3 3 3 3 3 3 3 3 3 3 3 3 3 3 3 3 3 3 3 3 3 3 3 3 3 3 3 3 3 3 3 3 3 3 3 3 3 3 3 3 3 3 3 3 3 3 3 3 3 3 3 3 3 3 3 3 3 3 3 3 3 3 3 3 3 3 3 3 3 3 3 3 3 3 3 3 3 3 3 3 3 3 3 3 3 3 3 3 3 3 3 3 3 3 3 3 3 3 3 3 3 3 3 3 3 3 3 3 3 3 3 3 3 3 3 3 3 3 3 3 3 3 3 3 3 3 3 3 3 3 3 3 3 3 3 3 3 3 3 3 3 3 3 3 3 3 3 3 3 3 3 3 3 3 3 3 3 3 3 3 3 3 3 3 3 3 3 3 3 3 3 3 3 3 3 3 3 3 3 3 3 3 3 3 3 3 3 3 3 3 3 3 3 3 3 3 3 3 3 3 3 3 3 3 3 3 3 3 3 3 3 3 3 3 3 3 3 3 3 3 3 3 3 3 3 3 3 3 3 3 3 3 3 3 3 3 3 3 3 3 3 3 3 3 3 3 3 3 3 3 3 3 3 3 3 3 3 3 3 3 3 3 3 3 3 3 3 3 3 3 3 3 3 3 3 3 3 3 3 3 3 3 3 3 3 3 3 3 3 3 3 3 3 3 3 3 3 3 3 3 3 3 3 3 3 3 3 3 3 3 3 3 3 3 3 3 3 3 3 3 3 3 3 3 3 3 3 3 3 3 3 3 3 3 3 3 3 3 3 3 3 3 3 3 3 3 3 3 3 3 3 3 3 3 3 3 3 3 3 3 3 3 3 3 3 3 3 3 3 3 3 3 3 3 3 3 3 3 3 3 3 3 3 3 3 3 3 3 3 3 3 3 3 3 3 3 3 3 3 3 3 3 3 3 3 3 3 3 3 3 3 3 3 3 3 3 3 3 3 3 3 3 3 3 3 3 3 3 3 3 3 3 3 3 3 3 3 3 3 3 3 3 3 3 3 3 3 3 3 3 3 3 3 3 3 3 3 3 3 3 3 3 3 3 3 3 3 3 3 3 3 3 3 3 3 3 3 3 3 3 3 3 3 3 3 3 3 3 3 3 3 3 3 3 3 3 3 3 3 3 3 3 3 3 3 3 3 3 3 3 3 3 3 3 3 3 3 3 3 3 3 3 3 3 3 3 </vcount>
          <p>3 0 1 1 2 3 5 0 3 3 4 5 1 0 5 5 6 1 10 7 8 8 9 10 8 7 11 11 12 8 11 7 10 10 13 11 17 14 15 15 16 17 19 14 17 17 18 19 23 20 21 21 22 23 25 20 23 23 24 25 29 26 27 27 28 29 31 29 28 28 30 31 33 31 30 30 32 33 35 33 32 32 34 35 21 35 34 34 22 21 22 34 36 36 4 22 36 34 32 32 37 36 36 37 38 38 39 36 40 37 32 32 30 40 38 37 40 40 41 38 38 41 42 42 43 38 45 41 40 40 44 45 42 41 45 45 46 42 42 46 47 47 48 42 50 46 45 45 49 50 47 46 50 50 51 47 47 51 52 52 53 47 57 54 55 55 56 57 59 54 57 57 58 59 61 58 57 57 60 61 53 58 61 61 62 53 59 58 53 53 52 59 64 62 61 61 63 64 48 62 64 64 65 48 53 62 48 48 47 53 67 65 64 64 66 67 43 65 67 67 68 43 48 65 43 43 42 48 6 68 67 67 69 6 39 68 6 6 5 39 43 68 39 39 38 43 70 69 9 9 8 70 6 69 70 70 1 6 9 69 67 67 66 9 71 70 8 8 12 71 1 70 71 71 2 1 72 71 12 12 16 72 2 71 72 72 24 2 73 72 16 16 15 73 24 72 73 73 25 24 9 66 74 74 10 9 74 66 64 64 63 74 10 74 75 75 13 10 75 74 63 63 76 75 75 76 77 77 78 75 60 76 63 63 61 60 77 76 60 60 79 77 77 79 80 80 81 77 56 79 60 60 57 56 80 79 56 56 82 80 83 82 56 56 55 83 77 81 84 84 78 77 78 84 19 19 18 78 75 78 18 18 13 75 49 45 44 44 85 49 28 44 40 40 30 28 85 44 28 28 27 85 36 39 5 5 4 36 2 24 23 23 3 2 3 23 22 22 4 3 13 18 17 17 11 13 11 17 16 16 12 11 89 86 87 87 88 89 87 86 90 90 91 87 90 86 89 89 92 90 96 93 94 94 95 96 98 93 96 96 97 98 94 93 98 98 99 94 15 14 100 100 101 15 100 14 19 19 102 100 21 20 103 103 104 21 103 20 25 25 105 103 107 26 29 29 106 107 106 29 31 31 108 106 108 31 33 33 109 108 109 33 35 35 110 109 110 35 21 21 104 110 111 110 104 104 91 111 109 110 111 111 112 109 114 112 111 111 113 114 109 112 115 115 108 109 115 112 114 114 116 115 118 116 114 114 117 118 115 116 119 119 120 115 119 116 118 118 121 119 123 121 118 118 122 123 119 121 124 124 125 119 124 121 123 123 126 124 128 126 123 123 127 128 132 129 130 130 131 132 130 129 133 133 134 130 130 134 135 135 136 130 135 134 127 127 137 135 127 134 133 133 128 127 135 137 138 138 139 135 138 137 122 122 140 138 122 137 127 127 123 122 138 140 141 141 142 138 141 140 117 117 143 141 117 140 122 122 118 117 141 143 92 92 144 141 92 143 113 113 90 92 113 143 117 117 114 113 95 144 145 145 96 95 145 144 92 92 89 145 141 144 95 95 142 141 96 145 146 146 97 96 146 145 89 89 88 146 97 146 147 147 101 97 147 146 88 88 105 147 101 147 73 73 15 101 73 147 105 105 25 73 148 142 95 95 94 148 138 142 148 148 139 138 149 148 94 94 99 149 139 148 149 149 150 139 152 150 149 149 151 152 139 150 136 136 135 139 136 150 152 152 153 136 80 153 152 152 81 80 136 153 131 131 130 136 131 153 80 80 82 131 131 82 83 83 132 131 84 81 152 152 151 84 19 84 151 151 102 19 102 151 149 149 99 102 120 119 125 125 154 120 115 120 106 106 108 115 106 120 154 154 107 106 90 113 111 111 91 90 103 105 88 88 87 103 104 103 87 87 91 104 100 102 99 99 98 100 101 100 98 98 97 101 158 155 156 156 157 158 160 155 158 158 159 160 156 155 160 160 161 156 165 162 163 163 164 165 163 162 166 166 167 163 166 162 165 165 168 166 172 169 170 170 171 172 174 169 172 172 173 174 178 175 176 176 177 178 180 175 178 178 179 180 184 181 182 182 183 184 186 184 183 183 185 186 188 186 185 185 187 188 190 188 187 187 189 190 176 190 189 189 177 176 177 189 191 191 159 177 191 189 187 187 192 191 191 192 193 193 194 191 195 192 187 187 185 195 193 192 195 195 196 193 193 196 197 197 198 193 200 196 195 195 199 200 197 196 200 200 201 197 197 201 202 202 203 197 205 201 200 200 204 205 202 201 205 205 206 202 202 206 207 207 208 202 212 209 210 210 211 212 214 209 212 212 213 214 216 213 212 212 215 216 208 213 216 216 217 208 214 213 208 208 207 214 219 217 216 216 218 219 203 217 219 219 220 203 208 217 203 203 202 208 222 220 219 219 221 222 198 220 222 222 223 198 203 220 198 198 197 203 161 223 222 222 224 161 194 223 161 161 160 194 198 223 194 194 193 198 225 224 164 164 163 225 161 224 225 225 156 161 164 224 222 222 221 164 226 225 163 163 167 226 156 225 226 226 157 156 227 226 167 167 171 227 157 226 227 227 179 157 228 227 171 171 170 228 179 227 228 228 180 179 164 221 229 229 165 164 229 221 219 219 218 229 165 229 230 230 168 165 230 229 218 218 231 230 230 231 232 232 233 230 215 231 218 218 216 215 232 231 215 215 234 232 232 234 235 235 236 232 211 234 215 215 212 211 235 234 211 211 237 235 238 237 211 211 210 238 232 236 239 239 233 232 233 239 174 174 173 233 230 233 173 173 168 230 204 200 199 199 240 204 183 199 195 195 185 183 240 199 183 183 182 240 191 194 160 160 159 191 157 179 178 178 158 157 158 178 177 177 159 158 168 173 172 172 166 168 166 172 171 171 167 166 244 241 242 242 243 244 242 241 245 245 246 242 245 241 244 244 247 245 251 248 249 249 250 251 253 248 251 251 252 253 249 248 253 253 254 249 170 169 255 255 256 170 255 169 174 174 257 255 176 175 258 258 259 176 258 175 180 180 260 258 262 181 184 184 261 262 261 184 186 186 263 261 263 186 188 188 264 263 264 188 190 190 265 264 265 190 176 176 259 265 266 265 259 259 246 266 264 265 266 266 267 264 269 267 266 266 268 269 264 267 270 270 263 264 270 267 269 269 271 270 273 271 269 269 272 273 270 271 274 274 275 270 274 271 273 273 276 274 278 276 273 273 277 278 274 276 279 279 280 274 279 276 278 278 281 279 283 281 278 278 282 283 287 284 285 285 286 287 285 284 288 288 289 285 285 289 290 290 291 285 290 289 282 282 292 290 282 289 288 288 283 282 290 292 293 293 294 290 293 292 277 277 295 293 277 292 282 282 278 277 293 295 296 296 297 293 296 295 272 272 298 296 272 295 277 277 273 272 296 298 247 247 299 296 247 298 268 268 245 247 268 298 272 272 269 268 250 299 300 300 251 250 300 299 247 247 244 300 296 299 250 250 297 296 251 300 301 301 252 251 301 300 244 244 243 301 252 301 302 302 256 252 302 301 243 243 260 302 256 302 228 228 170 256 228 302 260 260 180 228 303 297 250 250 249 303 293 297 303 303 294 293 304 303 249 249 254 304 294 303 304 304 305 294 307 305 304 304 306 307 294 305 291 291 290 294 291 305 307 307 308 291 235 308 307 307 236 235 291 308 286 286 285 291 286 308 235 235 237 286 286 237 238 238 287 286 239 236 307 307 306 239 174 239 306 306 257 174 257 306 304 304 254 257 275 274 280 280 309 275 270 275 261 261 263 270 261 275 309 309 262 261 245 268 266 266 246 245 258 260 243 243 242 258 259 258 242 242 246 259 255 257 254 254 253 255 256 255 253 253 252 256 313 310 311 311 312 313 315 310 313 313 314 315 311 310 315 315 316 311 320 317 318 318 319 320 318 317 321 321 322 318 321 317 320 320 323 321 327 324 325 325 326 327 329 324 327 327 328 329 333 330 331 331 332 333 335 330 333 333 334 335 339 336 337 337 338 339 341 339 338 338 340 341 343 341 340 340 342 343 345 343 342 342 344 345 331 345 344 344 332 331 332 344 346 346 314 332 346 344 342 342 347 346 346 347 348 348 349 346 350 347 342 342 340 350 348 347 350 350 351 348 348 351 352 352 353 348 355 351 350 350 354 355 352 351 355 355 356 352 352 356 357 357 358 352 360 356 355 355 359 360 357 356 360 360 361 357 357 361 362 362 363 357 367 364 365 365 366 367 369 364 367 367 368 369 371 368 367 367 370 371 363 368 371 371 372 363 369 368 363 363 362 369 374 372 371 371 373 374 358 372 374 374 375 358 363 372 358 358 357 363 377 375 374 374 376 377 353 375 377 377 378 353 358 375 353 353 352 358 316 378 377 377 379 316 349 378 316 316 315 349 353 378 349 349 348 353 380 379 319 319 318 380 316 379 380 380 311 316 319 379 377 377 376 319 381 380 318 318 322 381 311 380 381 381 312 311 382 381 322 322 326 382 312 381 382 382 334 312 383 382 326 326 325 383 334 382 383 383 335 334 319 376 384 384 320 319 384 376 374 374 373 384 320 384 385 385 323 320 385 384 373 373 386 385 385 386 387 387 388 385 370 386 373 373 371 370 387 386 370 370 389 387 387 389 390 390 391 387 366 389 370 370 367 366 390 389 366 366 392 390 393 392 366 366 365 393 387 391 394 394 388 387 388 394 329 329 328 388 385 388 328 328 323 385 359 355 354 354 395 359 338 354 350 350 340 338 395 354 338 338 337 395 346 349 315 315 314 346 312 334 333 333 313 312 313 333 332 332 314 313 323 328 327 327 321 323 321 327 326 326 322 321 399 396 397 397 398 399 397 396 400 400 401 397 400 396 399 399 402 400 406 403 404 404 405 406 408 403 406 406 407 408 404 403 408 408 409 404 325 324 410 410 411 325 410 324 329 329 412 410 331 330 413 413 414 331 413 330 335 335 415 413 417 336 339 339 416 417 416 339 341 341 418 416 418 341 343 343 419 418 419 343 345 345 420 419 420 345 331 331 414 420 421 420 414 414 401 421 419 420 421 421 422 419 424 422 421 421 423 424 419 422 425 425 418 419 425 422 424 424 426 425 428 426 424 424 427 428 425 426 429 429 430 425 429 426 428 428 431 429 433 431 428 428 432 433 429 431 434 434 435 429 434 431 433 433 436 434 438 436 433 433 437 438 442 439 440 440 441 442 440 439 443 443 444 440 440 444 445 445 446 440 445 444 437 437 447 445 437 444 443 443 438 437 445 447 448 448 449 445 448 447 432 432 450 448 432 447 437 437 433 432 448 450 451 451 452 448 451 450 427 427 453 451 427 450 432 432 428 427 451 453 402 402 454 451 402 453 423 423 400 402 423 453 427 427 424 423 405 454 455 455 406 405 455 454 402 402 399 455 451 454 405 405 452 451 406 455 456 456 407 406 456 455 399 399 398 456 407 456 457 457 411 407 457 456 398 398 415 457 411 457 383 383 325 411 383 457 415 415 335 383 458 452 405 405 404 458 448 452 458 458 449 448 459 458 404 404 409 459 449 458 459 459 460 449 462 460 459 459 461 462 449 460 446 446 445 449 446 460 462 462 463 446 390 463 462 462 391 390 446 463 441 441 440 446 441 463 390 390 392 441 441 392 393 393 442 441 394 391 462 462 461 394 329 394 461 461 412 329 412 461 459 459 409 412 430 429 435 435 464 430 425 430 416 416 418 425 416 430 464 464 417 416 400 423 421 421 401 400 413 415 398 398 397 413 414 413 397 397 401 414 410 412 409 409 408 410 411 410 408 408 407 411 468 465 466 466 467 468 470 465 468 468 469 470 466 465 470 470 471 466 475 472 473 473 474 475 473 472 476 476 477 473 476 472 475 475 478 476 482 479 480 480 481 482 484 479 482 482 483 484 488 485 486 486 487 488 490 485 488 488 489 490 494 491 492 492 493 494 496 494 493 493 495 496 498 496 495 495 497 498 500 498 497 497 499 500 486 500 499 499 487 486 487 499 501 501 469 487 501 499 497 497 502 501 501 502 503 503 504 501 505 502 497 497 495 505 503 502 505 505 506 503 503 506 507 507 508 503 510 506 505 505 509 510 507 506 510 510 511 507 507 511 512 512 513 507 515 511 510 510 514 515 512 511 515 515 516 512 512 516 517 517 518 512 522 519 520 520 521 522 524 519 522 522 523 524 526 523 522 522 525 526 518 523 526 526 527 518 524 523 518 518 517 524 529 527 526 526 528 529 513 527 529 529 530 513 518 527 513 513 512 518 532 530 529 529 531 532 508 530 532 532 533 508 513 530 508 508 507 513 471 533 532 532 534 471 504 533 471 471 470 504 508 533 504 504 503 508 535 534 474 474 473 535 471 534 535 535 466 471 474 534 532 532 531 474 536 535 473 473 477 536 466 535 536 536 467 466 537 536 477 477 481 537 467 536 537 537 489 467 538 537 481 481 480 538 489 537 538 538 490 489 474 531 539 539 475 474 539 531 529 529 528 539 475 539 540 540 478 475 540 539 528 528 541 540 540 541 542 542 543 540 525 541 528 528 526 525 542 541 525 525 544 542 542 544 545 545 546 542 521 544 525 525 522 521 545 544 521 521 547 545 548 547 521 521 520 548 542 546 549 549 543 542 543 549 484 484 483 543 540 543 483 483 478 540 514 510 509 509 550 514 493 509 505 505 495 493 550 509 493 493 492 550 501 504 470 470 469 501 467 489 488 488 468 467 468 488 487 487 469 468 478 483 482 482 476 478 476 482 481 481 477 476 554 551 552 552 553 554 552 551 555 555 556 552 555 551 554 554 557 555 561 558 559 559 560 561 563 558 561 561 562 563 559 558 563 563 564 559 480 479 565 565 566 480 565 479 484 484 567 565 486 485 568 568 569 486 568 485 490 490 570 568 572 491 494 494 571 572 571 494 496 496 573 571 573 496 498 498 574 573 574 498 500 500 575 574 575 500 486 486 569 575 576 575 569 569 556 576 574 575 576 576 577 574 579 577 576 576 578 579 574 577 580 580 573 574 580 577 579 579 581 580 583 581 579 579 582 583 580 581 584 584 585 580 584 581 583 583 586 584 588 586 583 583 587 588 584 586 589 589 590 584 589 586 588 588 591 589 593 591 588 588 592 593 597 594 595 595 596 597 595 594 598 598 599 595 595 599 600 600 601 595 600 599 592 592 602 600 592 599 598 598 593 592 600 602 603 603 604 600 603 602 587 587 605 603 587 602 592 592 588 587 603 605 606 606 607 603 606 605 582 582 608 606 582 605 587 587 583 582 606 608 557 557 609 606 557 608 578 578 555 557 578 608 582 582 579 578 560 609 610 610 561 560 610 609 557 557 554 610 606 609 560 560 607 606 561 610 611 611 562 561 611 610 554 554 553 611 562 611 612 612 566 562 612 611 553 553 570 612 566 612 538 538 480 566 538 612 570 570 490 538 613 607 560 560 559 613 603 607 613 613 604 603 614 613 559 559 564 614 604 613 614 614 615 604 617 615 614 614 616 617 604 615 601 601 600 604 601 615 617 617 618 601 545 618 617 617 546 545 601 618 596 596 595 601 596 618 545 545 547 596 596 547 548 548 597 596 549 546 617 617 616 549 484 549 616 616 567 484 567 616 614 614 564 567 585 584 590 590 619 585 580 585 571 571 573 580 571 585 619 619 572 571 555 578 576 576 556 555 568 570 553 553 552 568 569 568 552 552 556 569 565 567 564 564 563 565 566 565 563 563 562 566 623 620 621 621 622 623 625 620 623 623 624 625 621 620 625 625 626 621 630 627 628 628 629 630 628 627 631 631 632 628 631 627 630 630 633 631 637 634 635 635 636 637 639 634 637 637 638 639 643 640 641 641 642 643 645 640 643 643 644 645 649 646 647 647 648 649 651 649 648 648 650 651 653 651 650 650 652 653 655 653 652 652 654 655 641 655 654 654 642 641 642 654 656 656 624 642 656 654 652 652 657 656 656 657 658 658 659 656 660 657 652 652 650 660 658 657 660 660 661 658 658 661 662 662 663 658 665 661 660 660 664 665 662 661 665 665 666 662 662 666 667 667 668 662 670 666 665 665 669 670 667 666 670 670 671 667 667 671 672 672 673 667 677 674 675 675 676 677 679 674 677 677 678 679 681 678 677 677 680 681 673 678 681 681 682 673 679 678 673 673 672 679 684 682 681 681 683 684 668 682 684 684 685 668 673 682 668 668 667 673 687 685 684 684 686 687 663 685 687 687 688 663 668 685 663 663 662 668 626 688 687 687 689 626 659 688 626 626 625 659 663 688 659 659 658 663 690 689 629 629 628 690 626 689 690 690 621 626 629 689 687 687 686 629 691 690 628 628 632 691 621 690 691 691 622 621 692 691 632 632 636 692 622 691 692 692 644 622 693 692 636 636 635 693 644 692 693 693 645 644 629 686 694 694 630 629 694 686 684 684 683 694 630 694 695 695 633 630 695 694 683 683 696 695 695 696 697 697 698 695 680 696 683 683 681 680 697 696 680 680 699 697 697 699 700 700 701 697 676 699 680 680 677 676 700 699 676 676 702 700 703 702 676 676 675 703 697 701 704 704 698 697 698 704 639 639 638 698 695 698 638 638 633 695 669 665 664 664 705 669 648 664 660 660 650 648 705 664 648 648 647 705 656 659 625 625 624 656 622 644 643 643 623 622 623 643 642 642 624 623 633 638 637 637 631 633 631 637 636 636 632 631 709 706 707 707 708 709 707 706 710 710 711 707 710 706 709 709 712 710 716 713 714 714 715 716 718 713 716 716 717 718 714 713 718 718 719 714 635 634 720 720 721 635 720 634 639 639 722 720 641 640 723 723 724 641 723 640 645 645 725 723 727 646 649 649 726 727 726 649 651 651 728 726 728 651 653 653 729 728 729 653 655 655 730 729 730 655 641 641 724 730 731 730 724 724 711 731 729 730 731 731 732 729 734 732 731 731 733 734 729 732 735 735 728 729 735 732 734 734 736 735 738 736 734 734 737 738 735 736 739 739 740 735 739 736 738 738 741 739 743 741 738 738 742 743 739 741 744 744 745 739 744 741 743 743 746 744 748 746 743 743 747 748 752 749 750 750 751 752 750 749 753 753 754 750 750 754 755 755 756 750 755 754 747 747 757 755 747 754 753 753 748 747 755 757 758 758 759 755 758 757 742 742 760 758 742 757 747 747 743 742 758 760 761 761 762 758 761 760 737 737 763 761 737 760 742 742 738 737 761 763 712 712 764 761 712 763 733 733 710 712 733 763 737 737 734 733 715 764 765 765 716 715 765 764 712 712 709 765 761 764 715 715 762 761 716 765 766 766 717 716 766 765 709 709 708 766 717 766 767 767 721 717 767 766 708 708 725 767 721 767 693 693 635 721 693 767 725 725 645 693 768 762 715 715 714 768 758 762 768 768 759 758 769 768 714 714 719 769 759 768 769 769 770 759 772 770 769 769 771 772 759 770 756 756 755 759 756 770 772 772 773 756 700 773 772 772 701 700 756 773 751 751 750 756 751 773 700 700 702 751 751 702 703 703 752 751 704 701 772 772 771 704 639 704 771 771 722 639 722 771 769 769 719 722 740 739 745 745 774 740 735 740 726 726 728 735 726 740 774 774 727 726 710 733 731 731 711 710 723 725 708 708 707 723 724 723 707 707 711 724 720 722 719 719 718 720 721 720 718 718 717 721 778 775 776 776 777 778 780 775 778 778 779 780 776 775 780 780 781 776 785 782 783 783 784 785 783 782 786 786 787 783 786 782 785 785 788 786 792 789 790 790 791 792 794 789 792 792 793 794 798 795 796 796 797 798 800 795 798 798 799 800 804 801 802 802 803 804 806 804 803 803 805 806 808 806 805 805 807 808 810 808 807 807 809 810 796 810 809 809 797 796 797 809 811 811 779 797 811 809 807 807 812 811 811 812 813 813 814 811 815 812 807 807 805 815 813 812 815 815 816 813 813 816 817 817 818 813 820 816 815 815 819 820 817 816 820 820 821 817 817 821 822 822 823 817 825 821 820 820 824 825 822 821 825 825 826 822 822 826 827 827 828 822 832 829 830 830 831 832 834 829 832 832 833 834 836 833 832 832 835 836 828 833 836 836 837 828 834 833 828 828 827 834 839 837 836 836 838 839 823 837 839 839 840 823 828 837 823 823 822 828 842 840 839 839 841 842 818 840 842 842 843 818 823 840 818 818 817 823 781 843 842 842 844 781 814 843 781 781 780 814 818 843 814 814 813 818 845 844 784 784 783 845 781 844 845 845 776 781 784 844 842 842 841 784 846 845 783 783 787 846 776 845 846 846 777 776 847 846 787 787 791 847 777 846 847 847 799 777 848 847 791 791 790 848 799 847 848 848 800 799 784 841 849 849 785 784 849 841 839 839 838 849 785 849 850 850 788 785 850 849 838 838 851 850 850 851 852 852 853 850 835 851 838 838 836 835 852 851 835 835 854 852 852 854 855 855 856 852 831 854 835 835 832 831 855 854 831 831 857 855 858 857 831 831 830 858 852 856 859 859 853 852 853 859 794 794 793 853 850 853 793 793 788 850 824 820 819 819 860 824 803 819 815 815 805 803 860 819 803 803 802 860 811 814 780 780 779 811 777 799 798 798 778 777 778 798 797 797 779 778 788 793 792 792 786 788 786 792 791 791 787 786 864 861 862 862 863 864 862 861 865 865 866 862 865 861 864 864 867 865 871 868 869 869 870 871 873 868 871 871 872 873 869 868 873 873 874 869 790 789 875 875 876 790 875 789 794 794 877 875 796 795 878 878 879 796 878 795 800 800 880 878 882 801 804 804 881 882 881 804 806 806 883 881 883 806 808 808 884 883 884 808 810 810 885 884 885 810 796 796 879 885 886 885 879 879 866 886 884 885 886 886 887 884 889 887 886 886 888 889 884 887 890 890 883 884 890 887 889 889 891 890 893 891 889 889 892 893 890 891 894 894 895 890 894 891 893 893 896 894 898 896 893 893 897 898 894 896 899 899 900 894 899 896 898 898 901 899 903 901 898 898 902 903 907 904 905 905 906 907 905 904 908 908 909 905 905 909 910 910 911 905 910 909 902 902 912 910 902 909 908 908 903 902 910 912 913 913 914 910 913 912 897 897 915 913 897 912 902 902 898 897 913 915 916 916 917 913 916 915 892 892 918 916 892 915 897 897 893 892 916 918 867 867 919 916 867 918 888 888 865 867 888 918 892 892 889 888 870 919 920 920 871 870 920 919 867 867 864 920 916 919 870 870 917 916 871 920 921 921 872 871 921 920 864 864 863 921 872 921 922 922 876 872 922 921 863 863 880 922 876 922 848 848 790 876 848 922 880 880 800 848 923 917 870 870 869 923 913 917 923 923 914 913 924 923 869 869 874 924 914 923 924 924 925 914 927 925 924 924 926 927 914 925 911 911 910 914 911 925 927 927 928 911 855 928 927 927 856 855 911 928 906 906 905 911 906 928 855 855 857 906 906 857 858 858 907 906 859 856 927 927 926 859 794 859 926 926 877 794 877 926 924 924 874 877 895 894 900 900 929 895 890 895 881 881 883 890 881 895 929 929 882 881 865 888 886 886 866 865 878 880 863 863 862 878 879 878 862 862 866 879 875 877 874 874 873 875 876 875 873 873 872 876 933 930 931 931 932 933 935 930 933 933 934 935 931 930 935 935 936 931 940 937 938 938 939 940 938 937 941 941 942 938 941 937 940 940 943 941 947 944 945 945 946 947 949 944 947 947 948 949 953 950 951 951 952 953 955 950 953 953 954 955 959 956 957 957 958 959 961 959 958 958 960 961 963 961 960 960 962 963 965 963 962 962 964 965 951 965 964 964 952 951 952 964 966 966 934 952 966 964 962 962 967 966 966 967 968 968 969 966 970 967 962 962 960 970 968 967 970 970 971 968 968 971 972 972 973 968 975 971 970 970 974 975 972 971 975 975 976 972 972 976 977 977 978 972 980 976 975 975 979 980 977 976 980 980 981 977 977 981 982 982 983 977 987 984 985 985 986 987 989 984 987 987 988 989 991 988 987 987 990 991 983 988 991 991 992 983 989 988 983 983 982 989 994 992 991 991 993 994 978 992 994 994 995 978 983 992 978 978 977 983 997 995 994 994 996 997 973 995 997 997 998 973 978 995 973 973 972 978 936 998 997 997 999 936 969 998 936 936 935 969 973 998 969 969 968 973 1000 999 939 939 938 1000 936 999 1000 1000 931 936 939 999 997 997 996 939 1001 1000 938 938 942 1001 931 1000 1001 1001 932 931 1002 1001 942 942 946 1002 932 1001 1002 1002 954 932 1003 1002 946 946 945 1003 954 1002 1003 1003 955 954 939 996 1004 1004 940 939 1004 996 994 994 993 1004 940 1004 1005 1005 943 940 1005 1004 993 993 1006 1005 1005 1006 1007 1007 1008 1005 990 1006 993 993 991 990 1007 1006 990 990 1009 1007 1007 1009 1010 1010 1011 1007 986 1009 990 990 987 986 1010 1009 986 986 1012 1010 1013 1012 986 986 985 1013 1007 1011 1014 1014 1008 1007 1008 1014 949 949 948 1008 1005 1008 948 948 943 1005 979 975 974 974 1015 979 958 974 970 970 960 958 1015 974 958 958 957 1015 966 969 935 935 934 966 932 954 953 953 933 932 933 953 952 952 934 933 943 948 947 947 941 943 941 947 946 946 942 941 1019 1016 1017 1017 1018 1019 1017 1016 1020 1020 1021 1017 1020 1016 1019 1019 1022 1020 1026 1023 1024 1024 1025 1026 1028 1023 1026 1026 1027 1028 1024 1023 1028 1028 1029 1024 945 944 1030 1030 1031 945 1030 944 949 949 1032 1030 951 950 1033 1033 1034 951 1033 950 955 955 1035 1033 1037 956 959 959 1036 1037 1036 959 961 961 1038 1036 1038 961 963 963 1039 1038 1039 963 965 965 1040 1039 1040 965 951 951 1034 1040 1041 1040 1034 1034 1021 1041 1039 1040 1041 1041 1042 1039 1044 1042 1041 1041 1043 1044 1039 1042 1045 1045 1038 1039 1045 1042 1044 1044 1046 1045 1048 1046 1044 1044 1047 1048 1045 1046 1049 1049 1050 1045 1049 1046 1048 1048 1051 1049 1053 1051 1048 1048 1052 1053 1049 1051 1054 1054 1055 1049 1054 1051 1053 1053 1056 1054 1058 1056 1053 1053 1057 1058 1062 1059 1060 1060 1061 1062 1060 1059 1063 1063 1064 1060 1060 1064 1065 1065 1066 1060 1065 1064 1057 1057 1067 1065 1057 1064 1063 1063 1058 1057 1065 1067 1068 1068 1069 1065 1068 1067 1052 1052 1070 1068 1052 1067 1057 1057 1053 1052 1068 1070 1071 1071 1072 1068 1071 1070 1047 1047 1073 1071 1047 1070 1052 1052 1048 1047 1071 1073 1022 1022 1074 1071 1022 1073 1043 1043 1020 1022 1043 1073 1047 1047 1044 1043 1025 1074 1075 1075 1026 1025 1075 1074 1022 1022 1019 1075 1071 1074 1025 1025 1072 1071 1026 1075 1076 1076 1027 1026 1076 1075 1019 1019 1018 1076 1027 1076 1077 1077 1031 1027 1077 1076 1018 1018 1035 1077 1031 1077 1003 1003 945 1031 1003 1077 1035 1035 955 1003 1078 1072 1025 1025 1024 1078 1068 1072 1078 1078 1069 1068 1079 1078 1024 1024 1029 1079 1069 1078 1079 1079 1080 1069 1082 1080 1079 1079 1081 1082 1069 1080 1066 1066 1065 1069 1066 1080 1082 1082 1083 1066 1010 1083 1082 1082 1011 1010 1066 1083 1061 1061 1060 1066 1061 1083 1010 1010 1012 1061 1061 1012 1013 1013 1062 1061 1014 1011 1082 1082 1081 1014 949 1014 1081 1081 1032 949 1032 1081 1079 1079 1029 1032 1050 1049 1055 1055 1084 1050 1045 1050 1036 1036 1038 1045 1036 1050 1084 1084 1037 1036 1020 1043 1041 1041 1021 1020 1033 1035 1018 1018 1017 1033 1034 1033 1017 1017 1021 1034 1030 1032 1029 1029 1028 1030 1031 1030 1028 1028 1027 1031 1088 1085 1086 1086 1087 1088 1090 1085 1088 1088 1089 1090 1086 1085 1090 1090 1091 1086 1095 1092 1093 1093 1094 1095 1093 1092 1096 1096 1097 1093 1096 1092 1095 1095 1098 1096 1102 1099 1100 1100 1101 1102 1104 1099 1102 1102 1103 1104 1108 1105 1106 1106 1107 1108 1110 1105 1108 1108 1109 1110 1114 1111 1112 1112 1113 1114 1116 1114 1113 1113 1115 1116 1118 1116 1115 1115 1117 1118 1120 1118 1117 1117 1119 1120 1106 1120 1119 1119 1107 1106 1107 1119 1121 1121 1089 1107 1121 1119 1117 1117 1122 1121 1121 1122 1123 1123 1124 1121 1125 1122 1117 1117 1115 1125 1123 1122 1125 1125 1126 1123 1123 1126 1127 1127 1128 1123 1130 1126 1125 1125 1129 1130 1127 1126 1130 1130 1131 1127 1127 1131 1132 1132 1133 1127 1135 1131 1130 1130 1134 1135 1132 1131 1135 1135 1136 1132 1132 1136 1137 1137 1138 1132 1142 1139 1140 1140 1141 1142 1144 1139 1142 1142 1143 1144 1146 1143 1142 1142 1145 1146 1138 1143 1146 1146 1147 1138 1144 1143 1138 1138 1137 1144 1149 1147 1146 1146 1148 1149 1133 1147 1149 1149 1150 1133 1138 1147 1133 1133 1132 1138 1152 1150 1149 1149 1151 1152 1128 1150 1152 1152 1153 1128 1133 1150 1128 1128 1127 1133 1091 1153 1152 1152 1154 1091 1124 1153 1091 1091 1090 1124 1128 1153 1124 1124 1123 1128 1155 1154 1094 1094 1093 1155 1091 1154 1155 1155 1086 1091 1094 1154 1152 1152 1151 1094 1156 1155 1093 1093 1097 1156 1086 1155 1156 1156 1087 1086 1157 1156 1097 1097 1101 1157 1087 1156 1157 1157 1109 1087 1158 1157 1101 1101 1100 1158 1109 1157 1158 1158 1110 1109 1094 1151 1159 1159 1095 1094 1159 1151 1149 1149 1148 1159 1095 1159 1160 1160 1098 1095 1160 1159 1148 1148 1161 1160 1160 1161 1162 1162 1163 1160 1145 1161 1148 1148 1146 1145 1162 1161 1145 1145 1164 1162 1162 1164 1165 1165 1166 1162 1141 1164 1145 1145 1142 1141 1165 1164 1141 1141 1167 1165 1168 1167 1141 1141 1140 1168 1162 1166 1169 1169 1163 1162 1163 1169 1104 1104 1103 1163 1160 1163 1103 1103 1098 1160 1134 1130 1129 1129 1170 1134 1113 1129 1125 1125 1115 1113 1170 1129 1113 1113 1112 1170 1121 1124 1090 1090 1089 1121 1087 1109 1108 1108 1088 1087 1088 1108 1107 1107 1089 1088 1098 1103 1102 1102 1096 1098 1096 1102 1101 1101 1097 1096 1174 1171 1172 1172 1173 1174 1172 1171 1175 1175 1176 1172 1175 1171 1174 1174 1177 1175 1181 1178 1179 1179 1180 1181 1183 1178 1181 1181 1182 1183 1179 1178 1183 1183 1184 1179 1100 1099 1185 1185 1186 1100 1185 1099 1104 1104 1187 1185 1106 1105 1188 1188 1189 1106 1188 1105 1110 1110 1190 1188 1192 1111 1114 1114 1191 1192 1191 1114 1116 1116 1193 1191 1193 1116 1118 1118 1194 1193 1194 1118 1120 1120 1195 1194 1195 1120 1106 1106 1189 1195 1196 1195 1189 1189 1176 1196 1194 1195 1196 1196 1197 1194 1199 1197 1196 1196 1198 1199 1194 1197 1200 1200 1193 1194 1200 1197 1199 1199 1201 1200 1203 1201 1199 1199 1202 1203 1200 1201 1204 1204 1205 1200 1204 1201 1203 1203 1206 1204 1208 1206 1203 1203 1207 1208 1204 1206 1209 1209 1210 1204 1209 1206 1208 1208 1211 1209 1213 1211 1208 1208 1212 1213 1217 1214 1215 1215 1216 1217 1215 1214 1218 1218 1219 1215 1215 1219 1220 1220 1221 1215 1220 1219 1212 1212 1222 1220 1212 1219 1218 1218 1213 1212 1220 1222 1223 1223 1224 1220 1223 1222 1207 1207 1225 1223 1207 1222 1212 1212 1208 1207 1223 1225 1226 1226 1227 1223 1226 1225 1202 1202 1228 1226 1202 1225 1207 1207 1203 1202 1226 1228 1177 1177 1229 1226 1177 1228 1198 1198 1175 1177 1198 1228 1202 1202 1199 1198 1180 1229 1230 1230 1181 1180 1230 1229 1177 1177 1174 1230 1226 1229 1180 1180 1227 1226 1181 1230 1231 1231 1182 1181 1231 1230 1174 1174 1173 1231 1182 1231 1232 1232 1186 1182 1232 1231 1173 1173 1190 1232 1186 1232 1158 1158 1100 1186 1158 1232 1190 1190 1110 1158 1233 1227 1180 1180 1179 1233 1223 1227 1233 1233 1224 1223 1234 1233 1179 1179 1184 1234 1224 1233 1234 1234 1235 1224 1237 1235 1234 1234 1236 1237 1224 1235 1221 1221 1220 1224 1221 1235 1237 1237 1238 1221 1165 1238 1237 1237 1166 1165 1221 1238 1216 1216 1215 1221 1216 1238 1165 1165 1167 1216 1216 1167 1168 1168 1217 1216 1169 1166 1237 1237 1236 1169 1104 1169 1236 1236 1187 1104 1187 1236 1234 1234 1184 1187 1205 1204 1210 1210 1239 1205 1200 1205 1191 1191 1193 1200 1191 1205 1239 1239 1192 1191 1175 1198 1196 1196 1176 1175 1188 1190 1173 1173 1172 1188 1189 1188 1172 1172 1176 1189 1185 1187 1184 1184 1183 1185 1186 1185 1183 1183 1182 1186 1243 1240 1241 1241 1242 1243 1245 1240 1243 1243 1244 1245 1241 1240 1245 1245 1246 1241 1250 1247 1248 1248 1249 1250 1248 1247 1251 1251 1252 1248 1251 1247 1250 1250 1253 1251 1257 1254 1255 1255 1256 1257 1259 1254 1257 1257 1258 1259 1263 1260 1261 1261 1262 1263 1265 1260 1263 1263 1264 1265 1269 1266 1267 1267 1268 1269 1271 1269 1268 1268 1270 1271 1273 1271 1270 1270 1272 1273 1275 1273 1272 1272 1274 1275 1261 1275 1274 1274 1262 1261 1262 1274 1276 1276 1244 1262 1276 1274 1272 1272 1277 1276 1276 1277 1278 1278 1279 1276 1280 1277 1272 1272 1270 1280 1278 1277 1280 1280 1281 1278 1278 1281 1282 1282 1283 1278 1285 1281 1280 1280 1284 1285 1282 1281 1285 1285 1286 1282 1282 1286 1287 1287 1288 1282 1290 1286 1285 1285 1289 1290 1287 1286 1290 1290 1291 1287 1287 1291 1292 1292 1293 1287 1297 1294 1295 1295 1296 1297 1299 1294 1297 1297 1298 1299 1301 1298 1297 1297 1300 1301 1293 1298 1301 1301 1302 1293 1299 1298 1293 1293 1292 1299 1304 1302 1301 1301 1303 1304 1288 1302 1304 1304 1305 1288 1293 1302 1288 1288 1287 1293 1307 1305 1304 1304 1306 1307 1283 1305 1307 1307 1308 1283 1288 1305 1283 1283 1282 1288 1246 1308 1307 1307 1309 1246 1279 1308 1246 1246 1245 1279 1283 1308 1279 1279 1278 1283 1310 1309 1249 1249 1248 1310 1246 1309 1310 1310 1241 1246 1249 1309 1307 1307 1306 1249 1311 1310 1248 1248 1252 1311 1241 1310 1311 1311 1242 1241 1312 1311 1252 1252 1256 1312 1242 1311 1312 1312 1264 1242 1313 1312 1256 1256 1255 1313 1264 1312 1313 1313 1265 1264 1249 1306 1314 1314 1250 1249 1314 1306 1304 1304 1303 1314 1250 1314 1315 1315 1253 1250 1315 1314 1303 1303 1316 1315 1315 1316 1317 1317 1318 1315 1300 1316 1303 1303 1301 1300 1317 1316 1300 1300 1319 1317 1317 1319 1320 1320 1321 1317 1296 1319 1300 1300 1297 1296 1320 1319 1296 1296 1322 1320 1323 1322 1296 1296 1295 1323 1317 1321 1324 1324 1318 1317 1318 1324 1259 1259 1258 1318 1315 1318 1258 1258 1253 1315 1289 1285 1284 1284 1325 1289 1268 1284 1280 1280 1270 1268 1325 1284 1268 1268 1267 1325 1276 1279 1245 1245 1244 1276 1242 1264 1263 1263 1243 1242 1243 1263 1262 1262 1244 1243 1253 1258 1257 1257 1251 1253 1251 1257 1256 1256 1252 1251 1329 1326 1327 1327 1328 1329 1327 1326 1330 1330 1331 1327 1330 1326 1329 1329 1332 1330 1336 1333 1334 1334 1335 1336 1338 1333 1336 1336 1337 1338 1334 1333 1338 1338 1339 1334 1255 1254 1340 1340 1341 1255 1340 1254 1259 1259 1342 1340 1261 1260 1343 1343 1344 1261 1343 1260 1265 1265 1345 1343 1347 1266 1269 1269 1346 1347 1346 1269 1271 1271 1348 1346 1348 1271 1273 1273 1349 1348 1349 1273 1275 1275 1350 1349 1350 1275 1261 1261 1344 1350 1351 1350 1344 1344 1331 1351 1349 1350 1351 1351 1352 1349 1354 1352 1351 1351 1353 1354 1349 1352 1355 1355 1348 1349 1355 1352 1354 1354 1356 1355 1358 1356 1354 1354 1357 1358 1355 1356 1359 1359 1360 1355 1359 1356 1358 1358 1361 1359 1363 1361 1358 1358 1362 1363 1359 1361 1364 1364 1365 1359 1364 1361 1363 1363 1366 1364 1368 1366 1363 1363 1367 1368 1372 1369 1370 1370 1371 1372 1370 1369 1373 1373 1374 1370 1370 1374 1375 1375 1376 1370 1375 1374 1367 1367 1377 1375 1367 1374 1373 1373 1368 1367 1375 1377 1378 1378 1379 1375 1378 1377 1362 1362 1380 1378 1362 1377 1367 1367 1363 1362 1378 1380 1381 1381 1382 1378 1381 1380 1357 1357 1383 1381 1357 1380 1362 1362 1358 1357 1381 1383 1332 1332 1384 1381 1332 1383 1353 1353 1330 1332 1353 1383 1357 1357 1354 1353 1335 1384 1385 1385 1336 1335 1385 1384 1332 1332 1329 1385 1381 1384 1335 1335 1382 1381 1336 1385 1386 1386 1337 1336 1386 1385 1329 1329 1328 1386 1337 1386 1387 1387 1341 1337 1387 1386 1328 1328 1345 1387 1341 1387 1313 1313 1255 1341 1313 1387 1345 1345 1265 1313 1388 1382 1335 1335 1334 1388 1378 1382 1388 1388 1379 1378 1389 1388 1334 1334 1339 1389 1379 1388 1389 1389 1390 1379 1392 1390 1389 1389 1391 1392 1379 1390 1376 1376 1375 1379 1376 1390 1392 1392 1393 1376 1320 1393 1392 1392 1321 1320 1376 1393 1371 1371 1370 1376 1371 1393 1320 1320 1322 1371 1371 1322 1323 1323 1372 1371 1324 1321 1392 1392 1391 1324 1259 1324 1391 1391 1342 1259 1342 1391 1389 1389 1339 1342 1360 1359 1365 1365 1394 1360 1355 1360 1346 1346 1348 1355 1346 1360 1394 1394 1347 1346 1330 1353 1351 1351 1331 1330 1343 1345 1328 1328 1327 1343 1344 1343 1327 1327 1331 1344 1340 1342 1339 1339 1338 1340 1341 1340 1338 1338 1337 1341 1398 1395 1396 1396 1397 1398 1400 1395 1398 1398 1399 1400 1396 1395 1400 1400 1401 1396 1405 1402 1403 1403 1404 1405 1403 1402 1406 1406 1407 1403 1406 1402 1405 1405 1408 1406 1412 1409 1410 1410 1411 1412 1414 1409 1412 1412 1413 1414 1418 1415 1416 1416 1417 1418 1420 1415 1418 1418 1419 1420 1424 1421 1422 1422 1423 1424 1426 1424 1423 1423 1425 1426 1428 1426 1425 1425 1427 1428 1430 1428 1427 1427 1429 1430 1416 1430 1429 1429 1417 1416 1417 1429 1431 1431 1399 1417 1431 1429 1427 1427 1432 1431 1431 1432 1433 1433 1434 1431 1435 1432 1427 1427 1425 1435 1433 1432 1435 1435 1436 1433 1433 1436 1437 1437 1438 1433 1440 1436 1435 1435 1439 1440 1437 1436 1440 1440 1441 1437 1437 1441 1442 1442 1443 1437 1445 1441 1440 1440 1444 1445 1442 1441 1445 1445 1446 1442 1442 1446 1447 1447 1448 1442 1452 1449 1450 1450 1451 1452 1454 1449 1452 1452 1453 1454 1456 1453 1452 1452 1455 1456 1448 1453 1456 1456 1457 1448 1454 1453 1448 1448 1447 1454 1459 1457 1456 1456 1458 1459 1443 1457 1459 1459 1460 1443 1448 1457 1443 1443 1442 1448 1462 1460 1459 1459 1461 1462 1438 1460 1462 1462 1463 1438 1443 1460 1438 1438 1437 1443 1401 1463 1462 1462 1464 1401 1434 1463 1401 1401 1400 1434 1438 1463 1434 1434 1433 1438 1465 1464 1404 1404 1403 1465 1401 1464 1465 1465 1396 1401 1404 1464 1462 1462 1461 1404 1466 1465 1403 1403 1407 1466 1396 1465 1466 1466 1397 1396 1467 1466 1407 1407 1411 1467 1397 1466 1467 1467 1419 1397 1468 1467 1411 1411 1410 1468 1419 1467 1468 1468 1420 1419 1404 1461 1469 1469 1405 1404 1469 1461 1459 1459 1458 1469 1405 1469 1470 1470 1408 1405 1470 1469 1458 1458 1471 1470 1470 1471 1472 1472 1473 1470 1455 1471 1458 1458 1456 1455 1472 1471 1455 1455 1474 1472 1472 1474 1475 1475 1476 1472 1451 1474 1455 1455 1452 1451 1475 1474 1451 1451 1477 1475 1478 1477 1451 1451 1450 1478 1472 1476 1479 1479 1473 1472 1473 1479 1414 1414 1413 1473 1470 1473 1413 1413 1408 1470 1444 1440 1439 1439 1480 1444 1423 1439 1435 1435 1425 1423 1480 1439 1423 1423 1422 1480 1431 1434 1400 1400 1399 1431 1397 1419 1418 1418 1398 1397 1398 1418 1417 1417 1399 1398 1408 1413 1412 1412 1406 1408 1406 1412 1411 1411 1407 1406 1484 1481 1482 1482 1483 1484 1482 1481 1485 1485 1486 1482 1485 1481 1484 1484 1487 1485 1491 1488 1489 1489 1490 1491 1493 1488 1491 1491 1492 1493 1489 1488 1493 1493 1494 1489 1410 1409 1495 1495 1496 1410 1495 1409 1414 1414 1497 1495 1416 1415 1498 1498 1499 1416 1498 1415 1420 1420 1500 1498 1502 1421 1424 1424 1501 1502 1501 1424 1426 1426 1503 1501 1503 1426 1428 1428 1504 1503 1504 1428 1430 1430 1505 1504 1505 1430 1416 1416 1499 1505 1506 1505 1499 1499 1486 1506 1504 1505 1506 1506 1507 1504 1509 1507 1506 1506 1508 1509 1504 1507 1510 1510 1503 1504 1510 1507 1509 1509 1511 1510 1513 1511 1509 1509 1512 1513 1510 1511 1514 1514 1515 1510 1514 1511 1513 1513 1516 1514 1518 1516 1513 1513 1517 1518 1514 1516 1519 1519 1520 1514 1519 1516 1518 1518 1521 1519 1523 1521 1518 1518 1522 1523 1527 1524 1525 1525 1526 1527 1525 1524 1528 1528 1529 1525 1525 1529 1530 1530 1531 1525 1530 1529 1522 1522 1532 1530 1522 1529 1528 1528 1523 1522 1530 1532 1533 1533 1534 1530 1533 1532 1517 1517 1535 1533 1517 1532 1522 1522 1518 1517 1533 1535 1536 1536 1537 1533 1536 1535 1512 1512 1538 1536 1512 1535 1517 1517 1513 1512 1536 1538 1487 1487 1539 1536 1487 1538 1508 1508 1485 1487 1508 1538 1512 1512 1509 1508 1490 1539 1540 1540 1491 1490 1540 1539 1487 1487 1484 1540 1536 1539 1490 1490 1537 1536 1491 1540 1541 1541 1492 1491 1541 1540 1484 1484 1483 1541 1492 1541 1542 1542 1496 1492 1542 1541 1483 1483 1500 1542 1496 1542 1468 1468 1410 1496 1468 1542 1500 1500 1420 1468 1543 1537 1490 1490 1489 1543 1533 1537 1543 1543 1534 1533 1544 1543 1489 1489 1494 1544 1534 1543 1544 1544 1545 1534 1547 1545 1544 1544 1546 1547 1534 1545 1531 1531 1530 1534 1531 1545 1547 1547 1548 1531 1475 1548 1547 1547 1476 1475 1531 1548 1526 1526 1525 1531 1526 1548 1475 1475 1477 1526 1526 1477 1478 1478 1527 1526 1479 1476 1547 1547 1546 1479 1414 1479 1546 1546 1497 1414 1497 1546 1544 1544 1494 1497 1515 1514 1520 1520 1549 1515 1510 1515 1501 1501 1503 1510 1501 1515 1549 1549 1502 1501 1485 1508 1506 1506 1486 1485 1498 1500 1483 1483 1482 1498 1499 1498 1482 1482 1486 1499 1495 1497 1494 1494 1493 1495 1496 1495 1493 1493 1492 1496 </p>
        </polylist>
      </mesh>
    </geometry>
  </library_geometries>
  <library_visual_scenes>
    <visual_scene id="root" name="root">
      <node id="SM_GroundPebbles_01" name="SM_GroundPebbles_01">
        <matrix>1 0 0 0 0 1 0 0 0 0 1 0 0 0 0 1</matrix>
        <instance_geometry url="#meshId0">
          <bind_material>
            <technique_common>
              <instance_material symbol="defaultMaterial" target="#SM_GroundPebbles_01" />
            </technique_common>
          </bind_material>
        </instance_geometry>
      </node>
    </visual_scene>
  </library_visual_scenes>
  <scene>
    <instance_visual_scene url="#root" />
  </scene>
</COLLADA>
